Hours_Studied,Attendance,Parental_Involvement,Access_to_Resources,Extracurricular_Activities,Sleep_Hours,Previous_Scores,Motivation_Level,Tutoring_Sessions,Family_Income,Teacher_Quality,Peer_Influence,Physical_Activity,Learning_Disabilities,Parental_Education_Level,Distance_from_Home,Gender,Exam_Score,Parental_Involvement_Encoded,Motivation_Level_Encoded,School_Type_Private,School_Type_Public,Internet_Access_No,Internet_Access_Yes,Hours_Studied_Scaled,Attendance_Scaled
23,84,Low,High,No,7,73,Low,0,Low,Medium,Positive,3,No,High School,Near,Male,67,0,0,0,1,0,1,0.5049415064154527,0.34837540699138664
19,64,Low,Medium,No,8,59,Low,2,Medium,Medium,Negative,4,No,College,Moderate,Female,61,0,0,0,1,0,1,-0.16282241129609587,-1.3837360532878724
24,98,Medium,Medium,Yes,7,91,Medium,2,Medium,Medium,Neutral,4,No,Postgraduate,Near,Male,74,1,1,0,1,0,1,0.6718824858433398,1.5608534291868679
29,89,Low,Medium,Yes,8,98,Medium,1,Medium,Medium,Negative,4,No,High School,Moderate,Male,71,0,1,0,1,0,1,1.5065873829827754,0.7814032720612014
19,92,Medium,Medium,Yes,6,65,Medium,3,Medium,High,Neutral,4,No,College,Near,Female,70,1,1,0,1,0,1,-0.16282241129609587,1.0412199911030902
19,88,Medium,Medium,Yes,8,89,Medium,3,Medium,Medium,Positive,3,No,Postgraduate,Near,Male,71,1,1,0,1,0,1,-0.16282241129609587,0.6947976990472384
29,84,Medium,Low,Yes,7,68,Low,1,Low,Medium,Neutral,2,No,High School,Moderate,Male,67,1,0,1,0,0,1,1.5065873829827754,0.34837540699138664
25,78,Low,High,Yes,6,50,Medium,1,High,High,Negative,2,No,High School,Far,Male,66,0,1,0,1,0,1,0.8388234652712269,-0.1712580310923911
17,94,Medium,High,No,6,80,High,0,Medium,Low,Neutral,1,No,College,Near,Male,69,1,2,1,0,0,1,-0.49670437015187013,1.2144311371310161
23,98,Medium,Medium,Yes,8,71,Medium,0,High,High,Positive,5,No,High School,Moderate,Male,72,1,1,0,1,0,1,0.5049415064154527,1.5608534291868679
17,80,Low,High,No,8,88,Medium,4,Medium,High,Neutral,4,No,College,Moderate,Male,68,0,1,1,0,1,0,-0.49670437015187013,0.0019531149355348125
17,97,Medium,High,Yes,6,87,Low,2,Low,High,Neutral,2,No,High School,Near,Male,71,1,0,1,0,0,1,-0.49670437015187013,1.474247856172905
21,83,Medium,Medium,Yes,8,97,Low,2,Medium,Medium,Positive,4,No,High School,Near,Male,70,1,0,0,1,0,1,0.17105954755967837,0.26176983397742365
9,82,Medium,Medium,Yes,8,72,Medium,2,Medium,Medium,Positive,3,No,Postgraduate,Near,Male,66,1,1,1,0,0,1,-1.8322322055749671,0.17516426096346072
10,78,Medium,High,Yes,8,74,Medium,1,Low,Medium,Neutral,4,No,Postgraduate,Near,Male,65,1,1,1,0,0,1,-1.66529122614708,-0.1712580310923911
17,68,Medium,Medium,No,8,70,Medium,2,Medium,Medium,Positive,4,No,High School,Near,Female,64,1,1,1,0,0,1,-0.49670437015187013,-1.0373137612320207
14,60,Medium,Low,Yes,10,65,Low,0,High,Medium,Positive,3,No,College,Near,Male,60,1,0,1,0,0,1,-0.9975273084355315,-1.7301583453437241
22,70,Low,Medium,Yes,6,82,Medium,1,Low,High,Neutral,3,No,High School,Near,Female,65,0,1,0,1,0,1,0.3380005269875655,-0.8641026152040947
15,80,Medium,Medium,Yes,9,91,Low,3,Low,Medium,Positive,2,No,College,Moderate,Female,67,1,0,0,1,0,1,-0.8305863290076444,0.0019531149355348125
12,75,Medium,High,Yes,7,58,Medium,3,Medium,Medium,Positive,4,No,College,Near,Male,66,1,1,1,0,0,1,-1.3314092672913058,-0.4310747501342799
29,78,Medium,Medium,No,5,99,High,0,High,Medium,Negative,1,No,High School,Moderate,Female,69,1,2,0,1,0,1,1.5065873829827754,-0.1712580310923911
19,99,Medium,High,No,6,84,Medium,1,Medium,High,Neutral,3,No,High School,Near,Male,72,1,1,0,1,0,1,-0.16282241129609587,1.6474590022008309
20,74,Medium,High,No,8,89,Low,1,Medium,Medium,Negative,2,No,College,Moderate,Female,66,1,0,0,1,0,1,0.0041185681317912485,-0.5176803231482429
11,78,High,Medium,Yes,8,100,High,1,Low,Medium,Neutral,3,No,High School,Moderate,Male,66,2,2,0,1,0,1,-1.498350246719193,-0.1712580310923911
17,65,Low,High,Yes,5,75,Medium,2,Low,Medium,Positive,3,No,High School,Near,Female,63,0,1,0,1,0,1,-0.49670437015187013,-1.2971304802739094
21,62,High,Low,Yes,6,54,High,0,High,High,Positive,3,No,Postgraduate,Far,Male,64,2,2,0,1,0,1,0.17105954755967837,-1.5569471993157984
13,91,Low,Medium,No,6,90,Medium,1,High,Medium,Negative,2,Yes,High School,Moderate,Female,65,0,1,0,1,0,1,-1.1644682878634187,0.9546144180891273
22,83,High,High,Yes,6,94,Medium,0,High,Medium,Neutral,2,No,College,Moderate,Male,71,2,1,0,1,0,1,0.3380005269875655,0.26176983397742365
16,90,Medium,Medium,No,4,58,Medium,1,Low,Medium,Neutral,3,No,High School,Moderate,Female,66,1,1,0,1,0,1,-0.6636453495797573,0.8680088450751643
18,66,High,High,No,4,51,Low,2,Low,Medium,Neutral,2,No,College,Near,Male,64,2,0,1,0,0,1,-0.329763390723983,-1.2105249072599464
16,83,Low,Medium,No,6,57,Medium,0,High,Low,Positive,4,Yes,High School,Near,Female,63,0,1,0,1,0,1,-0.6636453495797573,0.26176983397742365
31,70,Medium,High,Yes,7,66,Medium,1,High,Medium,Negative,3,No,College,Near,Male,69,1,1,0,1,0,1,1.8404693418385496,-0.8641026152040947
20,69,Medium,Medium,Yes,8,96,Medium,2,Medium,High,Positive,3,No,High School,Near,Male,67,1,1,0,1,0,1,0.0041185681317912485,-0.9507081882180577
14,60,High,Medium,No,5,50,Medium,2,Medium,Medium,Neutral,3,No,College,Near,Female,61,2,1,0,1,0,1,-0.9975273084355315,-1.7301583453437241
25,65,High,Medium,No,5,90,Medium,2,Medium,Medium,Positive,3,No,College,Moderate,Female,68,2,1,0,1,0,1,0.8388234652712269,-1.2971304802739094
13,72,Low,Medium,No,6,93,Low,1,Low,Medium,Negative,3,No,High School,Near,Male,61,0,0,0,1,0,1,-1.1644682878634187,-0.6908914691761688
21,65,Medium,Low,Yes,7,91,Low,2,Medium,High,Positive,3,No,High School,Far,Female,64,1,0,0,1,0,1,0.17105954755967837,-1.2971304802739094
8,99,Medium,Medium,No,9,54,Low,2,Low,Medium,Neutral,5,No,Postgraduate,Near,Female,67,1,0,0,1,0,1,-1.9991731850028542,1.6474590022008309
12,72,Low,Medium,Yes,8,84,Medium,1,Low,Medium,Positive,5,No,High School,Near,Female,63,0,1,0,1,0,1,-1.3314092672913058,-0.6908914691761688
21,65,Low,Medium,Yes,6,98,Low,1,Medium,High,Negative,4,No,High School,Near,Male,64,0,0,0,1,0,1,0.17105954755967837,-1.2971304802739094
24,68,High,Medium,No,8,56,Low,3,High,High,Neutral,1,No,College,Near,Male,67,2,0,0,1,0,1,0.6718824858433398,-1.0373137612320207
21,84,Medium,Medium,Yes,6,52,Low,1,Medium,High,Neutral,2,Yes,College,Far,Female,65,1,0,0,1,0,1,0.17105954755967837,0.34837540699138664
19,63,Low,High,No,7,94,Medium,1,Medium,Medium,Positive,3,No,High School,Moderate,Male,64,0,1,1,0,0,1,-0.16282241129609587,-1.4703416263018354
18,94,Medium,High,Yes,7,82,Medium,3,Medium,Medium,Negative,2,Yes,College,Near,Male,70,1,1,1,0,0,1,-0.329763390723983,1.2144311371310161
11,98,Medium,Medium,Yes,9,82,Low,1,Medium,Medium,Positive,3,No,Postgraduate,Far,Male,68,1,0,1,0,0,1,-1.498350246719193,1.5608534291868679
16,70,Medium,Medium,Yes,8,98,Medium,2,Medium,Medium,Positive,3,No,High School,Moderate,Male,65,1,1,0,1,0,1,-0.6636453495797573,-0.8641026152040947
17,78,Medium,Medium,Yes,6,88,Medium,1,Medium,High,Positive,3,No,College,Near,Female,68,1,1,1,0,0,1,-0.49670437015187013,-0.1712580310923911
26,61,Medium,Low,Yes,6,70,Medium,2,Low,Medium,Positive,3,No,High School,Moderate,Female,64,1,1,0,1,0,1,1.005764444699114,-1.6435527723297614
22,86,Low,Medium,Yes,7,72,Low,3,Low,High,Positive,2,No,High School,Moderate,Male,68,0,0,0,1,0,1,0.3380005269875655,0.5215865530193126
9,77,Medium,Medium,No,5,57,Medium,2,Medium,High,Neutral,3,No,High School,Near,Male,63,1,1,0,1,0,1,-1.8322322055749671,-0.25786360410635406
22,71,Low,Medium,Yes,7,65,Low,1,Medium,Low,Positive,4,No,College,Moderate,Male,64,0,0,0,1,0,1,0.3380005269875655,-0.7774970421901317
18,68,High,Medium,No,7,72,Medium,0,Medium,Medium,Neutral,3,No,College,Near,Male,64,2,1,0,1,0,1,-0.329763390723983,-1.0373137612320207
16,86,Low,Medium,Yes,8,63,Medium,2,Medium,Medium,Positive,4,No,High School,Near,Male,67,0,1,0,1,0,1,-0.6636453495797573,0.5215865530193126
24,77,High,Low,No,8,96,Medium,0,Medium,Medium,Neutral,3,No,High School,Near,Female,67,2,1,0,1,0,1,0.6718824858433398,-0.25786360410635406
26,67,Medium,High,Yes,7,51,Low,2,High,High,Neutral,4,Yes,Postgraduate,Far,Female,66,1,0,1,0,0,1,1.005764444699114,-1.1239193342459837
26,88,Medium,High,Yes,5,79,Medium,1,Low,High,Positive,4,No,College,Moderate,Male,72,1,1,1,0,0,1,1.005764444699114,0.6947976990472384
15,83,Medium,High,No,5,89,Low,1,Medium,High,Neutral,2,Yes,High School,Near,Female,65,1,0,0,1,1,0,-0.8305863290076444,0.26176983397742365
18,94,Medium,Medium,Yes,6,87,High,1,Medium,Medium,Positive,4,No,High School,Near,Male,71,1,2,0,1,0,1,-0.329763390723983,1.2144311371310161
22,65,High,Low,No,8,82,Medium,2,Medium,High,Positive,1,No,Postgraduate,Near,Female,66,2,1,0,1,0,1,0.3380005269875655,-1.2971304802739094
26,91,Medium,Low,Yes,8,71,Medium,0,Low,Medium,Neutral,3,No,High School,Moderate,Male,68,1,1,1,0,0,1,1.005764444699114,0.9546144180891273
17,87,Medium,Medium,No,7,96,Medium,1,High,Medium,Negative,5,No,Postgraduate,Near,Female,70,1,1,0,1,0,1,-0.49670437015187013,0.6081921260332754
19,65,Medium,Medium,Yes,10,66,Low,0,Low,Medium,Positive,3,No,High School,Moderate,Male,62,1,0,0,1,0,1,-0.16282241129609587,-1.2971304802739094
13,88,Low,High,Yes,9,88,High,2,Low,High,Negative,4,No,Postgraduate,Far,Male,68,0,2,1,0,0,1,-1.1644682878634187,0.6947976990472384
13,78,Medium,High,Yes,9,96,High,2,Low,Medium,Neutral,3,No,College,Moderate,Male,67,1,2,0,1,0,1,-1.1644682878634187,-0.1712580310923911
25,98,Low,High,Yes,8,56,Medium,0,Medium,High,Neutral,3,No,Postgraduate,Near,Male,71,0,1,1,0,1,0,0.8388234652712269,1.5608534291868679
28,66,Medium,High,Yes,8,97,Medium,0,Medium,Medium,Neutral,2,No,High School,Near,Male,68,1,1,0,1,0,1,1.3396464035548883,-1.2105249072599464
20,86,Medium,Medium,Yes,8,89,Medium,1,Low,Medium,Negative,3,No,Postgraduate,Near,Male,69,1,1,0,1,0,1,0.0041185681317912485,0.5215865530193126
26,75,Low,High,Yes,4,81,High,3,Medium,High,Positive,2,No,High School,Moderate,Male,70,0,2,1,0,0,1,1.005764444699114,-0.4310747501342799
22,98,Medium,High,No,5,69,Low,1,Low,High,Negative,4,No,High School,Moderate,Female,69,1,0,0,1,1,0,0.3380005269875655,1.5608534291868679
16,73,Medium,Medium,No,7,95,Medium,1,Low,Medium,Negative,4,No,College,Near,Male,65,1,1,0,1,0,1,-0.6636453495797573,-0.6042858961622058
22,98,Medium,Low,Yes,7,52,Medium,3,Medium,Medium,Positive,3,No,College,Near,Female,70,1,1,0,1,1,0,0.3380005269875655,1.5608534291868679
29,96,Medium,Low,Yes,7,72,Medium,1,Low,Medium,Positive,3,No,High School,Moderate,Male,71,1,1,0,1,0,1,1.5065873829827754,1.3876422831589421
20,71,Medium,Medium,Yes,7,88,Medium,1,Low,Low,Neutral,4,No,College,Near,Female,65,1,1,0,1,0,1,0.0041185681317912485,-0.7774970421901317
29,92,Low,Medium,No,4,91,Medium,2,Medium,Medium,Negative,1,No,Postgraduate,Near,Female,72,0,1,0,1,0,1,1.5065873829827754,1.0412199911030902
4,100,High,High,Yes,8,60,High,0,Medium,High,Positive,4,No,College,Moderate,Male,69,2,2,1,0,0,1,-2.6669371027144027,1.7340645752147938
25,70,Medium,Medium,No,7,52,Medium,1,Medium,Medium,Positive,3,No,Postgraduate,Near,Female,66,1,1,0,1,0,1,0.8388234652712269,-0.8641026152040947
21,77,Low,Medium,Yes,7,90,Medium,4,Medium,Medium,Neutral,3,No,Postgraduate,Moderate,Male,68,0,1,1,0,0,1,0.17105954755967837,-0.25786360410635406
18,81,High,Low,Yes,8,71,Medium,0,Medium,Medium,Neutral,3,No,High School,Moderate,Female,65,2,1,0,1,0,1,-0.329763390723983,0.08855868794949777
21,72,Medium,Medium,Yes,5,57,Medium,1,High,Medium,Neutral,5,Yes,College,Moderate,Male,64,1,1,0,1,0,1,0.17105954755967837,-0.6908914691761688
8,61,Medium,Medium,Yes,7,54,Medium,1,High,Medium,Positive,3,No,College,Near,Male,60,1,1,0,1,0,1,-1.9991731850028542,-1.6435527723297614
19,69,Medium,High,Yes,7,82,High,1,Low,Medium,Negative,2,No,High School,Near,Male,65,1,2,0,1,0,1,-0.16282241129609587,-0.9507081882180577
22,71,High,Medium,No,6,79,High,1,Low,Low,Positive,3,No,High School,Near,Male,66,2,2,0,1,0,1,0.3380005269875655,-0.7774970421901317
29,78,High,High,Yes,4,93,Low,5,Medium,High,Neutral,3,No,College,Near,Male,74,2,0,0,1,0,1,1.5065873829827754,-0.1712580310923911
17,67,Medium,Medium,Yes,5,52,High,2,Medium,Medium,Negative,3,No,High School,Far,Female,62,1,2,1,0,0,1,-0.49670437015187013,-1.1239193342459837
15,95,Medium,Medium,No,7,93,Medium,2,Low,Medium,Positive,4,No,College,Moderate,Male,70,1,1,0,1,0,1,-0.8305863290076444,1.3010367101449791
17,88,Medium,High,Yes,7,94,Low,0,Medium,Medium,Neutral,3,No,High School,Near,Male,69,1,0,0,1,0,1,-0.49670437015187013,0.6947976990472384
25,63,Medium,High,Yes,7,72,Medium,3,Medium,High,Negative,4,No,College,Far,Male,67,1,1,1,0,0,1,0.8388234652712269,-1.4703416263018354
22,86,Low,Low,No,6,54,Medium,2,Medium,Medium,Neutral,0,No,High School,Moderate,Male,64,0,1,0,1,0,1,0.3380005269875655,0.5215865530193126
17,86,Medium,High,No,5,97,High,3,High,Medium,Neutral,3,No,College,Near,Male,71,1,2,0,1,0,1,-0.49670437015187013,0.5215865530193126
23,98,Medium,Low,Yes,7,54,Low,0,Medium,Medium,Negative,3,No,College,Near,Female,68,1,0,0,1,0,1,0.5049415064154527,1.5608534291868679
21,60,High,Medium,No,7,80,Medium,0,Medium,High,Neutral,4,Yes,College,Near,Male,64,2,1,0,1,0,1,0.17105954755967837,-1.7301583453437241
26,70,Medium,Low,Yes,8,75,Medium,1,Medium,Low,Neutral,4,Yes,High School,Far,Female,63,1,1,1,0,0,1,1.005764444699114,-0.8641026152040947
16,97,Medium,Medium,Yes,6,92,Low,0,High,Medium,Positive,4,No,College,Near,Male,71,1,0,1,0,0,1,-0.6636453495797573,1.474247856172905
18,97,High,Medium,Yes,4,75,Low,0,Low,Medium,Positive,3,No,High School,Moderate,Male,69,2,0,0,1,0,1,-0.329763390723983,1.474247856172905
18,89,High,Medium,Yes,4,73,Medium,3,High,Medium,Positive,2,No,College,Near,Female,100,2,1,1,0,0,1,-0.329763390723983,0.7814032720612014
11,91,Medium,Medium,No,6,94,Medium,3,Medium,Medium,Neutral,3,No,College,Moderate,Male,68,1,1,0,1,0,1,-1.498350246719193,0.9546144180891273
22,64,Low,Medium,No,7,98,Low,1,Medium,Medium,Negative,3,No,High School,Near,Male,62,0,0,0,1,1,0,0.3380005269875655,-1.3837360532878724
22,81,Medium,Medium,Yes,7,77,Low,2,Medium,Medium,Positive,3,No,Postgraduate,Far,Female,68,1,0,0,1,0,1,0.3380005269875655,0.08855868794949777
20,69,High,High,Yes,6,73,Medium,2,Low,Medium,Positive,3,No,High School,Far,Male,66,2,1,1,0,0,1,0.0041185681317912485,-0.9507081882180577
19,67,Low,Medium,No,5,92,High,0,Medium,Medium,Positive,3,No,College,Near,Male,64,0,2,0,1,0,1,-0.16282241129609587,-1.1239193342459837
12,92,Medium,Medium,No,4,92,High,2,Medium,High,Neutral,3,Yes,High School,Moderate,Male,67,1,2,0,1,0,1,-1.3314092672913058,1.0412199911030902
17,65,Medium,High,Yes,8,66,Medium,1,High,High,Neutral,4,Yes,Postgraduate,Moderate,Female,65,1,1,0,1,0,1,-0.49670437015187013,-1.2971304802739094
18,79,Medium,Medium,Yes,7,79,Medium,0,Low,High,Neutral,3,No,College,Far,Male,65,1,1,1,0,0,1,-0.329763390723983,-0.08465245807842814
15,98,High,Medium,No,6,58,High,0,Low,High,Positive,3,No,College,Near,Male,69,2,2,0,1,0,1,-0.8305863290076444,1.5608534291868679
19,67,Medium,Medium,No,5,82,High,1,Low,Low,Negative,3,No,High School,Near,Male,63,1,2,1,0,0,1,-0.16282241129609587,-1.1239193342459837
22,99,Medium,Low,Yes,6,92,Low,3,Medium,Medium,Negative,4,No,Postgraduate,Moderate,Male,72,1,0,0,1,0,1,0.3380005269875655,1.6474590022008309
31,100,Medium,Medium,No,7,59,Medium,2,High,High,Positive,5,No,Postgraduate,Moderate,Male,76,1,1,0,1,0,1,1.8404693418385496,1.7340645752147938
21,82,Medium,High,Yes,7,66,High,3,Low,Medium,Positive,3,Yes,College,Near,Female,69,1,2,0,1,0,1,0.17105954755967837,0.17516426096346072
22,67,Medium,Medium,Yes,7,72,High,3,Low,High,Positive,2,No,Postgraduate,Moderate,Female,67,1,2,0,1,0,1,0.3380005269875655,-1.1239193342459837
20,73,High,Medium,Yes,9,92,Medium,2,Medium,High,Positive,3,No,College,Near,Male,69,2,1,0,1,0,1,0.0041185681317912485,-0.6042858961622058
8,77,High,Medium,Yes,6,87,Medium,0,Low,Medium,Neutral,2,No,High School,Moderate,Male,63,2,1,0,1,0,1,-1.9991731850028542,-0.25786360410635406
20,72,Medium,Medium,No,9,66,Medium,3,Low,High,Positive,3,No,Postgraduate,Near,Male,67,1,1,1,0,0,1,0.0041185681317912485,-0.6908914691761688
20,71,Low,High,Yes,7,62,High,2,Medium,Medium,Negative,5,No,College,Near,Male,66,0,2,0,1,0,1,0.0041185681317912485,-0.7774970421901317
35,99,High,High,Yes,7,85,Low,2,Medium,High,Neutral,2,No,Postgraduate,Near,Female,79,2,0,1,0,0,1,2.508233259550098,1.6474590022008309
19,66,Medium,Medium,No,8,74,Medium,1,High,Medium,Neutral,3,No,High School,Near,Female,64,1,1,0,1,0,1,-0.16282241129609587,-1.2105249072599464
22,89,High,High,Yes,6,80,Medium,1,High,High,Positive,3,No,High School,Near,Female,73,2,1,0,1,0,1,0.3380005269875655,0.7814032720612014
20,60,Low,High,No,7,82,High,2,Low,High,Positive,4,Yes,High School,Near,Male,63,0,2,0,1,0,1,0.0041185681317912485,-1.7301583453437241
13,84,Medium,Medium,No,5,78,Medium,1,Low,High,Positive,2,No,High School,Near,Male,65,1,1,0,1,0,1,-1.1644682878634187,0.34837540699138664
27,97,Low,High,Yes,8,81,Medium,0,High,Medium,Positive,5,No,High School,Near,Female,73,0,1,0,1,0,1,1.1727054241270012,1.474247856172905
25,72,High,High,Yes,8,94,Low,2,Low,Medium,Positive,4,No,College,Moderate,Female,70,2,0,1,0,0,1,0.8388234652712269,-0.6908914691761688
25,67,High,Medium,No,9,93,High,2,Low,High,Positive,3,Yes,High School,Near,Female,68,2,2,0,1,0,1,0.8388234652712269,-1.1239193342459837
15,86,Medium,Medium,Yes,7,57,Medium,1,Medium,Medium,Negative,3,No,College,Near,Male,65,1,1,0,1,0,1,-0.8305863290076444,0.5215865530193126
28,89,Low,High,Yes,9,79,High,0,Low,Medium,Positive,1,No,College,Moderate,Female,71,0,2,1,0,0,1,1.3396464035548883,0.7814032720612014
12,88,Low,Medium,No,6,72,Low,2,Medium,Medium,Positive,2,No,College,Far,Male,64,0,0,0,1,0,1,-1.3314092672913058,0.6947976990472384
24,73,Medium,High,Yes,8,64,Medium,4,High,Medium,Neutral,3,Yes,College,Moderate,Male,68,1,1,1,0,0,1,0.6718824858433398,-0.6042858961622058
33,70,Medium,Medium,Yes,6,82,Low,1,Low,High,Neutral,4,No,College,Near,Male,69,1,0,0,1,0,1,2.174351300694324,-0.8641026152040947
14,98,Medium,Medium,No,7,76,Medium,0,Medium,High,Positive,4,No,College,Moderate,Female,69,1,1,1,0,0,1,-0.9975273084355315,1.5608534291868679
17,97,Medium,Medium,No,8,89,Medium,1,Low,Medium,Neutral,4,No,High School,Far,Male,69,1,1,0,1,0,1,-0.49670437015187013,1.474247856172905
21,78,Medium,Medium,Yes,10,55,Medium,1,High,Low,Positive,2,No,College,Near,Male,67,1,1,1,0,0,1,0.17105954755967837,-0.1712580310923911
17,94,Low,Medium,Yes,8,65,Low,4,Medium,Medium,Neutral,6,No,High School,Far,Female,68,0,0,0,1,0,1,-0.49670437015187013,1.2144311371310161
11,78,Medium,High,Yes,8,51,Medium,2,Low,Medium,Neutral,3,No,Postgraduate,Near,Male,64,1,1,0,1,0,1,-1.498350246719193,-0.1712580310923911
20,77,Medium,Medium,No,6,87,Low,0,Low,High,Positive,4,No,High School,Near,Female,66,1,0,0,1,0,1,0.0041185681317912485,-0.25786360410635406
14,66,High,Low,No,7,96,Medium,3,Low,High,Negative,3,No,High School,Near,Male,63,2,1,0,1,0,1,-0.9975273084355315,-1.2105249072599464
23,77,Medium,Medium,Yes,7,79,Medium,0,Low,High,Neutral,2,No,High School,Moderate,Male,66,1,1,0,1,0,1,0.5049415064154527,-0.25786360410635406
14,81,Medium,Medium,No,9,81,Medium,1,Low,High,Negative,3,No,Postgraduate,Near,Female,66,1,1,1,0,0,1,-0.9975273084355315,0.08855868794949777
29,61,Medium,High,Yes,7,52,Low,3,Low,Medium,Positive,3,No,College,Near,Female,67,1,0,1,0,0,1,1.5065873829827754,-1.6435527723297614
15,78,High,High,No,9,75,Low,1,Low,Medium,Negative,1,No,High School,Near,Male,65,2,0,0,1,0,1,-0.8305863290076444,-0.1712580310923911
18,91,Low,Medium,Yes,5,76,Medium,1,Medium,Medium,Neutral,3,No,High School,Near,Female,68,0,1,0,1,0,1,-0.329763390723983,0.9546144180891273
25,87,Medium,Low,No,9,52,High,1,Low,High,Positive,2,No,High School,Near,Male,68,1,2,1,0,0,1,0.8388234652712269,0.6081921260332754
13,85,High,Medium,No,6,89,Medium,0,High,Medium,Neutral,1,Yes,High School,Near,Male,65,2,1,1,0,0,1,-1.1644682878634187,0.43498098000534957
21,96,Medium,Medium,No,8,64,High,2,Medium,High,Neutral,0,No,College,Near,Male,71,1,2,0,1,0,1,0.17105954755967837,1.3876422831589421
28,61,Medium,High,No,6,86,High,1,Low,Medium,Negative,3,Yes,Postgraduate,Far,Male,65,1,2,1,0,0,1,1.3396464035548883,-1.6435527723297614
10,82,Medium,Low,No,8,70,Medium,3,Low,High,Positive,1,Yes,Postgraduate,Near,Female,64,1,1,0,1,0,1,-1.66529122614708,0.17516426096346072
21,91,High,Medium,No,6,100,Medium,0,High,Medium,Neutral,2,No,Postgraduate,Near,Female,72,2,1,1,0,0,1,0.17105954755967837,0.9546144180891273
22,82,Medium,Medium,No,9,61,Medium,2,Low,Medium,Negative,2,Yes,High School,Near,Female,65,1,1,0,1,0,1,0.3380005269875655,0.17516426096346072
25,73,Medium,High,No,8,53,High,0,Low,High,Negative,5,No,Postgraduate,Near,Female,66,1,2,1,0,1,0,0.8388234652712269,-0.6042858961622058
13,65,Low,High,No,6,99,Medium,0,Low,Medium,Negative,4,No,High School,Near,Male,61,0,1,1,0,0,1,-1.1644682878634187,-1.2971304802739094
12,96,Low,High,Yes,8,62,Medium,2,Medium,High,Negative,3,No,College,Near,Female,68,0,1,0,1,0,1,-1.3314092672913058,1.3876422831589421
23,79,High,High,Yes,8,82,Low,3,Medium,Medium,Negative,3,Yes,Postgraduate,Moderate,Female,69,2,0,0,1,0,1,0.5049415064154527,-0.08465245807842814
22,95,Medium,High,Yes,6,69,Medium,1,Low,Medium,Positive,3,No,College,Near,Female,72,1,1,0,1,0,1,0.3380005269875655,1.3010367101449791
22,83,Medium,High,Yes,5,82,Medium,2,Low,High,Positive,3,No,Postgraduate,Near,Female,71,1,1,0,1,0,1,0.3380005269875655,0.26176983397742365
22,87,High,High,No,5,80,Low,2,Low,High,Negative,3,No,High School,Near,Female,70,2,0,0,1,0,1,0.3380005269875655,0.6081921260332754
16,92,Medium,High,Yes,5,85,Low,1,Low,Medium,Neutral,2,No,High School,Moderate,Male,68,1,0,0,1,0,1,-0.6636453495797573,1.0412199911030902
21,86,Low,Medium,Yes,5,51,Medium,2,Low,High,Positive,2,No,High School,Moderate,Female,67,0,1,0,1,0,1,0.17105954755967837,0.5215865530193126
22,76,Medium,Medium,Yes,8,92,Medium,1,Low,High,Neutral,4,No,High School,Near,Female,68,1,1,0,1,0,1,0.3380005269875655,-0.344469177120317
16,81,Medium,Medium,Yes,8,74,Medium,3,Medium,Medium,Positive,2,No,Postgraduate,Near,Female,68,1,1,0,1,0,1,-0.6636453495797573,0.08855868794949777
31,92,Medium,Medium,Yes,4,76,Medium,2,Medium,High,Positive,4,Yes,High School,Far,Male,72,1,1,0,1,0,1,1.8404693418385496,1.0412199911030902
23,75,Low,High,No,6,71,Low,0,Medium,Medium,Neutral,2,No,College,Near,Male,65,0,0,0,1,0,1,0.5049415064154527,-0.4310747501342799
13,76,Medium,High,No,5,99,Low,2,Medium,Medium,Positive,4,No,High School,Near,Female,66,1,0,1,0,0,1,-1.1644682878634187,-0.344469177120317
24,64,Medium,Medium,Yes,8,90,High,0,Low,High,Negative,3,No,High School,Near,Male,65,1,2,0,1,0,1,0.6718824858433398,-1.3837360532878724
14,97,Medium,Medium,Yes,6,66,Medium,2,Medium,Medium,Negative,3,Yes,College,Near,Female,67,1,1,0,1,0,1,-0.9975273084355315,1.474247856172905
25,64,Medium,High,No,5,89,Low,2,Medium,Medium,Neutral,4,No,College,Far,Male,66,1,0,0,1,0,1,0.8388234652712269,-1.3837360532878724
27,86,Medium,Medium,No,7,72,Low,1,Medium,High,Positive,4,No,High School,Far,Male,69,1,0,0,1,0,1,1.1727054241270012,0.5215865530193126
15,77,Medium,Medium,Yes,8,94,Low,0,High,High,Positive,3,No,College,Moderate,Male,66,1,0,0,1,0,1,-0.8305863290076444,-0.25786360410635406
26,76,Medium,High,Yes,6,52,Medium,4,High,Low,Neutral,3,No,High School,Near,Male,69,1,1,0,1,0,1,1.005764444699114,-0.344469177120317
22,87,High,Low,Yes,7,68,Medium,0,Low,Medium,Neutral,2,No,High School,Near,Male,67,2,1,0,1,1,0,0.3380005269875655,0.6081921260332754
25,63,High,Medium,Yes,6,71,Medium,1,Medium,Low,Positive,3,No,High School,Near,Male,66,2,1,1,0,0,1,0.8388234652712269,-1.4703416263018354
31,84,Medium,Medium,Yes,9,87,Medium,2,Low,Medium,Neutral,3,No,College,Far,Male,71,1,1,1,0,0,1,1.8404693418385496,0.34837540699138664
19,91,High,Low,No,6,59,Medium,5,Medium,High,Neutral,4,No,College,Moderate,Male,70,2,1,0,1,0,1,-0.16282241129609587,0.9546144180891273
15,93,High,Medium,No,6,64,Medium,2,Medium,High,Positive,4,No,Postgraduate,Near,Male,71,2,1,0,1,0,1,-0.8305863290076444,1.1278255641170531
15,67,Medium,Medium,Yes,7,86,High,1,High,Medium,Positive,3,No,Postgraduate,Near,Male,66,1,2,1,0,0,1,-0.8305863290076444,-1.1239193342459837
15,96,Medium,Medium,No,7,54,High,3,Medium,High,Negative,2,No,High School,Near,Male,67,1,2,0,1,1,0,-0.8305863290076444,1.3876422831589421
20,86,High,Low,No,8,60,Medium,1,Medium,Medium,Neutral,4,Yes,College,Far,Female,66,2,1,0,1,0,1,0.0041185681317912485,0.5215865530193126
22,95,Medium,High,No,9,88,Low,0,Low,High,Positive,2,No,Postgraduate,Near,Male,72,1,0,0,1,0,1,0.3380005269875655,1.3010367101449791
22,79,Medium,Medium,No,9,94,Medium,1,Medium,Medium,Positive,3,No,High School,Near,Male,68,1,1,0,1,0,1,0.3380005269875655,-0.08465245807842814
25,82,Medium,Medium,No,6,86,Medium,3,Low,High,Positive,3,No,High School,Near,Female,69,1,1,0,1,1,0,0.8388234652712269,0.17516426096346072
20,97,Medium,Medium,Yes,7,76,Low,2,Low,Low,Positive,3,No,Postgraduate,Near,Male,71,1,0,1,0,0,1,0.0041185681317912485,1.474247856172905
29,96,Medium,Medium,Yes,9,55,Low,0,Medium,Medium,Neutral,2,No,Postgraduate,Far,Female,70,1,0,0,1,1,0,1.5065873829827754,1.3876422831589421
18,78,Medium,Medium,No,9,91,High,2,High,Low,Neutral,4,No,College,Far,Female,67,1,2,0,1,0,1,-0.329763390723983,-0.1712580310923911
36,71,Medium,Medium,Yes,6,56,Medium,2,High,Medium,Positive,2,No,High School,Far,Male,69,1,1,0,1,0,1,2.675174238977985,-0.7774970421901317
24,76,Low,High,No,8,69,Low,2,Medium,Medium,Neutral,1,No,High School,Moderate,Male,65,0,0,0,1,0,1,0.6718824858433398,-0.344469177120317
15,76,High,High,No,8,53,Medium,1,Low,Medium,Neutral,4,No,College,Near,Male,65,2,1,0,1,0,1,-0.8305863290076444,-0.344469177120317
14,71,Medium,Medium,Yes,8,85,Low,2,Medium,High,Neutral,4,No,High School,Near,Male,64,1,0,0,1,0,1,-0.9975273084355315,-0.7774970421901317
23,71,Low,Low,Yes,9,75,Low,1,Low,Medium,Negative,2,No,College,Near,Male,63,0,0,0,1,0,1,0.5049415064154527,-0.7774970421901317
19,94,Low,Medium,Yes,5,95,Medium,3,Low,Low,Positive,2,No,High School,Moderate,Male,69,0,1,0,1,0,1,-0.16282241129609587,1.2144311371310161
24,63,Medium,Low,Yes,6,57,Medium,1,Low,High,Neutral,5,No,College,Near,Female,64,1,1,1,0,0,1,0.6718824858433398,-1.4703416263018354
23,87,High,High,Yes,8,91,High,0,High,Medium,Positive,3,No,High School,Moderate,Male,72,2,2,1,0,0,1,0.5049415064154527,0.6081921260332754
20,67,Low,Medium,Yes,7,76,Medium,0,Medium,Medium,Neutral,4,No,High School,Near,Male,63,0,1,0,1,0,1,0.0041185681317912485,-1.1239193342459837
15,74,Low,High,Yes,4,68,Low,3,Low,Medium,Positive,3,No,High School,Near,Female,64,0,0,0,1,0,1,-0.8305863290076444,-0.5176803231482429
11,62,Medium,High,Yes,5,82,Medium,3,High,Medium,Neutral,4,No,College,Moderate,Male,64,1,1,1,0,0,1,-1.498350246719193,-1.5569471993157984
17,71,Medium,Medium,Yes,8,90,Medium,5,Medium,Medium,Positive,1,No,Postgraduate,Far,Male,67,1,1,0,1,0,1,-0.49670437015187013,-0.7774970421901317
25,91,Medium,Medium,No,8,72,Low,2,Medium,High,Positive,0,No,Postgraduate,Near,Male,71,1,0,0,1,0,1,0.8388234652712269,0.9546144180891273
21,95,Medium,Medium,No,5,62,High,1,Medium,Low,Positive,4,No,High School,Near,Male,70,1,2,0,1,0,1,0.17105954755967837,1.3010367101449791
13,69,Medium,Low,Yes,9,96,Low,0,High,Medium,Neutral,4,No,High School,Far,Female,61,1,0,1,0,0,1,-1.1644682878634187,-0.9507081882180577
21,79,Medium,High,Yes,7,66,Low,2,Low,Medium,Negative,4,No,College,Moderate,Male,67,1,0,0,1,0,1,0.17105954755967837,-0.08465245807842814
22,79,High,Medium,No,5,100,Medium,4,High,High,Negative,3,No,College,Near,Male,72,2,1,0,1,0,1,0.3380005269875655,-0.08465245807842814
15,95,Low,Low,Yes,6,88,Low,1,Low,Medium,Negative,5,No,High School,Near,Male,66,0,0,0,1,0,1,-0.8305863290076444,1.3010367101449791
21,91,Medium,High,Yes,5,84,Medium,1,High,Low,Neutral,2,No,High School,Near,Male,70,1,1,0,1,0,1,0.17105954755967837,0.9546144180891273
20,81,High,Medium,Yes,6,51,High,3,Medium,Medium,Neutral,4,Yes,High School,Near,Male,67,2,2,0,1,1,0,0.0041185681317912485,0.08855868794949777
13,87,High,Low,Yes,4,72,Medium,2,Medium,High,Neutral,3,No,High School,Moderate,Female,67,2,1,0,1,0,1,-1.1644682878634187,0.6081921260332754
22,94,Low,Medium,Yes,7,75,High,2,High,Medium,Neutral,2,No,College,Near,Female,71,0,2,0,1,0,1,0.3380005269875655,1.2144311371310161
23,60,High,Medium,Yes,8,69,Medium,1,Low,Medium,Positive,4,No,College,Near,Male,66,2,1,1,0,0,1,0.5049415064154527,-1.7301583453437241
26,76,Medium,Medium,Yes,5,57,Medium,1,Medium,Medium,Positive,4,No,High School,Near,Male,68,1,1,0,1,0,1,1.005764444699114,-0.344469177120317
26,96,Medium,Medium,Yes,7,68,Medium,3,High,Medium,Positive,3,No,College,Near,Female,74,1,1,1,0,0,1,1.005764444699114,1.3876422831589421
12,90,Medium,Low,Yes,6,54,Medium,1,High,Medium,Neutral,3,No,High School,Near,Male,64,1,1,0,1,1,0,-1.3314092672913058,0.8680088450751643
14,82,Medium,Medium,No,8,65,Medium,1,Low,Medium,Positive,3,No,College,Near,Male,65,1,1,1,0,0,1,-0.9975273084355315,0.17516426096346072
23,81,Low,Medium,Yes,4,54,Medium,1,Low,Medium,Neutral,3,No,College,Near,Male,66,0,1,0,1,0,1,0.5049415064154527,0.08855868794949777
23,74,Medium,High,Yes,8,88,Low,0,Medium,High,Negative,3,Yes,High School,Near,Male,66,1,0,0,1,0,1,0.5049415064154527,-0.5176803231482429
23,81,Medium,Low,No,4,84,Medium,2,Medium,Medium,Positive,5,No,High School,Near,Male,68,1,1,0,1,0,1,0.5049415064154527,0.08855868794949777
43,86,High,Medium,Yes,7,97,Medium,2,Medium,High,Positive,1,No,High School,Near,Female,78,2,1,0,1,0,1,3.8437610949731953,0.5215865530193126
23,77,Medium,High,Yes,6,69,Low,1,Medium,Medium,Positive,2,No,High School,Moderate,Female,67,1,0,1,0,0,1,0.5049415064154527,-0.25786360410635406
27,89,Medium,High,Yes,6,89,Medium,3,Medium,Medium,Positive,3,No,High School,Near,Male,74,1,1,1,0,0,1,1.1727054241270012,0.7814032720612014
26,94,Medium,High,No,5,79,High,1,Low,High,Positive,2,No,Postgraduate,Near,Male,74,1,2,0,1,0,1,1.005764444699114,1.2144311371310161
24,66,Medium,Low,No,9,82,Low,1,Medium,Medium,Neutral,2,Yes,High School,Near,Female,62,1,0,0,1,0,1,0.6718824858433398,-1.2105249072599464
18,78,High,Medium,Yes,5,77,Medium,2,Medium,Medium,Neutral,4,No,High School,Far,Male,66,2,1,0,1,1,0,-0.329763390723983,-0.1712580310923911
25,76,Medium,Medium,Yes,5,89,High,3,Medium,High,Neutral,3,No,High School,Far,Female,69,1,2,0,1,0,1,0.8388234652712269,-0.344469177120317
15,87,Medium,High,Yes,10,52,Medium,2,Low,High,Positive,3,No,College,Near,Male,68,1,1,1,0,0,1,-0.8305863290076444,0.6081921260332754
19,70,Medium,Low,No,7,54,High,0,Medium,Medium,Positive,2,Yes,High School,Moderate,Male,89,1,2,0,1,0,1,-0.16282241129609587,-0.8641026152040947
17,86,High,Low,No,5,55,Low,2,High,Medium,Neutral,4,No,College,Near,Male,66,2,0,1,0,1,0,-0.49670437015187013,0.5215865530193126
20,95,Low,Medium,Yes,7,64,Low,2,Medium,High,Neutral,3,No,High School,Near,Female,68,0,0,0,1,1,0,0.0041185681317912485,1.3010367101449791
34,77,Medium,Low,Yes,7,80,Low,0,Medium,Medium,Positive,3,No,High School,Near,Male,69,1,0,0,1,0,1,2.341292280122211,-0.25786360410635406
9,96,Medium,Medium,Yes,4,82,High,0,Low,Medium,Positive,4,No,College,Near,Male,67,1,2,0,1,1,0,-1.8322322055749671,1.3876422831589421
24,100,High,High,Yes,6,86,Low,2,Medium,Medium,Positive,5,No,High School,Near,Male,75,2,0,1,0,0,1,0.6718824858433398,1.7340645752147938
10,64,Medium,High,No,7,64,High,0,Medium,Medium,Positive,4,Yes,High School,Moderate,Female,60,1,2,0,1,0,1,-1.66529122614708,-1.3837360532878724
17,69,High,Medium,Yes,9,83,Medium,2,Medium,High,Positive,4,Yes,College,Moderate,Female,66,2,1,1,0,0,1,-0.49670437015187013,-0.9507081882180577
27,98,Low,High,Yes,7,56,Low,1,High,Medium,Positive,3,No,College,Near,Female,73,0,0,1,0,0,1,1.1727054241270012,1.5608534291868679
20,98,Medium,Low,No,7,50,Low,1,Medium,High,Neutral,2,No,High School,Near,Female,68,1,0,1,0,0,1,0.0041185681317912485,1.5608534291868679
14,64,Medium,Medium,Yes,6,85,Medium,0,Medium,Medium,Neutral,3,No,High School,Near,Male,62,1,1,0,1,0,1,-0.9975273084355315,-1.3837360532878724
16,61,Medium,Medium,No,9,86,Low,2,Low,High,Positive,2,No,High School,Near,Male,62,1,0,0,1,0,1,-0.6636453495797573,-1.6435527723297614
24,66,High,Low,Yes,8,81,High,1,Medium,Medium,Neutral,4,No,High School,Far,Male,65,2,2,0,1,0,1,0.6718824858433398,-1.2105249072599464
16,100,High,Low,Yes,8,63,High,2,Low,Medium,Negative,3,No,High School,Moderate,Male,69,2,2,0,1,0,1,-0.6636453495797573,1.7340645752147938
21,67,Medium,Medium,No,7,96,Low,3,Low,Medium,Neutral,2,No,High School,Far,Female,64,1,0,0,1,0,1,0.17105954755967837,-1.1239193342459837
20,80,Medium,High,No,5,94,Medium,0,Low,Low,Positive,4,Yes,Postgraduate,Moderate,Female,67,1,1,1,0,0,1,0.0041185681317912485,0.0019531149355348125
16,94,High,High,Yes,9,76,Medium,0,Low,High,Neutral,2,No,High School,Near,Male,70,2,1,0,1,0,1,-0.6636453495797573,1.2144311371310161
33,61,Medium,Medium,No,7,99,High,2,Medium,High,Neutral,3,No,College,Near,Female,70,1,2,0,1,0,1,2.174351300694324,-1.6435527723297614
24,84,High,Low,No,7,65,Low,3,Medium,High,Positive,3,No,High School,Near,Female,69,2,0,0,1,0,1,0.6718824858433398,0.34837540699138664
8,71,High,Low,No,8,75,Medium,0,Medium,High,Positive,3,No,High School,Near,Male,61,2,1,0,1,0,1,-1.9991731850028542,-0.7774970421901317
21,94,Medium,Medium,No,7,96,Low,0,Medium,Medium,Neutral,2,Yes,Postgraduate,Moderate,Male,69,1,0,1,0,0,1,0.17105954755967837,1.2144311371310161
16,71,High,Medium,Yes,5,73,Medium,1,Medium,Medium,Neutral,0,Yes,High School,Near,Male,63,2,1,0,1,0,1,-0.6636453495797573,-0.7774970421901317
25,87,Medium,Low,Yes,7,74,Low,0,Medium,High,Neutral,4,Yes,High School,Near,Male,67,1,0,0,1,0,1,0.8388234652712269,0.6081921260332754
15,87,Low,Medium,No,4,54,Medium,1,Medium,Medium,Neutral,6,No,High School,Moderate,Male,65,0,1,0,1,0,1,-0.8305863290076444,0.6081921260332754
19,69,Medium,Medium,Yes,7,61,High,3,High,High,Neutral,4,No,High School,Moderate,Male,66,1,2,0,1,0,1,-0.16282241129609587,-0.9507081882180577
23,61,Low,Medium,No,9,58,Medium,4,Medium,Medium,Neutral,2,No,High School,Near,Male,63,0,1,0,1,0,1,0.5049415064154527,-1.6435527723297614
25,76,Medium,High,Yes,4,78,Medium,2,Medium,Medium,Negative,3,No,High School,Moderate,Female,68,1,1,1,0,0,1,0.8388234652712269,-0.344469177120317
13,72,High,High,No,7,66,Medium,0,Low,High,Neutral,4,No,Postgraduate,Near,Male,65,2,1,0,1,0,1,-1.1644682878634187,-0.6908914691761688
18,92,Low,Medium,Yes,8,54,Medium,1,Medium,Medium,Positive,3,No,High School,Near,Male,67,0,1,0,1,0,1,-0.329763390723983,1.0412199911030902
17,92,Low,Low,Yes,8,75,Medium,2,Medium,High,Neutral,3,No,Postgraduate,Near,Female,68,0,1,0,1,0,1,-0.49670437015187013,1.0412199911030902
16,78,Medium,High,No,6,83,Medium,0,Low,Low,Neutral,3,Yes,College,Near,Male,64,1,1,0,1,0,1,-0.6636453495797573,-0.1712580310923911
31,84,Medium,Medium,No,5,87,High,0,Medium,Medium,Positive,3,No,College,Moderate,Male,71,1,2,1,0,0,1,1.8404693418385496,0.34837540699138664
22,84,Medium,Medium,Yes,6,92,Low,0,Medium,Medium,Neutral,5,No,High School,Near,Female,69,1,0,0,1,0,1,0.3380005269875655,0.34837540699138664
12,93,Medium,Medium,Yes,9,74,Low,1,Medium,Medium,Neutral,3,No,Postgraduate,Moderate,Male,67,1,0,0,1,0,1,-1.3314092672913058,1.1278255641170531
26,77,Low,Medium,No,4,70,Low,2,High,Low,Neutral,3,Yes,College,Moderate,Female,65,0,0,0,1,0,1,1.005764444699114,-0.25786360410635406
33,71,Low,Medium,No,5,84,Medium,1,Medium,Medium,Positive,2,No,High School,Near,Male,68,0,1,0,1,0,1,2.174351300694324,-0.7774970421901317
26,71,High,Medium,Yes,6,51,Low,1,High,Medium,Positive,3,No,Postgraduate,Moderate,Male,67,2,0,1,0,1,0,1.005764444699114,-0.7774970421901317
11,81,Medium,Medium,Yes,6,82,High,3,Medium,High,Neutral,4,No,High School,Near,Male,67,1,2,0,1,0,1,-1.498350246719193,0.08855868794949777
17,78,Medium,High,Yes,7,70,Medium,2,Low,High,Positive,3,No,High School,Near,Male,66,1,1,0,1,1,0,-0.49670437015187013,-0.1712580310923911
28,78,High,Medium,No,9,73,High,2,Medium,Medium,Neutral,4,No,College,Moderate,Female,70,2,2,0,1,0,1,1.3396464035548883,-0.1712580310923911
16,64,High,Low,Yes,5,65,Medium,3,Medium,High,Positive,4,No,Postgraduate,Moderate,Female,65,2,1,1,0,0,1,-0.6636453495797573,-1.3837360532878724
23,89,Low,Low,Yes,7,56,Low,4,Medium,Low,Positive,4,No,Postgraduate,Near,Female,69,0,0,1,0,0,1,0.5049415064154527,0.7814032720612014
25,69,Medium,Medium,Yes,7,70,Low,1,High,High,Positive,4,No,High School,Far,Female,65,1,0,0,1,1,0,0.8388234652712269,-0.9507081882180577
14,68,High,Medium,No,6,65,Medium,1,High,Medium,Neutral,3,Yes,College,Near,Male,63,2,1,0,1,0,1,-0.9975273084355315,-1.0373137612320207
20,77,Medium,Medium,No,5,98,Low,2,Low,High,Neutral,2,No,Postgraduate,Far,Female,67,1,0,1,0,0,1,0.0041185681317912485,-0.25786360410635406
1,69,High,Medium,Yes,6,97,Medium,1,Low,Medium,Positive,3,No,High School,Near,Female,61,2,1,0,1,0,1,-3.167760040998064,-0.9507081882180577
14,83,Medium,Low,Yes,6,82,Medium,0,Medium,Medium,Positive,2,No,High School,Near,Female,65,1,1,0,1,0,1,-0.9975273084355315,0.26176983397742365
18,75,Low,High,Yes,8,95,Medium,1,Low,Low,Neutral,2,No,College,Near,Female,66,0,1,0,1,0,1,-0.329763390723983,-0.4310747501342799
13,78,Medium,High,Yes,8,88,High,0,High,Low,Neutral,3,No,College,Near,Male,66,1,2,0,1,0,1,-1.1644682878634187,-0.1712580310923911
30,81,Medium,Low,Yes,5,67,Medium,1,High,High,Negative,1,No,High School,Near,Male,69,1,1,0,1,0,1,1.6735283624106625,0.08855868794949777
11,68,Medium,Medium,No,6,80,Medium,2,Medium,Medium,Positive,3,No,College,Moderate,Female,63,1,1,0,1,0,1,-1.498350246719193,-1.0373137612320207
17,66,Low,High,No,6,61,Medium,1,High,Medium,Positive,6,No,Postgraduate,Near,Male,65,0,1,0,1,0,1,-0.49670437015187013,-1.2105249072599464
21,95,Low,Low,No,10,84,Low,0,High,Medium,Neutral,4,Yes,High School,Near,Male,67,0,0,0,1,0,1,0.17105954755967837,1.3010367101449791
29,77,High,High,Yes,7,52,Medium,2,High,Medium,Negative,3,Yes,High School,Near,Female,69,2,1,0,1,0,1,1.5065873829827754,-0.25786360410635406
11,76,Low,Medium,Yes,5,92,Medium,4,Medium,Low,Negative,2,No,Postgraduate,Near,Male,65,0,1,0,1,0,1,-1.498350246719193,-0.344469177120317
27,61,Medium,Medium,No,6,79,Medium,1,Low,Medium,Positive,3,No,High School,Moderate,Male,65,1,1,0,1,0,1,1.1727054241270012,-1.6435527723297614
20,80,High,Low,Yes,6,53,Medium,0,Low,Medium,Neutral,2,No,College,Moderate,Male,65,2,1,0,1,0,1,0.0041185681317912485,0.0019531149355348125
14,82,Medium,High,Yes,8,94,Low,2,Low,High,Negative,5,No,College,Far,Female,67,1,0,0,1,0,1,-0.9975273084355315,0.17516426096346072
23,82,Low,Medium,Yes,8,94,Medium,1,Medium,Medium,Negative,2,Yes,High School,Near,Male,66,0,1,0,1,0,1,0.5049415064154527,0.17516426096346072
21,88,Medium,High,No,7,93,Medium,4,Low,Medium,Positive,3,No,High School,Near,Female,72,1,1,0,1,0,1,0.17105954755967837,0.6947976990472384
16,67,Medium,High,No,7,89,High,3,Low,Medium,Positive,3,No,College,Near,Male,66,1,2,0,1,0,1,-0.6636453495797573,-1.1239193342459837
20,70,Medium,Medium,Yes,7,84,Low,2,Medium,High,Neutral,4,No,College,Far,Male,65,1,0,1,0,1,0,0.0041185681317912485,-0.8641026152040947
18,92,High,Medium,Yes,7,70,Medium,1,Low,Medium,Neutral,3,No,High School,Moderate,Male,69,2,1,0,1,0,1,-0.329763390723983,1.0412199911030902
21,98,Medium,Low,No,4,57,Medium,2,High,Low,Neutral,2,No,High School,Near,Female,68,1,1,0,1,0,1,0.17105954755967837,1.5608534291868679
24,65,Medium,Low,No,7,64,Low,1,High,Medium,Neutral,1,No,Postgraduate,Near,Male,64,1,0,0,1,0,1,0.6718824858433398,-1.2971304802739094
30,80,Low,High,No,6,67,Medium,3,Medium,Medium,Negative,4,No,College,Moderate,Female,69,0,1,0,1,0,1,1.6735283624106625,0.0019531149355348125
13,69,Medium,Low,Yes,5,68,Low,0,High,Medium,Positive,1,Yes,High School,Moderate,Female,59,1,0,0,1,0,1,-1.1644682878634187,-0.9507081882180577
33,62,High,Medium,Yes,10,78,Medium,0,Medium,Medium,Positive,3,No,High School,Moderate,Female,68,2,1,1,0,0,1,2.174351300694324,-1.5569471993157984
8,73,Medium,Medium,No,7,60,Medium,0,High,Medium,Neutral,3,No,High School,Near,Female,60,1,1,1,0,1,0,-1.9991731850028542,-0.6042858961622058
19,66,Medium,High,No,7,59,Medium,1,High,Medium,Negative,3,No,High School,Far,Male,62,1,1,0,1,0,1,-0.16282241129609587,-1.2105249072599464
24,88,Low,Medium,Yes,6,86,Low,0,Low,Low,Negative,3,No,College,Near,Male,67,0,0,0,1,0,1,0.6718824858433398,0.6947976990472384
22,81,Low,High,Yes,8,50,High,4,Medium,Medium,Positive,5,No,High School,Far,Female,68,0,2,1,0,0,1,0.3380005269875655,0.08855868794949777
16,66,Medium,High,Yes,5,57,High,3,Medium,Medium,Positive,3,No,High School,Moderate,Female,64,1,2,0,1,0,1,-0.6636453495797573,-1.2105249072599464
19,60,Medium,High,Yes,7,72,High,3,Low,High,Positive,3,No,High School,Moderate,Female,65,1,2,0,1,0,1,-0.16282241129609587,-1.7301583453437241
17,92,Low,Low,Yes,6,57,Medium,2,Medium,Medium,Positive,2,Yes,High School,Moderate,Female,65,0,1,1,0,0,1,-0.49670437015187013,1.0412199911030902
16,67,High,Medium,No,8,98,Medium,0,Low,Low,Neutral,3,No,High School,Near,Female,63,2,1,0,1,0,1,-0.6636453495797573,-1.1239193342459837
25,84,Medium,Low,Yes,6,84,Low,2,Medium,High,Positive,3,No,High School,Near,Male,70,1,0,0,1,0,1,0.8388234652712269,0.34837540699138664
22,73,Low,Medium,Yes,9,72,Low,3,Medium,Medium,Positive,3,No,High School,Near,Female,66,0,0,0,1,0,1,0.3380005269875655,-0.6042858961622058
16,83,Medium,High,Yes,7,56,Low,4,High,Medium,Positive,3,No,High School,Near,Female,68,1,0,0,1,0,1,-0.6636453495797573,0.26176983397742365
25,73,Low,Low,No,8,69,Medium,3,Medium,Medium,Positive,3,No,High School,Near,Female,66,0,1,1,0,0,1,0.8388234652712269,-0.6042858961622058
22,63,Low,Low,No,8,83,Medium,3,Medium,Medium,Negative,1,No,College,Near,Male,63,0,1,1,0,0,1,0.3380005269875655,-1.4703416263018354
25,69,High,Medium,Yes,9,98,Medium,1,Low,Medium,Negative,3,Yes,College,Moderate,Female,66,2,1,0,1,0,1,0.8388234652712269,-0.9507081882180577
24,68,Medium,Medium,Yes,6,74,Medium,1,Medium,Medium,Neutral,3,No,High School,Near,Female,65,1,1,0,1,0,1,0.6718824858433398,-1.0373137612320207
15,77,Medium,Medium,Yes,8,85,High,1,Low,Medium,Positive,2,No,Postgraduate,Moderate,Male,66,1,2,0,1,0,1,-0.8305863290076444,-0.25786360410635406
17,86,High,Low,Yes,4,60,High,2,High,Low,Positive,3,Yes,College,Moderate,Female,67,2,2,1,0,0,1,-0.49670437015187013,0.5215865530193126
24,71,Medium,Medium,Yes,7,81,Medium,0,Low,Medium,Positive,3,No,High School,Near,Male,66,1,1,1,0,0,1,0.6718824858433398,-0.7774970421901317
24,60,Low,Medium,No,6,62,High,4,Low,High,Negative,3,No,High School,Near,Female,63,0,2,0,1,0,1,0.6718824858433398,-1.7301583453437241
20,81,Medium,Medium,Yes,5,60,Low,3,Medium,Medium,Positive,4,Yes,High School,Near,Male,66,1,0,0,1,0,1,0.0041185681317912485,0.08855868794949777
21,84,Medium,Medium,No,6,75,Low,1,High,Medium,Positive,3,No,College,Moderate,Male,67,1,0,0,1,1,0,0.17105954755967837,0.34837540699138664
28,99,Medium,Medium,Yes,6,61,Medium,1,Low,Medium,Positive,3,No,High School,Near,Male,71,1,1,0,1,1,0,1.3396464035548883,1.6474590022008309
16,84,Medium,High,Yes,7,86,Medium,1,Low,Medium,Neutral,2,No,High School,Near,Female,67,1,1,1,0,0,1,-0.6636453495797573,0.34837540699138664
23,79,Medium,High,Yes,6,97,Medium,1,High,Low,Neutral,4,No,High School,Moderate,Male,69,1,1,0,1,0,1,0.5049415064154527,-0.08465245807842814
19,83,Medium,Medium,Yes,7,70,Medium,2,Low,Medium,Negative,4,Yes,Postgraduate,Near,Female,67,1,1,0,1,0,1,-0.16282241129609587,0.26176983397742365
19,97,High,Medium,Yes,6,66,High,2,Medium,Medium,Positive,2,No,College,Moderate,Female,72,2,2,1,0,0,1,-0.16282241129609587,1.474247856172905
27,93,High,Low,No,6,59,High,2,Low,Medium,Negative,4,No,High School,Near,Female,70,2,2,1,0,0,1,1.1727054241270012,1.1278255641170531
25,73,Medium,High,Yes,7,70,Low,0,Low,Medium,Neutral,4,No,Postgraduate,Moderate,Male,67,1,0,1,0,0,1,0.8388234652712269,-0.6042858961622058
25,69,Low,High,Yes,7,78,Medium,0,Low,High,Negative,3,No,High School,Far,Female,64,0,1,0,1,0,1,0.8388234652712269,-0.9507081882180577
28,71,Medium,Medium,No,8,69,High,1,Medium,High,Neutral,1,No,College,Moderate,Female,67,1,2,1,0,0,1,1.3396464035548883,-0.7774970421901317
20,80,Low,High,No,8,81,Medium,3,Medium,Medium,Negative,4,No,Postgraduate,Near,Male,69,0,1,1,0,0,1,0.0041185681317912485,0.0019531149355348125
24,90,Low,Low,No,7,83,Medium,0,Low,Medium,Positive,3,No,College,Near,Male,68,0,1,1,0,0,1,0.6718824858433398,0.8680088450751643
18,80,Medium,Medium,No,8,55,Low,2,Low,Low,Neutral,3,No,High School,Moderate,Male,63,1,0,0,1,0,1,-0.329763390723983,0.0019531149355348125
22,63,Medium,High,Yes,7,85,Medium,4,High,High,Negative,3,No,College,Near,Female,68,1,1,0,1,0,1,0.3380005269875655,-1.4703416263018354
19,89,High,Medium,Yes,7,95,Medium,0,Medium,Medium,Positive,3,No,High School,Near,Male,70,2,1,0,1,0,1,-0.16282241129609587,0.7814032720612014
21,92,Medium,Low,Yes,8,51,Low,0,Medium,Medium,Neutral,2,No,College,Moderate,Male,66,1,0,0,1,0,1,0.17105954755967837,1.0412199911030902
24,72,High,High,No,6,78,High,0,Low,High,Negative,6,No,High School,Near,Female,68,2,2,0,1,0,1,0.6718824858433398,-0.6908914691761688
15,87,High,Low,Yes,4,80,High,0,Low,Medium,Positive,3,No,College,Near,Male,67,2,2,1,0,0,1,-0.8305863290076444,0.6081921260332754
33,77,Low,High,Yes,5,85,Medium,0,Low,Medium,Neutral,5,No,High School,Far,Female,69,0,1,1,0,0,1,2.174351300694324,-0.25786360410635406
14,96,Medium,Low,Yes,9,69,High,0,Medium,Medium,Negative,3,Yes,College,Near,Female,66,1,2,1,0,0,1,-0.9975273084355315,1.3876422831589421
13,94,Medium,Medium,Yes,7,91,Low,3,Low,Medium,Neutral,3,No,High School,Near,Male,68,1,0,0,1,0,1,-1.1644682878634187,1.2144311371310161
27,81,Medium,Medium,Yes,7,77,Medium,2,Medium,Low,Neutral,2,Yes,Postgraduate,Moderate,Female,69,1,1,0,1,0,1,1.1727054241270012,0.08855868794949777
25,88,Medium,Medium,Yes,7,70,Low,1,Medium,Medium,Positive,3,No,Postgraduate,Moderate,Male,70,1,0,1,0,0,1,0.8388234652712269,0.6947976990472384
24,95,Medium,High,Yes,8,86,High,1,Medium,High,Neutral,3,No,College,Near,Male,74,1,2,1,0,0,1,0.6718824858433398,1.3010367101449791
24,80,Medium,High,Yes,7,96,High,0,Low,High,Positive,0,No,College,Moderate,Female,70,1,2,0,1,0,1,0.6718824858433398,0.0019531149355348125
20,73,Medium,Medium,Yes,7,91,Low,1,Medium,High,Neutral,2,No,Postgraduate,Moderate,Male,66,1,0,0,1,0,1,0.0041185681317912485,-0.6042858961622058
15,90,High,Medium,Yes,8,97,Medium,1,Low,High,Negative,3,No,College,Near,Female,69,2,1,1,0,0,1,-0.8305863290076444,0.8680088450751643
20,69,Medium,High,No,6,63,Low,0,Low,Medium,Negative,3,No,Postgraduate,Near,Male,64,1,0,0,1,0,1,0.0041185681317912485,-0.9507081882180577
16,76,Low,High,Yes,8,56,Medium,1,Low,Medium,Positive,1,No,High School,Near,Male,62,0,1,0,1,1,0,-0.6636453495797573,-0.344469177120317
26,95,Low,High,No,7,77,Medium,0,Medium,Medium,Neutral,3,No,High School,Moderate,Female,70,0,1,0,1,0,1,1.005764444699114,1.3010367101449791
19,89,High,Medium,Yes,7,52,Medium,2,Medium,Medium,Negative,4,No,High School,Moderate,Male,68,2,1,0,1,0,1,-0.16282241129609587,0.7814032720612014
15,76,Medium,Medium,Yes,6,84,Low,0,Medium,High,Neutral,3,No,College,Near,Female,65,1,0,0,1,0,1,-0.8305863290076444,-0.344469177120317
18,69,High,High,No,7,62,Low,3,Medium,Medium,Positive,3,No,High School,Moderate,Male,65,2,0,0,1,0,1,-0.329763390723983,-0.9507081882180577
22,74,High,High,Yes,6,73,Low,3,High,High,Positive,4,No,Postgraduate,Moderate,Female,71,2,0,0,1,0,1,0.3380005269875655,-0.5176803231482429
17,71,High,Medium,Yes,9,83,Low,2,Medium,Medium,Neutral,5,No,High School,Near,Male,66,2,0,0,1,0,1,-0.49670437015187013,-0.7774970421901317
15,67,Medium,Medium,No,4,74,Medium,0,Low,Medium,Negative,3,No,College,Moderate,Male,61,1,1,0,1,0,1,-0.8305863290076444,-1.1239193342459837
21,90,Low,Medium,Yes,8,62,Low,2,Medium,High,Negative,5,Yes,High School,Near,Male,67,0,0,0,1,0,1,0.17105954755967837,0.8680088450751643
21,70,Low,High,Yes,4,94,Medium,0,Low,High,Neutral,2,No,College,Far,Male,65,0,1,1,0,0,1,0.17105954755967837,-0.8641026152040947
17,78,Medium,High,No,8,88,Medium,0,Low,Medium,Negative,3,No,High School,Near,Female,65,1,1,0,1,0,1,-0.49670437015187013,-0.1712580310923911
17,75,Medium,High,Yes,6,80,Medium,1,Low,Medium,Positive,5,No,High School,Moderate,Male,65,1,1,1,0,1,0,-0.49670437015187013,-0.4310747501342799
21,99,Medium,Medium,No,8,85,High,4,Medium,Medium,Positive,4,No,High School,Moderate,Male,73,1,2,0,1,0,1,0.17105954755967837,1.6474590022008309
11,76,Medium,Medium,Yes,7,71,Medium,1,Medium,Low,Neutral,2,No,College,Near,Male,62,1,1,0,1,1,0,-1.498350246719193,-0.344469177120317
12,63,Medium,High,Yes,5,69,Low,0,Medium,High,Negative,2,No,College,Moderate,Female,60,1,0,0,1,0,1,-1.3314092672913058,-1.4703416263018354
16,64,Low,Medium,Yes,9,58,Low,1,Medium,Medium,Positive,3,No,College,Moderate,Female,61,0,0,0,1,0,1,-0.6636453495797573,-1.3837360532878724
19,84,Low,Medium,Yes,8,90,High,2,Low,Medium,Neutral,3,No,Postgraduate,Far,Male,67,0,2,1,0,0,1,-0.16282241129609587,0.34837540699138664
22,84,High,Medium,No,8,69,Medium,3,Medium,High,Neutral,4,No,College,Near,Male,70,2,1,1,0,1,0,0.3380005269875655,0.34837540699138664
29,77,Low,High,No,6,85,Medium,1,Medium,Medium,Positive,1,No,College,Near,Male,69,0,1,0,1,0,1,1.5065873829827754,-0.25786360410635406
25,77,Medium,Low,Yes,8,65,High,0,Medium,Medium,Positive,5,No,College,Far,Female,66,1,2,0,1,1,0,0.8388234652712269,-0.25786360410635406
19,62,Medium,Medium,No,5,90,Low,2,Low,High,Positive,3,No,College,Moderate,Male,64,1,0,0,1,0,1,-0.16282241129609587,-1.5569471993157984
20,81,High,Medium,Yes,4,55,Medium,1,High,Medium,Positive,2,No,Postgraduate,Moderate,Male,68,2,1,1,0,0,1,0.0041185681317912485,0.08855868794949777
14,80,High,Medium,Yes,5,81,Medium,1,Low,Medium,Positive,4,No,Postgraduate,Far,Female,67,2,1,0,1,0,1,-0.9975273084355315,0.0019531149355348125
20,66,Medium,Medium,No,6,90,High,0,Medium,Medium,Neutral,1,No,College,Near,Female,64,1,2,0,1,0,1,0.0041185681317912485,-1.2105249072599464
18,64,Medium,Medium,Yes,6,83,High,2,Low,Medium,Positive,2,No,College,Near,Male,65,1,2,0,1,0,1,-0.329763390723983,-1.3837360532878724
22,65,Low,High,Yes,6,85,Medium,2,High,Medium,Positive,3,Yes,Postgraduate,Near,Female,66,0,1,0,1,0,1,0.3380005269875655,-1.2971304802739094
15,64,Medium,Medium,Yes,6,76,High,2,Medium,Medium,Positive,4,Yes,High School,Near,Female,63,1,2,1,0,0,1,-0.8305863290076444,-1.3837360532878724
23,84,High,Medium,Yes,6,78,Low,2,Low,Low,Negative,2,No,High School,Moderate,Female,68,2,0,0,1,0,1,0.5049415064154527,0.34837540699138664
29,68,Medium,High,Yes,4,53,Medium,1,Medium,Medium,Negative,4,No,High School,Far,Male,66,1,1,1,0,0,1,1.5065873829827754,-1.0373137612320207
19,70,Medium,Medium,No,7,63,Low,3,Low,Low,Neutral,5,No,High School,Near,Male,63,1,0,0,1,1,0,-0.16282241129609587,-0.8641026152040947
22,67,Low,Medium,No,7,86,Low,1,Low,Medium,Positive,3,No,High School,Moderate,Female,63,0,0,0,1,0,1,0.3380005269875655,-1.1239193342459837
24,98,High,Medium,Yes,6,97,Medium,1,Medium,Medium,Positive,4,No,College,Far,Male,74,2,1,0,1,0,1,0.6718824858433398,1.5608534291868679
18,94,Medium,High,Yes,9,77,Low,1,Medium,High,Positive,2,No,College,Moderate,Male,70,1,0,0,1,0,1,-0.329763390723983,1.2144311371310161
21,69,High,High,Yes,7,86,Medium,2,Low,Medium,Neutral,3,No,High School,Near,Male,68,2,1,1,0,0,1,0.17105954755967837,-0.9507081882180577
20,73,Medium,Medium,Yes,7,84,Medium,0,Medium,Medium,Neutral,4,No,Postgraduate,Moderate,Female,66,1,1,0,1,0,1,0.0041185681317912485,-0.6042858961622058
21,68,Medium,Low,No,8,100,Low,0,Medium,Medium,Positive,4,No,High School,Far,Male,63,1,0,0,1,0,1,0.17105954755967837,-1.0373137612320207
15,80,Low,High,No,5,90,Medium,4,Low,Medium,Positive,3,No,College,Far,Female,67,0,1,0,1,0,1,-0.8305863290076444,0.0019531149355348125
20,61,Medium,Medium,No,7,81,Medium,1,Medium,Low,Neutral,3,No,High School,Moderate,Male,62,1,1,0,1,0,1,0.0041185681317912485,-1.6435527723297614
23,87,High,High,No,8,56,Medium,1,Medium,High,Positive,3,No,Postgraduate,Moderate,Male,71,2,1,0,1,0,1,0.5049415064154527,0.6081921260332754
29,81,High,Medium,No,7,68,Medium,2,Medium,Medium,Neutral,4,No,Postgraduate,Near,Male,72,2,1,0,1,0,1,1.5065873829827754,0.08855868794949777
26,96,Medium,Medium,Yes,5,63,Medium,1,High,Medium,Positive,2,No,Postgraduate,Near,Male,72,1,1,1,0,1,0,1.005764444699114,1.3876422831589421
33,67,Medium,Medium,Yes,6,93,High,0,Low,High,Neutral,3,No,High School,Far,Female,68,1,2,0,1,0,1,2.174351300694324,-1.1239193342459837
15,92,Medium,Low,Yes,7,72,Low,1,Medium,Medium,Negative,5,No,High School,Near,Female,66,1,0,0,1,0,1,-0.8305863290076444,1.0412199911030902
25,92,Medium,Medium,No,4,77,Medium,0,Low,Medium,Positive,3,No,High School,Near,Male,70,1,1,0,1,0,1,0.8388234652712269,1.0412199911030902
21,65,Medium,Low,Yes,5,98,High,2,Low,Medium,Positive,4,No,Postgraduate,Near,Male,66,1,2,1,0,1,0,0.17105954755967837,-1.2971304802739094
33,76,Medium,Medium,Yes,10,92,Low,1,High,Medium,Positive,3,No,Postgraduate,Near,Female,72,1,0,1,0,0,1,2.174351300694324,-0.344469177120317
15,67,High,Medium,Yes,8,89,Low,0,High,High,Neutral,4,No,High School,Moderate,Female,64,2,0,0,1,0,1,-0.8305863290076444,-1.1239193342459837
15,70,High,Medium,No,9,57,Medium,1,Medium,Medium,Negative,3,No,High School,Near,Female,63,2,1,1,0,0,1,-0.8305863290076444,-0.8641026152040947
16,71,Medium,Medium,No,8,51,Medium,0,Low,Medium,Negative,2,No,Postgraduate,Far,Female,61,1,1,0,1,0,1,-0.6636453495797573,-0.7774970421901317
7,82,High,High,Yes,8,56,Medium,0,Low,Medium,Negative,2,No,High School,Far,Male,62,2,1,1,0,0,1,-2.1661141644307413,0.17516426096346072
17,76,Medium,High,No,7,87,High,1,Medium,High,Positive,4,No,High School,Near,Female,68,1,2,0,1,0,1,-0.49670437015187013,-0.344469177120317
15,98,Low,Medium,Yes,8,71,Low,1,Medium,Medium,Positive,3,No,High School,Near,Male,68,0,0,0,1,0,1,-0.8305863290076444,1.5608534291868679
21,65,Low,Medium,No,9,56,High,1,Medium,Medium,Positive,5,No,High School,Moderate,Male,63,0,2,0,1,0,1,0.17105954755967837,-1.2971304802739094
22,99,Medium,Low,Yes,8,87,Low,1,Medium,Medium,Neutral,4,No,High School,Moderate,Female,70,1,0,1,0,0,1,0.3380005269875655,1.6474590022008309
31,69,High,Low,Yes,7,60,Medium,1,Low,Medium,Neutral,3,No,Postgraduate,Near,Female,68,2,1,0,1,0,1,1.8404693418385496,-0.9507081882180577
26,91,High,Medium,Yes,7,79,Medium,1,Low,Medium,Neutral,5,No,High School,Near,Female,72,2,1,1,0,0,1,1.005764444699114,0.9546144180891273
17,74,Medium,Medium,Yes,8,87,Medium,4,Low,Low,Positive,3,No,College,Near,Male,67,1,1,0,1,0,1,-0.49670437015187013,-0.5176803231482429
15,66,Low,High,No,6,80,Medium,1,Low,Medium,Neutral,1,No,College,Near,Male,61,0,1,1,0,1,0,-0.8305863290076444,-1.2105249072599464
23,94,Low,Medium,No,8,100,Medium,0,Low,Medium,Neutral,3,No,Postgraduate,Near,Male,69,0,1,0,1,1,0,0.5049415064154527,1.2144311371310161
12,72,Medium,Low,Yes,6,72,High,2,Low,High,Negative,2,No,High School,Moderate,Female,61,1,2,1,0,0,1,-1.3314092672913058,-0.6908914691761688
31,86,High,High,Yes,6,66,Medium,3,Medium,Medium,Positive,3,No,College,Moderate,Male,75,2,1,0,1,0,1,1.8404693418385496,0.5215865530193126
27,83,High,Low,No,5,60,Medium,0,High,Low,Neutral,2,No,College,Moderate,Female,68,2,1,0,1,0,1,1.1727054241270012,0.26176983397742365
17,79,Medium,Low,Yes,6,75,Low,1,Medium,High,Neutral,4,No,High School,Near,Male,65,1,0,0,1,0,1,-0.49670437015187013,-0.08465245807842814
10,80,High,Medium,Yes,6,93,High,4,Medium,Medium,Negative,3,No,College,Moderate,Female,67,2,2,0,1,0,1,-1.66529122614708,0.0019531149355348125
28,89,Medium,High,Yes,10,97,High,3,Medium,Low,Negative,6,No,High School,Near,Female,75,1,2,0,1,0,1,1.3396464035548883,0.7814032720612014
19,64,Low,Medium,No,6,99,Medium,1,Medium,Medium,Positive,3,No,College,Near,Male,64,0,1,0,1,0,1,-0.16282241129609587,-1.3837360532878724
27,87,Medium,Medium,No,8,77,Medium,1,Low,High,Neutral,4,No,High School,Moderate,Male,70,1,1,0,1,0,1,1.1727054241270012,0.6081921260332754
10,96,High,High,No,6,80,Medium,0,Medium,Medium,Neutral,4,No,High School,Moderate,Female,67,2,1,0,1,1,0,-1.66529122614708,1.3876422831589421
16,62,Medium,Medium,Yes,7,79,Low,2,Medium,Medium,Neutral,3,No,High School,Near,Male,63,1,0,0,1,0,1,-0.6636453495797573,-1.5569471993157984
20,66,High,High,No,7,73,Medium,1,Medium,Medium,Negative,4,No,College,Near,Female,65,2,1,0,1,0,1,0.0041185681317912485,-1.2105249072599464
20,89,Medium,Medium,Yes,4,58,Medium,1,Medium,Medium,Positive,3,No,High School,Far,Female,67,1,1,0,1,0,1,0.0041185681317912485,0.7814032720612014
17,77,Low,High,Yes,5,53,Medium,2,High,Medium,Neutral,3,No,College,Near,Male,86,0,1,0,1,0,1,-0.49670437015187013,-0.25786360410635406
24,76,Low,High,No,6,72,High,3,Medium,High,Neutral,3,Yes,High School,Moderate,Female,67,0,2,0,1,0,1,0.6718824858433398,-0.344469177120317
14,65,High,Medium,No,5,59,Low,1,High,Medium,Positive,4,No,Postgraduate,Far,Male,63,2,0,0,1,0,1,-0.9975273084355315,-1.2971304802739094
19,80,Medium,Medium,No,7,94,Medium,0,Medium,Low,Neutral,3,No,College,Moderate,Female,66,1,1,0,1,0,1,-0.16282241129609587,0.0019531149355348125
21,65,High,High,No,7,88,Low,2,Low,Medium,Neutral,1,No,High School,Near,Male,65,2,0,1,0,0,1,0.17105954755967837,-1.2971304802739094
23,79,Medium,Medium,No,5,81,Medium,1,Medium,Medium,Neutral,3,No,High School,Near,Female,67,1,1,1,0,0,1,0.5049415064154527,-0.08465245807842814
24,91,Medium,Medium,No,7,52,Low,0,High,High,Neutral,4,No,College,Near,Male,69,1,0,0,1,0,1,0.6718824858433398,0.9546144180891273
13,70,High,High,No,6,81,Medium,2,Medium,Low,Positive,2,No,Postgraduate,Near,Male,66,2,1,0,1,0,1,-1.1644682878634187,-0.8641026152040947
11,79,Medium,Medium,Yes,7,81,Medium,1,High,Medium,Neutral,2,No,High School,Moderate,Male,64,1,1,0,1,0,1,-1.498350246719193,-0.08465245807842814
28,100,High,Low,Yes,6,72,Medium,1,Low,Medium,Negative,2,No,Postgraduate,Near,Female,73,2,1,0,1,0,1,1.3396464035548883,1.7340645752147938
22,87,Low,Medium,No,8,83,Low,1,Low,Medium,Neutral,1,No,College,Far,Male,66,0,0,0,1,0,1,0.3380005269875655,0.6081921260332754
16,94,Medium,Medium,No,9,93,Low,1,Low,Medium,Negative,4,No,Postgraduate,Near,Female,68,1,0,0,1,0,1,-0.6636453495797573,1.2144311371310161
29,77,High,Low,Yes,8,88,Low,0,Medium,High,Positive,4,No,College,Moderate,Male,70,2,0,0,1,0,1,1.5065873829827754,-0.25786360410635406
21,91,High,Medium,No,9,74,Medium,2,Low,Low,Negative,2,No,High School,Near,Female,69,2,1,1,0,0,1,0.17105954755967837,0.9546144180891273
27,62,Medium,High,Yes,5,63,Low,4,High,Medium,Negative,4,No,High School,Near,Female,67,1,0,0,1,0,1,1.1727054241270012,-1.5569471993157984
20,65,Medium,Low,No,6,74,Low,0,Medium,Medium,Positive,3,No,College,Moderate,Male,62,1,0,1,0,0,1,0.0041185681317912485,-1.2971304802739094
32,68,Medium,Low,No,8,97,High,1,Low,Medium,Positive,2,No,High School,Near,Male,68,1,2,0,1,0,1,2.0074103212664367,-1.0373137612320207
31,76,Medium,High,Yes,9,91,Medium,1,Low,Medium,Neutral,4,No,Postgraduate,Near,Male,72,1,1,1,0,0,1,1.8404693418385496,-0.344469177120317
19,94,Low,Medium,No,8,51,Medium,3,Medium,Low,Positive,5,No,Postgraduate,Near,Male,69,0,1,1,0,0,1,-0.16282241129609587,1.2144311371310161
26,74,Low,Low,No,5,89,Low,3,High,High,Negative,2,No,High School,Near,Male,66,0,0,1,0,0,1,1.005764444699114,-0.5176803231482429
24,86,High,High,No,6,59,Medium,1,Low,Medium,Positive,3,No,High School,Moderate,Female,70,2,1,0,1,0,1,0.6718824858433398,0.5215865530193126
28,88,High,Medium,No,8,79,Medium,0,Medium,Medium,Positive,3,No,High School,Far,Male,71,2,1,0,1,0,1,1.3396464035548883,0.6947976990472384
14,83,Medium,Medium,Yes,7,90,Medium,0,Low,Low,Negative,3,No,College,Near,Female,65,1,1,0,1,0,1,-0.9975273084355315,0.26176983397742365
24,74,High,Medium,Yes,6,78,Medium,3,Low,High,Positive,3,No,College,Near,Female,70,2,1,0,1,0,1,0.6718824858433398,-0.5176803231482429
26,83,Low,Low,No,7,70,High,2,Medium,High,Negative,4,Yes,High School,Moderate,Male,65,0,2,0,1,1,0,1.005764444699114,0.26176983397742365
9,74,Medium,High,No,7,66,Low,1,High,High,Neutral,3,No,High School,Far,Female,62,1,0,1,0,0,1,-1.8322322055749671,-0.5176803231482429
13,63,High,Medium,Yes,5,65,Medium,2,High,Medium,Neutral,2,No,High School,Far,Male,62,2,1,1,0,0,1,-1.1644682878634187,-1.4703416263018354
8,100,High,Medium,Yes,8,92,Medium,1,Medium,High,Neutral,3,No,Postgraduate,Moderate,Female,70,2,1,0,1,0,1,-1.9991731850028542,1.7340645752147938
18,65,Medium,High,Yes,6,91,Medium,5,Low,Medium,Neutral,3,No,College,Near,Male,66,1,1,1,0,1,0,-0.329763390723983,-1.2971304802739094
24,63,High,Low,Yes,7,91,Low,4,Low,Medium,Positive,4,No,High School,Near,Female,67,2,0,1,0,0,1,0.6718824858433398,-1.4703416263018354
29,95,Medium,Low,No,9,64,Medium,1,Medium,High,Positive,3,No,High School,Near,Female,72,1,1,0,1,0,1,1.5065873829827754,1.3010367101449791
20,72,High,Low,Yes,7,90,Low,0,Low,High,Negative,3,No,Postgraduate,Near,Female,66,2,0,1,0,0,1,0.0041185681317912485,-0.6908914691761688
30,86,Medium,Low,Yes,8,52,Medium,2,Medium,Medium,Negative,2,Yes,College,Moderate,Female,68,1,1,0,1,0,1,1.6735283624106625,0.5215865530193126
12,73,High,Medium,No,5,60,Medium,1,Low,Medium,Negative,4,No,High School,Moderate,Male,62,2,1,0,1,0,1,-1.3314092672913058,-0.6042858961622058
10,76,Low,Medium,Yes,8,76,Medium,2,High,High,Positive,3,Yes,Postgraduate,Moderate,Male,64,0,1,1,0,0,1,-1.66529122614708,-0.344469177120317
20,70,Medium,Medium,No,8,70,Medium,0,Low,Medium,Neutral,5,No,Postgraduate,Near,Female,65,1,1,0,1,0,1,0.0041185681317912485,-0.8641026152040947
22,74,Medium,Low,Yes,6,56,Low,4,Medium,High,Negative,3,No,Postgraduate,Moderate,Male,66,1,0,0,1,0,1,0.3380005269875655,-0.5176803231482429
20,76,Medium,Low,No,7,52,Medium,2,Low,High,Neutral,3,No,High School,Near,Female,64,1,1,1,0,0,1,0.0041185681317912485,-0.344469177120317
8,89,Medium,High,Yes,7,81,Low,4,Low,Medium,Neutral,3,No,College,Near,Male,67,1,0,0,1,0,1,-1.9991731850028542,0.7814032720612014
19,80,High,Medium,Yes,7,66,Low,4,Medium,Medium,Negative,4,No,College,Near,Female,69,2,0,0,1,0,1,-0.16282241129609587,0.0019531149355348125
12,98,High,Medium,Yes,8,51,Medium,0,Medium,Low,Positive,5,No,Postgraduate,Moderate,Male,68,2,1,0,1,0,1,-1.3314092672913058,1.5608534291868679
24,62,Medium,Medium,No,6,72,High,2,Low,Low,Neutral,4,No,High School,Near,Male,64,1,2,0,1,0,1,0.6718824858433398,-1.5569471993157984
22,80,High,Medium,Yes,7,65,Medium,2,High,Medium,Neutral,2,No,High School,Moderate,Female,68,2,1,1,0,0,1,0.3380005269875655,0.0019531149355348125
14,83,Low,Low,Yes,9,79,Medium,1,Medium,Low,Positive,3,No,High School,Near,Male,64,0,1,0,1,0,1,-0.9975273084355315,0.26176983397742365
17,97,Medium,High,No,9,96,High,0,High,Medium,Negative,1,No,Postgraduate,Near,Male,71,1,2,0,1,0,1,-0.49670437015187013,1.474247856172905
14,62,High,High,Yes,8,65,Low,3,Low,Medium,Negative,2,No,High School,Far,Male,61,2,0,0,1,0,1,-0.9975273084355315,-1.5569471993157984
20,83,Low,Medium,No,7,100,Medium,4,Low,Medium,Negative,3,No,College,Near,Male,68,0,1,0,1,0,1,0.0041185681317912485,0.26176983397742365
26,94,High,Medium,Yes,10,54,Low,2,High,Medium,Neutral,5,No,High School,Near,Male,73,2,0,0,1,0,1,1.005764444699114,1.2144311371310161
14,70,High,Medium,Yes,9,54,Medium,3,Medium,Medium,Positive,1,No,College,Near,Male,64,2,1,0,1,1,0,-0.9975273084355315,-0.8641026152040947
23,95,Medium,Medium,Yes,7,86,Medium,3,Low,Medium,Positive,4,Yes,Postgraduate,Far,Male,72,1,1,0,1,0,1,0.5049415064154527,1.3010367101449791
17,61,Medium,Medium,Yes,7,87,High,5,Medium,Medium,Neutral,3,No,High School,Near,Male,65,1,2,0,1,0,1,-0.49670437015187013,-1.6435527723297614
15,89,Medium,Medium,Yes,6,71,Medium,1,Medium,High,Positive,4,No,High School,Near,Female,68,1,1,0,1,0,1,-0.8305863290076444,0.7814032720612014
19,97,High,Low,Yes,8,64,Medium,2,Low,High,Positive,3,No,High School,Near,Male,71,2,1,0,1,0,1,-0.16282241129609587,1.474247856172905
14,86,Medium,Low,Yes,8,90,Medium,3,Medium,Medium,Negative,3,Yes,Postgraduate,Near,Male,65,1,1,0,1,1,0,-0.9975273084355315,0.5215865530193126
17,78,Medium,Medium,No,8,98,Low,2,Medium,Medium,Positive,2,No,High School,Near,Male,66,1,0,1,0,0,1,-0.49670437015187013,-0.1712580310923911
13,62,Low,High,No,7,99,Medium,4,Medium,Low,Positive,1,No,Postgraduate,Moderate,Female,63,0,1,0,1,0,1,-1.1644682878634187,-1.5569471993157984
32,97,Medium,High,No,5,82,Medium,1,Medium,Medium,Neutral,3,No,High School,Moderate,Male,74,1,1,0,1,0,1,2.0074103212664367,1.474247856172905
20,79,High,Low,Yes,7,87,Low,2,Medium,High,Neutral,4,Yes,High School,Near,Female,66,2,0,1,0,1,0,0.0041185681317912485,-0.08465245807842814
16,61,Medium,Low,No,8,91,High,2,Medium,High,Neutral,3,No,College,Moderate,Male,63,1,2,0,1,0,1,-0.6636453495797573,-1.6435527723297614
21,88,High,Medium,Yes,6,90,High,2,High,Medium,Neutral,4,No,High School,Moderate,Male,72,2,2,1,0,0,1,0.17105954755967837,0.6947976990472384
19,79,Medium,High,No,7,100,Low,1,High,High,Positive,2,No,College,Far,Female,69,1,0,0,1,0,1,-0.16282241129609587,-0.08465245807842814
19,65,Medium,High,Yes,9,91,Medium,1,Medium,High,Positive,4,No,College,Near,Male,67,1,1,0,1,0,1,-0.16282241129609587,-1.2971304802739094
24,69,Low,High,No,5,83,Low,3,Low,Medium,Neutral,3,No,High School,Near,Male,66,0,0,1,0,0,1,0.6718824858433398,-0.9507081882180577
25,63,High,Medium,No,7,69,Medium,0,Low,High,Negative,5,No,High School,Moderate,Female,64,2,1,1,0,0,1,0.8388234652712269,-1.4703416263018354
17,83,Low,Medium,No,9,80,Medium,4,Medium,High,Negative,2,No,College,Near,Female,67,0,1,0,1,0,1,-0.49670437015187013,0.26176983397742365
17,85,Medium,Low,No,7,94,High,4,Low,Medium,Positive,3,No,College,Near,Female,69,1,2,0,1,0,1,-0.49670437015187013,0.43498098000534957
18,80,Medium,Low,Yes,6,65,Medium,2,Low,High,Negative,2,No,College,Near,Female,65,1,1,0,1,0,1,-0.329763390723983,0.0019531149355348125
6,93,Medium,Medium,No,7,52,High,0,Medium,Medium,Neutral,2,No,College,Near,Female,64,1,2,0,1,0,1,-2.3330551438586284,1.1278255641170531
11,94,Medium,Low,Yes,8,66,High,1,High,Low,Neutral,4,No,High School,Near,Female,65,1,2,0,1,1,0,-1.498350246719193,1.2144311371310161
28,85,Medium,High,Yes,7,98,Medium,2,Low,High,Positive,1,Yes,High School,Near,Male,72,1,1,1,0,0,1,1.3396464035548883,0.43498098000534957
30,61,Low,High,Yes,8,90,Medium,2,Low,High,Negative,2,No,High School,Moderate,Female,66,0,1,0,1,0,1,1.6735283624106625,-1.6435527723297614
19,88,Medium,Low,No,7,59,Medium,2,Low,Medium,Neutral,3,No,College,Near,Female,66,1,1,0,1,0,1,-0.16282241129609587,0.6947976990472384
23,77,High,High,Yes,7,51,Medium,1,Low,Low,Positive,3,No,College,Moderate,Male,67,2,1,1,0,0,1,0.5049415064154527,-0.25786360410635406
22,83,Medium,Medium,Yes,8,83,High,1,High,Medium,Negative,3,Yes,Postgraduate,Moderate,Male,69,1,2,1,0,0,1,0.3380005269875655,0.26176983397742365
38,86,Low,High,Yes,7,79,Low,3,Low,Medium,Negative,3,No,High School,Near,Male,73,0,0,0,1,0,1,3.0090561978337593,0.5215865530193126
27,74,Medium,High,No,6,54,Medium,3,Medium,Medium,Neutral,3,No,College,Near,Female,69,1,1,0,1,0,1,1.1727054241270012,-0.5176803231482429
19,97,Medium,Low,No,8,98,Medium,1,Low,Medium,Neutral,4,Yes,High School,Near,Male,68,1,1,1,0,0,1,-0.16282241129609587,1.474247856172905
14,65,Low,Medium,Yes,7,81,Medium,1,Low,Medium,Positive,3,No,High School,Moderate,Female,61,0,1,0,1,0,1,-0.9975273084355315,-1.2971304802739094
10,87,Medium,Low,Yes,6,83,Medium,0,Low,Medium,Positive,4,No,High School,Near,Male,63,1,1,0,1,1,0,-1.66529122614708,0.6081921260332754
21,60,Medium,High,Yes,8,93,Low,0,Low,Medium,Positive,2,No,High School,Far,Female,63,1,0,0,1,0,1,0.17105954755967837,-1.7301583453437241
15,97,Low,Medium,Yes,9,67,Medium,1,Low,High,Neutral,2,No,College,Near,Male,68,0,1,0,1,0,1,-0.8305863290076444,1.474247856172905
11,65,Medium,High,No,7,78,Medium,2,Low,Medium,Neutral,3,No,Postgraduate,Near,Female,63,1,1,0,1,0,1,-1.498350246719193,-1.2971304802739094
16,64,High,Medium,Yes,7,79,Medium,3,Medium,Medium,Positive,4,Yes,Postgraduate,Near,Female,66,2,1,1,0,0,1,-0.6636453495797573,-1.3837360532878724
14,73,High,Medium,Yes,5,98,Medium,2,Low,Medium,Negative,4,No,High School,Moderate,Female,65,2,1,0,1,0,1,-0.9975273084355315,-0.6042858961622058
30,75,High,High,No,7,57,High,0,Low,Medium,Neutral,1,Yes,College,Near,Female,68,2,2,0,1,0,1,1.6735283624106625,-0.4310747501342799
25,69,Medium,Medium,Yes,7,88,High,0,Low,Medium,Negative,4,No,College,Near,Female,66,1,2,0,1,0,1,0.8388234652712269,-0.9507081882180577
20,83,Low,Low,No,7,79,Low,2,Medium,Medium,Positive,5,No,Postgraduate,Moderate,Male,66,0,0,0,1,1,0,0.0041185681317912485,0.26176983397742365
29,78,High,Medium,No,6,92,Medium,2,Low,Medium,Negative,4,No,High School,Near,Male,70,2,1,1,0,0,1,1.5065873829827754,-0.1712580310923911
20,61,Low,Low,Yes,8,92,Medium,0,Medium,Medium,Negative,2,No,High School,Near,Female,61,0,1,0,1,0,1,0.0041185681317912485,-1.6435527723297614
15,73,Medium,Low,Yes,7,51,Medium,2,Low,High,Negative,3,No,High School,Moderate,Male,61,1,1,1,0,0,1,-0.8305863290076444,-0.6042858961622058
29,92,Medium,Medium,Yes,10,63,High,1,Low,High,Negative,4,No,High School,Moderate,Male,71,1,2,1,0,0,1,1.5065873829827754,1.0412199911030902
23,88,Low,Medium,Yes,7,59,Medium,1,Medium,Medium,Negative,2,No,High School,Near,Male,67,0,1,0,1,0,1,0.5049415064154527,0.6947976990472384
14,89,High,High,Yes,4,73,Medium,2,Medium,High,Negative,3,No,College,Near,Male,70,2,1,0,1,0,1,-0.9975273084355315,0.7814032720612014
19,88,High,Medium,No,5,95,Medium,2,Low,Medium,Negative,4,No,College,Moderate,Male,69,2,1,1,0,0,1,-0.16282241129609587,0.6947976990472384
15,72,High,High,No,8,50,Medium,2,Medium,Medium,Neutral,4,No,High School,Near,Female,65,2,1,0,1,0,1,-0.8305863290076444,-0.6908914691761688
12,64,High,Low,Yes,6,74,High,0,Medium,Medium,Positive,2,No,High School,Moderate,Male,61,2,2,0,1,0,1,-1.3314092672913058,-1.3837360532878724
26,71,Medium,Low,No,6,94,Low,3,Low,Medium,Positive,4,No,Postgraduate,Near,Male,68,1,0,0,1,0,1,1.005764444699114,-0.7774970421901317
31,93,High,Low,Yes,5,96,Medium,2,Low,Medium,Positive,2,No,High School,Near,Male,74,2,1,0,1,0,1,1.8404693418385496,1.1278255641170531
12,99,Medium,Medium,No,6,83,Low,1,Medium,Medium,Negative,3,No,High School,Near,Female,67,1,0,0,1,0,1,-1.3314092672913058,1.6474590022008309
23,80,Medium,Medium,Yes,7,91,Low,5,High,Medium,Negative,1,No,High School,Near,Female,70,1,0,0,1,0,1,0.5049415064154527,0.0019531149355348125
16,60,Low,Medium,Yes,8,66,Low,1,High,High,Neutral,2,Yes,High School,Moderate,Female,59,0,0,1,0,0,1,-0.6636453495797573,-1.7301583453437241
17,66,High,High,No,5,64,Low,0,Medium,High,Neutral,2,No,College,Near,Male,64,2,0,1,0,0,1,-0.49670437015187013,-1.2105249072599464
16,73,High,Medium,Yes,8,52,Medium,2,Medium,High,Positive,4,No,College,Near,Female,66,2,1,0,1,0,1,-0.6636453495797573,-0.6042858961622058
15,83,Low,Low,Yes,5,75,Medium,1,Medium,Medium,Neutral,3,No,High School,Far,Female,63,0,1,0,1,0,1,-0.8305863290076444,0.26176983397742365
20,63,Low,Low,Yes,8,73,Low,0,High,Medium,Neutral,3,No,College,Near,Female,61,0,0,0,1,0,1,0.0041185681317912485,-1.4703416263018354
15,98,Low,High,Yes,8,69,Low,2,Low,Medium,Neutral,4,No,High School,Moderate,Female,68,0,0,0,1,0,1,-0.8305863290076444,1.5608534291868679
22,75,Medium,Medium,No,6,56,Low,3,Medium,Medium,Positive,3,No,High School,Far,Male,65,1,0,1,0,0,1,0.3380005269875655,-0.4310747501342799
20,97,Medium,High,No,5,62,Medium,1,Medium,Medium,Neutral,4,No,High School,Far,Male,69,1,1,1,0,0,1,0.0041185681317912485,1.474247856172905
19,91,High,Low,Yes,8,60,Medium,2,Low,Medium,Neutral,4,No,High School,Moderate,Male,68,2,1,1,0,0,1,-0.16282241129609587,0.9546144180891273
15,90,Medium,Low,Yes,6,97,Low,2,High,High,Positive,2,No,High School,Near,Male,69,1,0,0,1,0,1,-0.8305863290076444,0.8680088450751643
17,84,Medium,Low,Yes,7,98,High,1,Low,High,Neutral,2,No,College,Far,Female,67,1,2,0,1,0,1,-0.49670437015187013,0.34837540699138664
25,85,High,High,No,8,50,High,1,High,Medium,Neutral,1,No,College,Moderate,Female,70,2,2,0,1,0,1,0.8388234652712269,0.43498098000534957
23,86,Medium,Medium,Yes,8,59,Low,1,Low,Medium,Neutral,3,No,Postgraduate,Moderate,Female,68,1,0,0,1,0,1,0.5049415064154527,0.5215865530193126
14,85,Medium,Medium,No,6,94,Low,0,High,Medium,Positive,4,No,College,Near,Male,67,1,0,0,1,0,1,-0.9975273084355315,0.43498098000534957
21,82,High,Medium,No,7,52,Medium,4,Low,Medium,Neutral,3,No,High School,Far,Male,67,2,1,0,1,0,1,0.17105954755967837,0.17516426096346072
25,99,High,Medium,Yes,6,97,High,0,Medium,Medium,Positive,3,No,College,Moderate,Male,75,2,2,0,1,0,1,0.8388234652712269,1.6474590022008309
10,89,Low,Low,Yes,8,69,Low,3,Low,Medium,Negative,4,No,College,Moderate,Male,63,0,0,0,1,0,1,-1.66529122614708,0.7814032720612014
23,91,Low,Medium,No,9,77,High,1,Low,Medium,Positive,5,No,High School,Near,Male,70,0,2,0,1,0,1,0.5049415064154527,0.9546144180891273
16,95,Medium,Low,Yes,6,88,Low,2,High,High,Positive,4,No,High School,Near,Female,70,1,0,0,1,0,1,-0.6636453495797573,1.3010367101449791
23,69,Medium,High,Yes,7,62,Medium,1,Medium,Medium,Neutral,4,Yes,High School,Far,Male,64,1,1,0,1,0,1,0.5049415064154527,-0.9507081882180577
15,63,Medium,Low,No,8,55,Low,0,Medium,Low,Neutral,3,No,College,Near,Female,59,1,0,0,1,0,1,-0.8305863290076444,-1.4703416263018354
9,79,Medium,Low,No,7,90,High,1,High,Low,Neutral,3,No,High School,Near,Male,63,1,2,0,1,0,1,-1.8322322055749671,-0.08465245807842814
10,81,High,Medium,Yes,8,99,Medium,2,Medium,Medium,Positive,4,No,Postgraduate,Moderate,Female,67,2,1,0,1,1,0,-1.66529122614708,0.08855868794949777
20,93,Low,High,Yes,7,83,Medium,0,Medium,Medium,Negative,2,Yes,High School,Near,Male,68,0,1,1,0,0,1,0.0041185681317912485,1.1278255641170531
22,78,Medium,Medium,Yes,5,91,Low,0,Medium,High,Negative,3,No,Postgraduate,Near,Male,68,1,0,1,0,0,1,0.3380005269875655,-0.1712580310923911
15,83,Medium,Medium,No,7,97,Medium,2,Low,High,Neutral,2,No,High School,Near,Female,97,1,1,1,0,0,1,-0.8305863290076444,0.26176983397742365
24,81,Medium,Low,No,9,61,Medium,1,Low,Low,Positive,4,No,College,Near,Female,66,1,1,0,1,0,1,0.6718824858433398,0.08855868794949777
10,62,Medium,Low,No,7,68,High,3,Medium,Medium,Neutral,3,No,Postgraduate,Near,Male,61,1,2,0,1,0,1,-1.66529122614708,-1.5569471993157984
20,85,High,Medium,No,9,61,High,2,High,Medium,Positive,3,No,College,Near,Male,70,2,2,0,1,0,1,0.0041185681317912485,0.43498098000534957
13,93,Low,Low,Yes,4,53,High,1,Medium,Low,Positive,1,No,Postgraduate,Near,Male,65,0,2,0,1,0,1,-1.1644682878634187,1.1278255641170531
16,66,Low,Medium,Yes,8,87,High,3,Medium,Medium,Positive,2,No,High School,Moderate,Female,64,0,2,0,1,0,1,-0.6636453495797573,-1.2105249072599464
20,84,Medium,High,Yes,6,57,High,2,Medium,Medium,Positive,4,No,High School,Far,Female,69,1,2,0,1,0,1,0.0041185681317912485,0.34837540699138664
15,84,Medium,High,No,6,55,Low,1,Medium,Medium,Negative,2,No,High School,Near,Male,64,1,0,1,0,0,1,-0.8305863290076444,0.34837540699138664
18,67,Low,Low,Yes,9,68,Low,2,Low,High,Negative,2,No,Postgraduate,Near,Male,61,0,0,1,0,0,1,-0.329763390723983,-1.1239193342459837
26,65,Low,Medium,No,7,53,Low,3,High,Medium,Positive,2,No,High School,Near,Female,64,0,0,0,1,0,1,1.005764444699114,-1.2971304802739094
17,99,Medium,High,No,6,59,Medium,0,Medium,Medium,Neutral,3,No,High School,Moderate,Male,68,1,1,0,1,0,1,-0.49670437015187013,1.6474590022008309
25,76,Medium,High,No,8,53,High,1,High,High,Positive,3,Yes,High School,Far,Female,67,1,2,0,1,0,1,0.8388234652712269,-0.344469177120317
13,69,High,Low,No,4,94,Medium,3,Low,Low,Positive,3,Yes,High School,Near,Male,62,2,1,0,1,0,1,-1.1644682878634187,-0.9507081882180577
23,67,Medium,Medium,Yes,9,89,Medium,2,Low,High,Neutral,2,No,High School,Near,Female,66,1,1,0,1,0,1,0.5049415064154527,-1.1239193342459837
29,87,Medium,High,Yes,10,93,High,1,Low,Medium,Neutral,4,No,High School,Moderate,Male,72,1,2,0,1,0,1,1.5065873829827754,0.6081921260332754
5,84,Medium,Medium,Yes,8,93,High,4,High,High,Positive,3,No,College,Moderate,Male,68,1,2,0,1,0,1,-2.4999961232865155,0.34837540699138664
15,86,Medium,High,Yes,8,97,Medium,4,High,Medium,Positive,3,No,High School,Near,Male,71,1,1,0,1,0,1,-0.8305863290076444,0.5215865530193126
23,64,Medium,Medium,Yes,7,59,High,3,Medium,Medium,Positive,2,No,High School,Moderate,Female,65,1,2,0,1,0,1,0.5049415064154527,-1.3837360532878724
19,96,Medium,Low,Yes,5,95,Low,2,Medium,Low,Neutral,3,No,High School,Moderate,Female,68,1,0,1,0,1,0,-0.16282241129609587,1.3876422831589421
22,76,Medium,Low,No,9,76,Medium,2,Low,High,Neutral,5,No,High School,Far,Female,65,1,1,0,1,0,1,0.3380005269875655,-0.344469177120317
16,73,High,Low,Yes,8,58,Medium,1,Medium,Medium,Neutral,4,No,High School,Near,Female,64,2,1,0,1,0,1,-0.6636453495797573,-0.6042858961622058
21,78,Medium,Low,No,8,83,Medium,2,Medium,Medium,Positive,4,Yes,High School,Far,Male,65,1,1,0,1,0,1,0.17105954755967837,-0.1712580310923911
19,76,High,High,Yes,8,66,Low,0,Low,High,Negative,4,Yes,High School,Near,Male,65,2,0,1,0,0,1,-0.16282241129609587,-0.344469177120317
27,95,High,Medium,No,7,52,High,3,Medium,High,Negative,3,No,College,Moderate,Female,73,2,2,1,0,0,1,1.1727054241270012,1.3010367101449791
22,97,Medium,High,Yes,6,54,Medium,1,Low,High,Positive,3,No,Postgraduate,Near,Male,72,1,1,0,1,0,1,0.3380005269875655,1.474247856172905
22,72,Low,Medium,Yes,10,71,Medium,1,Medium,Medium,Negative,1,No,College,Near,Male,64,0,1,1,0,0,1,0.3380005269875655,-0.6908914691761688
18,95,Medium,Medium,Yes,7,91,Low,0,Low,Medium,Positive,4,Yes,Postgraduate,Moderate,Male,69,1,0,0,1,0,1,-0.329763390723983,1.3010367101449791
17,91,Medium,Medium,No,6,66,High,1,High,Medium,Positive,3,No,High School,Near,Male,69,1,2,1,0,0,1,-0.49670437015187013,0.9546144180891273
17,97,Medium,High,Yes,9,88,Medium,0,Medium,Medium,Positive,2,No,High School,Near,Male,70,1,1,0,1,1,0,-0.49670437015187013,1.474247856172905
22,70,Low,Medium,No,7,53,Low,1,Low,Medium,Positive,3,No,High School,Near,Female,83,0,0,0,1,0,1,0.3380005269875655,-0.8641026152040947
17,83,High,Medium,No,7,70,Low,3,Low,Medium,Neutral,5,No,Postgraduate,Near,Female,68,2,0,1,0,0,1,-0.49670437015187013,0.26176983397742365
22,71,Low,High,Yes,9,56,High,1,Low,High,Neutral,3,Yes,College,Near,Female,84,0,2,0,1,0,1,0.3380005269875655,-0.7774970421901317
32,93,Medium,Medium,Yes,8,93,High,1,Medium,High,Negative,3,No,Postgraduate,Far,Female,75,1,2,0,1,0,1,2.0074103212664367,1.1278255641170531
25,60,Low,High,No,8,98,Medium,1,Medium,Medium,Neutral,5,No,Postgraduate,Near,Female,67,0,1,0,1,0,1,0.8388234652712269,-1.7301583453437241
18,83,Medium,High,Yes,5,66,Medium,0,High,Medium,Positive,4,No,Postgraduate,Near,Male,69,1,1,1,0,0,1,-0.329763390723983,0.26176983397742365
27,74,High,Medium,No,8,99,High,3,Medium,Medium,Positive,4,No,High School,Near,Male,71,2,2,0,1,1,0,1.1727054241270012,-0.5176803231482429
18,73,Medium,Low,Yes,5,88,Medium,1,Medium,Medium,Positive,5,No,College,Near,Female,66,1,1,0,1,0,1,-0.329763390723983,-0.6042858961622058
8,86,Medium,High,No,6,50,High,1,Medium,Medium,Positive,2,No,College,Near,Male,65,1,2,0,1,0,1,-1.9991731850028542,0.5215865530193126
14,94,High,Medium,No,7,74,Medium,1,High,Medium,Positive,5,No,College,Near,Male,70,2,1,1,0,0,1,-0.9975273084355315,1.2144311371310161
9,84,High,Low,No,7,92,High,1,Low,High,Negative,4,No,Postgraduate,Near,Male,66,2,2,0,1,0,1,-1.8322322055749671,0.34837540699138664
18,94,High,Medium,Yes,8,77,Medium,3,Medium,High,Positive,4,No,Postgraduate,Near,Male,74,2,1,0,1,0,1,-0.329763390723983,1.2144311371310161
20,71,High,Medium,No,8,77,Medium,0,High,Medium,Neutral,4,No,High School,Moderate,Male,66,2,1,1,0,0,1,0.0041185681317912485,-0.7774970421901317
30,81,Medium,High,No,8,72,Low,0,Low,Medium,Neutral,2,No,High School,Moderate,Male,68,1,0,0,1,0,1,1.6735283624106625,0.08855868794949777
22,78,Medium,High,Yes,5,70,Medium,2,Low,Medium,Positive,1,No,College,Near,Male,68,1,1,0,1,0,1,0.3380005269875655,-0.1712580310923911
19,60,Medium,High,No,10,51,Medium,0,Medium,Medium,Positive,3,Yes,College,Near,Female,62,1,1,0,1,0,1,-0.16282241129609587,-1.7301583453437241
25,82,Medium,High,Yes,7,81,Medium,2,Medium,Medium,Neutral,2,No,Postgraduate,Moderate,Male,71,1,1,1,0,0,1,0.8388234652712269,0.17516426096346072
7,86,Medium,Low,No,9,88,Medium,2,Low,Medium,Negative,2,No,College,Near,Female,63,1,1,0,1,0,1,-2.1661141644307413,0.5215865530193126
21,84,High,High,No,4,90,Medium,2,Medium,Low,Neutral,3,No,High School,Far,Male,69,2,1,0,1,0,1,0.17105954755967837,0.34837540699138664
25,89,Medium,Medium,Yes,7,81,High,3,Medium,Medium,Negative,0,No,College,Near,Male,71,1,2,0,1,0,1,0.8388234652712269,0.7814032720612014
11,83,High,Low,Yes,5,67,Medium,1,Medium,Medium,Positive,2,No,Postgraduate,Near,Male,66,2,1,0,1,0,1,-1.498350246719193,0.26176983397742365
27,63,Medium,High,No,6,51,Low,0,Low,Medium,Positive,2,No,Postgraduate,Moderate,Male,64,1,0,0,1,0,1,1.1727054241270012,-1.4703416263018354
22,65,Medium,Medium,Yes,7,95,Low,3,Low,Medium,Positive,2,No,High School,Moderate,Female,65,1,0,0,1,0,1,0.3380005269875655,-1.2971304802739094
18,84,Medium,High,No,6,71,Medium,4,Medium,Low,Positive,2,No,High School,Near,Female,69,1,1,0,1,0,1,-0.329763390723983,0.34837540699138664
24,71,Medium,Low,No,9,80,Medium,2,Medium,High,Positive,3,No,High School,Near,Female,66,1,1,1,0,0,1,0.6718824858433398,-0.7774970421901317
34,63,Medium,High,Yes,10,60,Low,1,Medium,Medium,Negative,4,No,High School,Near,Female,67,1,0,0,1,0,1,2.341292280122211,-1.4703416263018354
21,77,Medium,Low,Yes,6,57,Medium,4,Low,Medium,Negative,5,No,High School,Far,Male,65,1,1,0,1,0,1,0.17105954755967837,-0.25786360410635406
21,82,Low,Low,Yes,6,54,High,3,Low,Medium,Negative,2,No,College,Moderate,Male,65,0,2,0,1,0,1,0.17105954755967837,0.17516426096346072
17,73,High,Medium,No,5,90,High,1,Low,Medium,Positive,4,No,High School,Near,Male,67,2,2,1,0,0,1,-0.49670437015187013,-0.6042858961622058
15,89,Low,Medium,Yes,9,82,Low,1,Medium,Medium,Neutral,3,No,College,Near,Male,66,0,0,0,1,0,1,-0.8305863290076444,0.7814032720612014
25,86,Medium,Medium,Yes,7,81,Low,1,High,Low,Positive,1,No,High School,Near,Male,69,1,0,0,1,0,1,0.8388234652712269,0.5215865530193126
15,73,Medium,High,No,7,96,Low,1,Low,Medium,Negative,2,No,College,Near,Male,64,1,0,0,1,0,1,-0.8305863290076444,-0.6042858961622058
20,90,Medium,Medium,Yes,7,58,High,1,High,High,Neutral,4,No,High School,Near,Male,70,1,2,1,0,0,1,0.0041185681317912485,0.8680088450751643
17,86,High,Medium,Yes,7,59,Low,3,Low,Medium,Positive,3,No,Postgraduate,Moderate,Male,68,2,0,0,1,0,1,-0.49670437015187013,0.5215865530193126
23,85,High,Low,Yes,6,59,Low,1,Medium,Medium,Negative,1,No,High School,Near,Male,68,2,0,0,1,0,1,0.5049415064154527,0.43498098000534957
22,82,High,Medium,Yes,7,71,Low,1,High,Medium,Positive,3,No,High School,Near,Female,69,2,0,1,0,0,1,0.3380005269875655,0.17516426096346072
26,60,Medium,Medium,Yes,7,94,High,3,High,Medium,Positive,2,No,High School,Moderate,Female,68,1,2,0,1,0,1,1.005764444699114,-1.7301583453437241
17,88,Medium,Medium,Yes,8,94,Medium,5,Medium,Medium,Neutral,2,Yes,College,Near,Female,70,1,1,0,1,0,1,-0.49670437015187013,0.6947976990472384
18,75,High,Medium,Yes,5,80,Medium,2,Low,High,Neutral,3,No,High School,Near,Female,67,2,1,0,1,0,1,-0.329763390723983,-0.4310747501342799
14,98,High,High,Yes,7,83,Medium,3,Low,Medium,Positive,3,No,College,Near,Male,72,2,1,0,1,1,0,-0.9975273084355315,1.5608534291868679
17,93,High,Low,No,6,95,Medium,1,Low,Medium,Neutral,4,No,High School,Near,Male,69,2,1,0,1,0,1,-0.49670437015187013,1.1278255641170531
22,84,High,Medium,No,7,81,Medium,1,Medium,Low,Positive,3,No,High School,Moderate,Male,69,2,1,1,0,0,1,0.3380005269875655,0.34837540699138664
25,70,Low,Medium,Yes,8,61,Low,3,Low,Medium,Positive,4,No,College,Moderate,Female,64,0,0,0,1,1,0,0.8388234652712269,-0.8641026152040947
14,68,Low,Medium,Yes,6,85,Medium,2,Medium,Medium,Neutral,3,No,High School,Near,Female,63,0,1,0,1,0,1,-0.9975273084355315,-1.0373137612320207
25,74,High,High,Yes,9,88,Medium,3,Medium,High,Neutral,3,Yes,High School,Near,Male,70,2,1,0,1,0,1,0.8388234652712269,-0.5176803231482429
28,79,High,Medium,Yes,4,82,Medium,0,Medium,Medium,Positive,3,No,High School,Near,Male,70,2,1,1,0,0,1,1.3396464035548883,-0.08465245807842814
22,72,High,Medium,Yes,9,64,Low,1,Medium,Medium,Negative,2,No,College,Near,Female,66,2,0,0,1,0,1,0.3380005269875655,-0.6908914691761688
31,81,Medium,Medium,No,9,70,Low,1,Low,Medium,Neutral,4,No,Postgraduate,Near,Female,70,1,0,0,1,0,1,1.8404693418385496,0.08855868794949777
15,67,Medium,High,Yes,6,74,High,0,High,Medium,Positive,2,No,Postgraduate,Near,Female,66,1,2,0,1,0,1,-0.8305863290076444,-1.1239193342459837
13,99,Medium,Medium,Yes,6,57,Medium,1,Low,Medium,Negative,5,No,College,Near,Male,68,1,1,0,1,0,1,-1.1644682878634187,1.6474590022008309
9,64,Medium,Medium,No,5,73,Medium,1,Medium,Medium,Positive,4,No,College,Near,Male,61,1,1,0,1,0,1,-1.8322322055749671,-1.3837360532878724
29,97,Medium,Medium,No,8,58,Medium,1,High,Medium,Negative,4,No,College,Moderate,Female,72,1,1,1,0,0,1,1.5065873829827754,1.474247856172905
24,97,High,Low,No,7,75,Low,1,Medium,Medium,Negative,2,No,High School,Moderate,Female,69,2,0,0,1,0,1,0.6718824858433398,1.474247856172905
20,81,Medium,Low,Yes,6,53,Low,0,Medium,Low,Neutral,4,No,High School,Far,Female,63,1,0,0,1,0,1,0.0041185681317912485,0.08855868794949777
22,89,Medium,High,Yes,5,97,Medium,2,Medium,Medium,Neutral,5,No,High School,Near,Male,72,1,1,1,0,0,1,0.3380005269875655,0.7814032720612014
13,77,Medium,Medium,Yes,10,62,Medium,1,High,Medium,Neutral,4,No,College,Moderate,Male,65,1,1,1,0,0,1,-1.1644682878634187,-0.25786360410635406
35,85,Medium,High,Yes,6,73,High,1,High,Medium,Negative,5,No,High School,Moderate,Female,74,1,2,0,1,0,1,2.508233259550098,0.43498098000534957
21,74,Medium,Low,Yes,7,52,Low,1,High,Medium,Negative,4,No,High School,Far,Male,62,1,0,0,1,0,1,0.17105954755967837,-0.5176803231482429
21,72,High,Medium,No,7,60,Low,0,Low,Medium,Neutral,4,No,Postgraduate,Near,Male,65,2,0,1,0,0,1,0.17105954755967837,-0.6908914691761688
24,83,Low,High,No,6,85,Low,1,Low,High,Neutral,4,No,High School,Moderate,Female,68,0,0,0,1,0,1,0.6718824858433398,0.26176983397742365
23,80,Medium,Low,Yes,6,56,Medium,3,Medium,Medium,Positive,2,Yes,High School,Near,Male,66,1,1,0,1,0,1,0.5049415064154527,0.0019531149355348125
21,83,High,Medium,Yes,6,81,Low,3,High,Medium,Negative,4,No,Postgraduate,Moderate,Male,71,2,0,0,1,0,1,0.17105954755967837,0.26176983397742365
15,71,Medium,High,No,8,50,Low,1,Medium,Medium,Neutral,2,Yes,Postgraduate,Near,Female,62,1,0,0,1,0,1,-0.8305863290076444,-0.7774970421901317
23,75,Low,High,Yes,6,73,Low,1,Low,Medium,Positive,2,No,High School,Moderate,Female,65,0,0,0,1,0,1,0.5049415064154527,-0.4310747501342799
31,63,Medium,High,No,9,86,Low,0,High,Medium,Neutral,3,No,Postgraduate,Moderate,Male,68,1,0,0,1,0,1,1.8404693418385496,-1.4703416263018354
28,62,Medium,High,No,6,96,Medium,4,Medium,High,Positive,3,No,High School,Near,Male,70,1,1,0,1,0,1,1.3396464035548883,-1.5569471993157984
30,70,Low,Medium,No,8,75,Medium,1,Medium,Medium,Positive,2,No,High School,Near,Female,67,0,1,1,0,0,1,1.6735283624106625,-0.8641026152040947
17,63,Medium,Medium,No,4,92,Medium,2,Low,Medium,Negative,4,No,High School,Near,Female,63,1,1,0,1,0,1,-0.49670437015187013,-1.4703416263018354
14,64,High,High,Yes,6,90,Low,0,Low,High,Negative,2,No,High School,Near,Female,63,2,0,1,0,0,1,-0.9975273084355315,-1.3837360532878724
19,93,Medium,High,No,6,65,Medium,0,Medium,High,Neutral,3,No,High School,Near,Male,69,1,1,0,1,0,1,-0.16282241129609587,1.1278255641170531
20,62,Low,Medium,Yes,5,94,High,3,Medium,Medium,Neutral,3,No,Postgraduate,Near,Male,66,0,2,0,1,0,1,0.0041185681317912485,-1.5569471993157984
27,86,Medium,Medium,Yes,7,82,Low,2,Low,Medium,Positive,3,No,High School,Moderate,Female,70,1,0,0,1,0,1,1.1727054241270012,0.5215865530193126
10,71,Medium,Medium,Yes,7,55,High,2,Low,High,Positive,3,No,College,Near,Female,63,1,2,0,1,0,1,-1.66529122614708,-0.7774970421901317
29,95,Low,Medium,Yes,4,97,Medium,0,Medium,Medium,Positive,4,Yes,College,Moderate,Female,72,0,1,1,0,0,1,1.5065873829827754,1.3010367101449791
19,79,High,Medium,Yes,10,59,Low,1,Medium,Medium,Neutral,3,Yes,College,Moderate,Male,65,2,0,0,1,0,1,-0.16282241129609587,-0.08465245807842814
17,72,Medium,High,Yes,7,74,Low,2,High,Medium,Positive,4,No,Postgraduate,Far,Male,67,1,0,0,1,0,1,-0.49670437015187013,-0.6908914691761688
14,81,Medium,Medium,Yes,7,73,Low,1,High,Medium,Positive,3,Yes,High School,Moderate,Male,63,1,0,1,0,1,0,-0.9975273084355315,0.08855868794949777
10,75,High,Medium,No,9,81,Medium,3,Low,High,Negative,5,No,High School,Near,Female,65,2,1,0,1,0,1,-1.66529122614708,-0.4310747501342799
25,83,Medium,Medium,Yes,8,83,Medium,2,Low,Medium,Neutral,1,Yes,High School,Moderate,Female,67,1,1,0,1,0,1,0.8388234652712269,0.26176983397742365
20,65,Medium,Low,Yes,7,62,High,0,Medium,Medium,Neutral,0,Yes,Postgraduate,Near,Male,80,1,2,0,1,0,1,0.0041185681317912485,-1.2971304802739094
12,100,Medium,Medium,Yes,4,68,Medium,2,Low,Medium,Neutral,3,No,College,Far,Male,68,1,1,0,1,0,1,-1.3314092672913058,1.7340645752147938
12,77,Medium,Medium,Yes,8,57,Medium,2,Low,High,Negative,2,No,College,Moderate,Male,63,1,1,0,1,0,1,-1.3314092672913058,-0.25786360410635406
18,74,Medium,Medium,No,6,56,Medium,1,Medium,Medium,Positive,3,No,College,Moderate,Male,64,1,1,1,0,0,1,-0.329763390723983,-0.5176803231482429
30,88,Medium,Medium,No,9,91,Medium,3,Medium,Low,Positive,3,No,High School,Near,Female,73,1,1,0,1,0,1,1.6735283624106625,0.6947976990472384
18,75,Medium,Medium,Yes,6,88,Low,2,Medium,High,Negative,1,Yes,Postgraduate,Near,Female,66,1,0,0,1,0,1,-0.329763390723983,-0.4310747501342799
11,93,Medium,Medium,Yes,6,72,Low,2,Low,Medium,Negative,3,No,College,Moderate,Male,66,1,0,0,1,0,1,-1.498350246719193,1.1278255641170531
19,78,High,High,No,5,55,Medium,0,Medium,Medium,Neutral,4,No,High School,Moderate,Male,66,2,1,0,1,0,1,-0.16282241129609587,-0.1712580310923911
18,89,Medium,High,Yes,5,72,Low,4,Medium,Low,Neutral,2,No,High School,Near,Female,69,1,0,0,1,0,1,-0.329763390723983,0.7814032720612014
4,64,Medium,High,Yes,7,65,Medium,1,Medium,High,Negative,4,No,High School,Far,Male,59,1,1,0,1,0,1,-2.6669371027144027,-1.3837360532878724
20,94,Medium,Medium,No,7,89,Medium,0,Low,Medium,Neutral,1,No,High School,Near,Male,68,1,1,1,0,0,1,0.0041185681317912485,1.2144311371310161
19,89,Medium,Medium,No,6,55,Medium,1,Low,Medium,Neutral,3,No,Postgraduate,Moderate,Female,67,1,1,1,0,0,1,-0.16282241129609587,0.7814032720612014
24,68,Medium,Medium,Yes,10,73,Low,1,Medium,Medium,Neutral,4,Yes,High School,Moderate,Female,64,1,0,0,1,0,1,0.6718824858433398,-1.0373137612320207
31,66,Low,High,Yes,8,80,Low,0,Low,Low,Negative,4,No,High School,Near,Female,65,0,0,1,0,0,1,1.8404693418385496,-1.2105249072599464
27,73,Medium,Medium,No,7,99,Low,1,Low,Medium,Positive,4,No,College,Near,Male,68,1,0,0,1,0,1,1.1727054241270012,-0.6042858961622058
18,99,Medium,High,Yes,4,54,Low,0,Medium,Medium,Positive,3,No,Postgraduate,Moderate,Male,70,1,0,0,1,0,1,-0.329763390723983,1.6474590022008309
13,70,Medium,Medium,No,8,56,Medium,2,Medium,High,Neutral,0,No,High School,Near,Male,62,1,1,0,1,0,1,-1.1644682878634187,-0.8641026152040947
35,78,High,Low,Yes,10,99,Medium,1,Low,Medium,Positive,2,No,High School,Near,Male,72,2,1,1,0,0,1,2.508233259550098,-0.1712580310923911
20,61,Medium,Low,Yes,7,70,Low,1,Medium,Medium,Positive,4,No,High School,Moderate,Female,62,1,0,1,0,0,1,0.0041185681317912485,-1.6435527723297614
20,76,High,High,Yes,6,87,Low,1,Low,Medium,Negative,4,No,Postgraduate,Moderate,Male,68,2,0,0,1,0,1,0.0041185681317912485,-0.344469177120317
20,83,High,Medium,No,7,89,Medium,3,Low,High,Negative,4,No,High School,Near,Female,69,2,1,1,0,0,1,0.0041185681317912485,0.26176983397742365
21,98,High,Medium,No,5,66,Low,3,High,High,Positive,5,No,High School,Near,Male,73,2,0,0,1,0,1,0.17105954755967837,1.5608534291868679
19,81,High,High,No,8,61,Low,3,Medium,Medium,Negative,5,No,Postgraduate,Near,Male,69,2,0,1,0,0,1,-0.16282241129609587,0.08855868794949777
17,93,Medium,Medium,Yes,9,64,Medium,1,Medium,Medium,Neutral,3,No,High School,Moderate,Female,67,1,1,0,1,0,1,-0.49670437015187013,1.1278255641170531
17,82,Medium,Low,No,6,88,Low,2,Low,Low,Neutral,3,No,Postgraduate,Near,Male,65,1,0,1,0,0,1,-0.49670437015187013,0.17516426096346072
20,62,Low,Low,No,6,92,High,2,Medium,Medium,Positive,3,No,Postgraduate,Moderate,Male,63,0,2,0,1,0,1,0.0041185681317912485,-1.5569471993157984
17,73,High,Medium,Yes,7,85,Medium,2,Low,Medium,Positive,2,No,High School,Moderate,Male,66,2,1,0,1,0,1,-0.49670437015187013,-0.6042858961622058
16,83,Medium,Medium,No,6,72,Medium,1,Low,High,Positive,2,No,College,Near,Male,66,1,1,0,1,0,1,-0.6636453495797573,0.26176983397742365
21,98,Medium,High,No,5,63,Low,0,Low,High,Neutral,2,No,Postgraduate,Near,Male,70,1,0,0,1,0,1,0.17105954755967837,1.5608534291868679
18,94,Medium,Medium,No,6,71,Low,2,High,Medium,Neutral,3,No,Postgraduate,Far,Male,69,1,0,0,1,0,1,-0.329763390723983,1.2144311371310161
29,69,Medium,High,No,6,96,Low,1,High,Medium,Positive,4,No,High School,Near,Female,70,1,0,0,1,0,1,1.5065873829827754,-0.9507081882180577
4,69,Medium,Low,No,9,93,Low,2,Medium,High,Negative,3,No,High School,Moderate,Female,58,1,0,1,0,1,0,-2.6669371027144027,-0.9507081882180577
27,68,Medium,Medium,No,9,66,Medium,3,High,Medium,Positive,3,No,High School,Far,Male,67,1,1,1,0,0,1,1.1727054241270012,-1.0373137612320207
27,97,High,High,Yes,9,66,Low,1,Low,Medium,Positive,3,No,High School,Far,Male,73,2,0,0,1,0,1,1.1727054241270012,1.474247856172905
8,94,High,Low,No,8,89,High,0,Medium,Medium,Neutral,2,No,High School,Near,Female,66,2,2,0,1,0,1,-1.9991731850028542,1.2144311371310161
18,91,High,High,Yes,7,71,High,0,Medium,Medium,Neutral,3,No,High School,Near,Male,70,2,2,0,1,0,1,-0.329763390723983,0.9546144180891273
18,76,High,High,No,6,79,Medium,1,Medium,Medium,Positive,2,No,Postgraduate,Far,Female,67,2,1,1,0,0,1,-0.329763390723983,-0.344469177120317
12,80,Low,Low,No,9,71,High,1,Low,Low,Positive,3,Yes,High School,Moderate,Female,60,0,2,1,0,0,1,-1.3314092672913058,0.0019531149355348125
15,79,High,Medium,No,8,62,Low,1,Low,Low,Positive,3,No,College,Near,Male,65,2,0,0,1,0,1,-0.8305863290076444,-0.08465245807842814
13,70,Medium,Medium,No,5,59,Medium,0,Medium,High,Positive,2,No,Postgraduate,Near,Female,63,1,1,1,0,0,1,-1.1644682878634187,-0.8641026152040947
31,80,High,High,Yes,6,57,Low,1,Medium,High,Positive,3,No,High School,Near,Female,72,2,0,1,0,0,1,1.8404693418385496,0.0019531149355348125
26,61,Low,Medium,Yes,5,51,High,0,Low,Medium,Neutral,5,No,High School,Moderate,Female,62,0,2,1,0,0,1,1.005764444699114,-1.6435527723297614
28,65,Medium,Medium,Yes,4,64,Medium,6,Medium,High,Neutral,3,No,Postgraduate,Near,Male,70,1,1,0,1,0,1,1.3396464035548883,-1.2971304802739094
24,95,High,Low,Yes,8,59,Medium,2,Low,High,Negative,1,No,College,Moderate,Male,70,2,1,0,1,0,1,0.6718824858433398,1.3010367101449791
13,90,Medium,Medium,No,5,63,Medium,0,Low,Medium,Neutral,4,No,High School,Moderate,Female,64,1,1,0,1,0,1,-1.1644682878634187,0.8680088450751643
17,77,Medium,Medium,Yes,6,54,Low,3,Low,Medium,Neutral,4,No,High School,Moderate,Male,64,1,0,0,1,0,1,-0.49670437015187013,-0.25786360410635406
23,81,Medium,Low,Yes,7,67,Medium,0,Medium,High,Positive,5,No,High School,Moderate,Female,67,1,1,1,0,0,1,0.5049415064154527,0.08855868794949777
13,75,Medium,High,Yes,7,76,High,1,Medium,High,Negative,1,No,High School,Moderate,Male,64,1,2,0,1,0,1,-1.1644682878634187,-0.4310747501342799
24,90,Medium,Medium,Yes,6,97,Low,1,High,High,Positive,4,No,High School,Near,Male,72,1,0,0,1,0,1,0.6718824858433398,0.8680088450751643
19,91,Medium,Low,No,9,67,Medium,0,Medium,Medium,Negative,3,No,College,Near,Female,66,1,1,1,0,0,1,-0.16282241129609587,0.9546144180891273
18,91,Medium,Medium,No,5,52,Medium,2,Medium,Medium,Negative,4,No,High School,Moderate,Female,66,1,1,0,1,0,1,-0.329763390723983,0.9546144180891273
24,89,Medium,High,Yes,5,68,Medium,0,Low,High,Positive,2,No,Postgraduate,Near,Female,71,1,1,0,1,0,1,0.6718824858433398,0.7814032720612014
23,68,Low,Low,No,8,91,Medium,5,Low,Medium,Negative,5,No,Postgraduate,Near,Female,66,0,1,0,1,0,1,0.5049415064154527,-1.0373137612320207
18,74,Medium,Low,Yes,6,67,High,2,Low,High,Neutral,2,No,High School,Near,Male,64,1,2,0,1,0,1,-0.329763390723983,-0.5176803231482429
27,79,Medium,Low,No,6,65,Low,0,Medium,Medium,Negative,2,No,College,Near,Male,66,1,0,1,0,0,1,1.1727054241270012,-0.08465245807842814
14,73,Medium,Low,Yes,5,96,Low,1,Low,Medium,Negative,3,No,High School,Moderate,Female,62,1,0,0,1,0,1,-0.9975273084355315,-0.6042858961622058
24,90,Medium,Medium,No,8,65,Medium,4,Low,Medium,Neutral,4,No,High School,Moderate,Male,70,1,1,0,1,0,1,0.6718824858433398,0.8680088450751643
24,73,Medium,Medium,Yes,7,99,Medium,3,Medium,High,Neutral,3,No,High School,Near,Female,69,1,1,1,0,0,1,0.6718824858433398,-0.6042858961622058
18,66,High,Medium,No,7,92,Medium,2,Low,Medium,Neutral,4,No,High School,Moderate,Male,65,2,1,1,0,0,1,-0.329763390723983,-1.2105249072599464
22,76,High,Medium,Yes,6,84,High,2,Medium,High,Neutral,3,No,High School,Near,Male,70,2,2,0,1,0,1,0.3380005269875655,-0.344469177120317
12,99,High,High,Yes,6,80,Medium,0,High,Medium,Positive,3,No,High School,Moderate,Male,70,2,1,0,1,1,0,-1.3314092672913058,1.6474590022008309
26,69,Medium,Medium,Yes,7,61,Medium,1,High,High,Positive,2,No,College,Near,Male,67,1,1,0,1,0,1,1.005764444699114,-0.9507081882180577
19,84,Medium,High,Yes,8,87,Low,2,Low,High,Positive,3,No,High School,Moderate,Female,69,1,0,0,1,0,1,-0.16282241129609587,0.34837540699138664
17,77,Low,Medium,No,9,67,Low,0,Low,High,Neutral,5,Yes,High School,Near,Female,62,0,0,0,1,0,1,-0.49670437015187013,-0.25786360410635406
26,63,Medium,High,Yes,9,74,Medium,1,Low,Medium,Positive,4,No,High School,Near,Female,67,1,1,1,0,0,1,1.005764444699114,-1.4703416263018354
16,80,High,Medium,No,8,55,High,0,Low,Medium,Positive,6,No,College,Moderate,Male,65,2,2,0,1,1,0,-0.6636453495797573,0.0019531149355348125
12,88,Medium,Medium,No,8,65,Medium,0,Low,Medium,Positive,4,No,High School,Near,Male,65,1,1,0,1,0,1,-1.3314092672913058,0.6947976990472384
11,81,Medium,High,Yes,5,76,Medium,1,Low,Medium,Neutral,3,No,Postgraduate,Far,Male,65,1,1,0,1,0,1,-1.498350246719193,0.08855868794949777
24,95,Medium,Low,Yes,6,73,Medium,3,Low,Medium,Positive,2,No,High School,Moderate,Male,69,1,1,0,1,1,0,0.6718824858433398,1.3010367101449791
12,72,Medium,Medium,No,8,67,Low,4,Medium,Medium,Neutral,4,No,High School,Near,Male,63,1,0,0,1,0,1,-1.3314092672913058,-0.6908914691761688
31,63,Low,High,Yes,7,74,Low,3,Medium,Medium,Negative,2,No,College,Moderate,Male,66,0,0,0,1,0,1,1.8404693418385496,-1.4703416263018354
8,97,Medium,High,Yes,8,87,Medium,0,Medium,Medium,Positive,2,Yes,High School,Near,Male,67,1,1,0,1,0,1,-1.9991731850028542,1.474247856172905
30,75,Medium,Medium,No,8,73,High,1,Medium,Medium,Negative,3,No,College,Near,Male,69,1,2,0,1,0,1,1.6735283624106625,-0.4310747501342799
21,83,Medium,Medium,Yes,8,75,High,1,Low,High,Neutral,2,No,High School,Far,Male,67,1,2,0,1,0,1,0.17105954755967837,0.26176983397742365
19,92,Medium,Medium,Yes,5,85,Medium,1,Medium,High,Neutral,4,No,High School,Near,Male,70,1,1,1,0,0,1,-0.16282241129609587,1.0412199911030902
17,73,High,High,Yes,7,92,Medium,2,High,Medium,Negative,2,No,High School,Moderate,Male,67,2,1,1,0,0,1,-0.49670437015187013,-0.6042858961622058
22,89,High,Medium,No,6,76,Medium,2,Low,Medium,Neutral,4,No,High School,Near,Male,70,2,1,0,1,0,1,0.3380005269875655,0.7814032720612014
20,65,High,High,Yes,6,97,Medium,0,Low,Low,Negative,3,No,High School,Moderate,Female,65,2,1,1,0,0,1,0.0041185681317912485,-1.2971304802739094
27,72,Medium,Low,No,4,68,Medium,0,Medium,High,Negative,3,Yes,College,Near,Male,63,1,1,0,1,1,0,1.1727054241270012,-0.6908914691761688
21,66,Medium,Medium,Yes,7,63,Medium,0,High,Medium,Neutral,3,No,High School,Near,Female,64,1,1,0,1,0,1,0.17105954755967837,-1.2105249072599464
21,92,High,Medium,Yes,4,85,Low,1,High,Medium,Negative,3,No,High School,Far,Male,69,2,0,0,1,0,1,0.17105954755967837,1.0412199911030902
18,69,Low,Medium,No,8,59,Low,1,Low,Medium,Positive,4,No,High School,Near,Female,60,0,0,0,1,1,0,-0.329763390723983,-0.9507081882180577
20,89,Low,Medium,Yes,9,95,Medium,3,Low,Medium,Positive,3,No,High School,Moderate,Male,69,0,1,0,1,0,1,0.0041185681317912485,0.7814032720612014
22,98,Medium,Low,Yes,8,69,Medium,4,High,Medium,Positive,2,No,High School,Near,Female,72,1,1,1,0,0,1,0.3380005269875655,1.5608534291868679
10,81,Medium,Low,Yes,7,85,Low,1,Low,Medium,Neutral,2,No,College,Near,Male,63,1,0,0,1,0,1,-1.66529122614708,0.08855868794949777
12,82,Low,Medium,No,9,79,High,0,Low,Medium,Positive,2,No,College,Moderate,Female,63,0,2,1,0,0,1,-1.3314092672913058,0.17516426096346072
24,78,High,Low,Yes,7,53,High,0,Medium,Medium,Neutral,4,Yes,High School,Near,Male,66,2,2,0,1,0,1,0.6718824858433398,-0.1712580310923911
21,73,Medium,Medium,No,6,85,Medium,6,Medium,High,Neutral,5,No,College,Near,Male,70,1,1,0,1,0,1,0.17105954755967837,-0.6042858961622058
19,79,Medium,High,Yes,7,90,Medium,1,High,Medium,Negative,4,No,College,Far,Female,68,1,1,0,1,0,1,-0.16282241129609587,-0.08465245807842814
20,84,Medium,Medium,Yes,10,99,Low,2,Medium,Medium,Positive,3,No,High School,Moderate,Male,69,1,0,1,0,0,1,0.0041185681317912485,0.34837540699138664
22,99,Medium,Medium,Yes,5,71,High,0,Medium,High,Neutral,4,No,College,Near,Female,72,1,2,0,1,0,1,0.3380005269875655,1.6474590022008309
17,98,Low,High,No,5,75,Low,1,Low,Low,Positive,3,Yes,College,Near,Male,67,0,0,1,0,0,1,-0.49670437015187013,1.5608534291868679
15,94,Low,Medium,No,8,94,Low,1,High,Medium,Positive,4,No,High School,Moderate,Male,68,0,0,0,1,0,1,-0.8305863290076444,1.2144311371310161
21,96,Medium,High,No,7,63,Medium,1,Medium,Medium,Negative,2,No,Postgraduate,Far,Female,70,1,1,1,0,0,1,0.17105954755967837,1.3876422831589421
14,79,High,Medium,Yes,6,59,Medium,5,Medium,High,Positive,3,No,Postgraduate,Far,Male,68,2,1,0,1,0,1,-0.9975273084355315,-0.08465245807842814
22,86,Medium,Medium,Yes,5,57,High,2,Medium,Medium,Positive,3,No,College,Moderate,Male,69,1,2,0,1,0,1,0.3380005269875655,0.5215865530193126
10,96,Medium,Medium,No,4,99,Medium,1,Medium,Medium,Negative,5,No,College,Near,Female,68,1,1,1,0,0,1,-1.66529122614708,1.3876422831589421
26,76,Medium,Medium,No,5,64,Low,0,Medium,Medium,Positive,5,No,College,Far,Female,66,1,0,0,1,0,1,1.005764444699114,-0.344469177120317
23,98,Medium,Medium,No,9,88,High,1,Low,Medium,Negative,4,No,Postgraduate,Moderate,Female,72,1,2,0,1,0,1,0.5049415064154527,1.5608534291868679
22,77,Medium,Medium,Yes,7,72,Medium,2,Medium,High,Neutral,3,No,High School,Near,Male,67,1,1,0,1,0,1,0.3380005269875655,-0.25786360410635406
26,84,Low,High,No,4,62,Medium,3,High,High,Positive,2,No,High School,Near,Male,70,0,1,0,1,1,0,1.005764444699114,0.34837540699138664
30,88,High,Medium,Yes,9,96,Medium,1,Medium,High,Neutral,3,Yes,High School,Near,Male,73,2,1,1,0,0,1,1.6735283624106625,0.6947976990472384
26,98,Medium,Low,Yes,9,73,High,1,High,Low,Neutral,6,No,Postgraduate,Moderate,Male,73,1,2,0,1,0,1,1.005764444699114,1.5608534291868679
9,70,Medium,Medium,No,9,78,Low,1,Medium,Low,Neutral,2,No,High School,Near,Female,60,1,0,0,1,0,1,-1.8322322055749671,-0.8641026152040947
12,90,Medium,High,No,6,61,Low,2,Medium,High,Neutral,3,No,College,Near,Male,67,1,0,0,1,0,1,-1.3314092672913058,0.8680088450751643
16,81,High,Medium,Yes,7,66,Medium,3,High,High,Positive,4,No,High School,Near,Male,69,2,1,1,0,0,1,-0.6636453495797573,0.08855868794949777
20,71,Medium,Low,No,7,87,High,1,Medium,Medium,Negative,5,No,High School,Near,Male,65,1,2,0,1,0,1,0.0041185681317912485,-0.7774970421901317
23,91,Low,High,Yes,9,67,Low,2,Low,Medium,Neutral,4,No,High School,Near,Female,70,0,0,0,1,0,1,0.5049415064154527,0.9546144180891273
16,82,High,High,Yes,6,75,Low,3,Medium,Medium,Neutral,3,No,College,Moderate,Female,68,2,0,0,1,0,1,-0.6636453495797573,0.17516426096346072
21,86,Medium,Low,No,6,56,Medium,1,Low,High,Negative,2,No,College,Near,Female,66,1,1,1,0,0,1,0.17105954755967837,0.5215865530193126
15,73,Low,High,Yes,8,93,Medium,1,Low,High,Positive,4,No,College,Far,Male,65,0,1,0,1,0,1,-0.8305863290076444,-0.6042858961622058
16,79,Low,Medium,Yes,9,87,Medium,1,Low,Medium,Neutral,2,No,College,Moderate,Female,64,0,1,0,1,0,1,-0.6636453495797573,-0.08465245807842814
12,85,High,High,Yes,7,88,High,1,Low,Medium,Neutral,0,No,College,Far,Female,67,2,2,0,1,0,1,-1.3314092672913058,0.43498098000534957
14,76,High,Medium,Yes,8,59,Low,3,Medium,Medium,Neutral,5,No,High School,Moderate,Male,65,2,0,1,0,0,1,-0.9975273084355315,-0.344469177120317
12,68,High,High,Yes,7,75,Medium,1,Medium,Low,Positive,4,No,High School,Near,Male,64,2,1,1,0,0,1,-1.3314092672913058,-1.0373137612320207
14,98,High,High,No,7,51,Medium,0,Medium,Low,Positive,1,Yes,High School,Near,Male,67,2,1,0,1,0,1,-0.9975273084355315,1.5608534291868679
26,80,Medium,Low,Yes,6,66,Medium,2,High,Medium,Neutral,4,No,Postgraduate,Near,Male,70,1,1,0,1,0,1,1.005764444699114,0.0019531149355348125
14,89,Medium,Low,Yes,5,67,Low,3,Low,Low,Neutral,3,No,High School,Far,Female,63,1,0,1,0,1,0,-0.9975273084355315,0.7814032720612014
36,76,Medium,Medium,No,6,96,Medium,1,Low,Medium,Neutral,2,No,College,Near,Male,71,1,1,1,0,0,1,2.675174238977985,-0.344469177120317
23,74,High,Low,No,6,100,Low,2,High,Low,Positive,3,No,High School,Near,Male,68,2,0,1,0,0,1,0.5049415064154527,-0.5176803231482429
21,76,Medium,Medium,No,7,81,Medium,0,Medium,High,Positive,2,No,College,Moderate,Female,67,1,1,1,0,0,1,0.17105954755967837,-0.344469177120317
15,76,High,High,Yes,9,76,Medium,1,Medium,High,Neutral,2,No,Postgraduate,Far,Female,67,2,1,0,1,0,1,-0.8305863290076444,-0.344469177120317
24,82,Low,Medium,Yes,7,72,Medium,0,Medium,High,Positive,2,No,Postgraduate,Moderate,Female,68,0,1,0,1,0,1,0.6718824858433398,0.17516426096346072
17,82,High,Medium,No,6,51,Medium,1,Low,Medium,Positive,3,No,Postgraduate,Moderate,Male,66,2,1,0,1,0,1,-0.49670437015187013,0.17516426096346072
21,80,Medium,Medium,Yes,8,90,Medium,0,Medium,Medium,Negative,4,No,College,Near,Male,68,1,1,0,1,0,1,0.17105954755967837,0.0019531149355348125
35,65,High,Medium,Yes,7,84,High,0,Medium,Medium,Positive,2,No,High School,Moderate,Male,70,2,2,0,1,0,1,2.508233259550098,-1.2971304802739094
19,80,Low,Low,No,8,82,Medium,5,Low,Low,Positive,3,No,College,Near,Male,67,0,1,0,1,0,1,-0.16282241129609587,0.0019531149355348125
27,67,Low,Medium,Yes,6,90,Medium,2,High,High,Neutral,3,No,High School,Moderate,Male,67,0,1,1,0,0,1,1.1727054241270012,-1.1239193342459837
16,65,Low,High,No,9,96,Low,2,Low,Medium,Negative,2,No,High School,Near,Male,62,0,0,0,1,0,1,-0.6636453495797573,-1.2971304802739094
20,97,Medium,High,No,9,69,Low,0,Low,Low,Negative,3,Yes,High School,Near,Male,67,1,0,0,1,0,1,0.0041185681317912485,1.474247856172905
31,84,Medium,High,No,7,71,Low,4,Low,Medium,Negative,4,No,High School,Far,Male,70,1,0,0,1,0,1,1.8404693418385496,0.34837540699138664
16,86,High,High,No,8,99,Medium,4,Low,High,Neutral,4,No,College,Near,Male,72,2,1,1,0,0,1,-0.6636453495797573,0.5215865530193126
31,76,Medium,Medium,Yes,9,83,Medium,2,High,Medium,Negative,3,No,High School,Moderate,Female,70,1,1,1,0,0,1,1.8404693418385496,-0.344469177120317
24,96,Low,High,No,6,93,Medium,2,Low,Medium,Neutral,2,No,High School,Moderate,Female,94,0,1,0,1,0,1,0.6718824858433398,1.3876422831589421
17,86,Medium,Medium,No,7,61,Medium,2,High,Medium,Positive,3,No,High School,Moderate,Male,66,1,1,0,1,1,0,-0.49670437015187013,0.5215865530193126
24,91,Low,Low,Yes,7,66,High,2,Low,High,Neutral,3,No,High School,Near,Male,69,0,2,0,1,0,1,0.6718824858433398,0.9546144180891273
26,75,High,Medium,No,5,70,Low,0,High,Low,Neutral,2,No,Postgraduate,Near,Male,68,2,0,1,0,0,1,1.005764444699114,-0.4310747501342799
24,98,High,Low,No,8,66,High,2,Low,Medium,Positive,1,No,High School,Moderate,Male,71,2,2,0,1,0,1,0.6718824858433398,1.5608534291868679
11,93,High,Medium,No,9,94,Medium,4,Low,High,Neutral,4,No,High School,Moderate,Male,69,2,1,0,1,0,1,-1.498350246719193,1.1278255641170531
16,94,Medium,Medium,No,7,76,Low,2,Medium,Medium,Neutral,3,Yes,High School,Near,Female,67,1,0,0,1,0,1,-0.6636453495797573,1.2144311371310161
19,67,Low,Medium,Yes,8,98,Medium,2,Low,Medium,Negative,2,No,Postgraduate,Near,Female,64,0,1,1,0,0,1,-0.16282241129609587,-1.1239193342459837
20,71,Medium,Medium,Yes,9,66,Medium,1,Medium,Low,Negative,5,Yes,College,Near,Female,63,1,1,1,0,0,1,0.0041185681317912485,-0.7774970421901317
24,71,Medium,High,Yes,6,52,Medium,2,Medium,Medium,Neutral,3,No,College,Far,Female,66,1,1,1,0,0,1,0.6718824858433398,-0.7774970421901317
21,71,High,Medium,Yes,8,57,Low,2,High,Medium,Positive,1,No,Postgraduate,Near,Female,66,2,0,0,1,1,0,0.17105954755967837,-0.7774970421901317
12,94,Low,High,Yes,6,61,Medium,3,High,High,Neutral,4,No,College,Near,Male,69,0,1,0,1,0,1,-1.3314092672913058,1.2144311371310161
22,61,Low,Low,Yes,6,82,Low,4,Medium,Medium,Positive,4,No,High School,Moderate,Female,64,0,0,0,1,0,1,0.3380005269875655,-1.6435527723297614
24,63,High,Medium,No,8,59,Low,1,Low,Medium,Neutral,3,Yes,High School,Near,Male,62,2,0,0,1,0,1,0.6718824858433398,-1.4703416263018354
23,71,Medium,Medium,Yes,7,69,High,3,Low,Medium,Positive,5,Yes,High School,Far,Female,66,1,2,0,1,0,1,0.5049415064154527,-0.7774970421901317
26,68,Medium,High,Yes,8,90,Medium,4,Low,High,Neutral,3,No,High School,Near,Male,70,1,1,1,0,0,1,1.005764444699114,-1.0373137612320207
25,69,High,Medium,Yes,7,56,Medium,2,Low,Medium,Neutral,4,No,High School,Near,Male,67,2,1,1,0,0,1,0.8388234652712269,-0.9507081882180577
23,92,Low,Medium,No,8,54,Medium,0,High,Low,Positive,1,No,Postgraduate,Near,Female,68,0,1,0,1,0,1,0.5049415064154527,1.0412199911030902
20,83,High,Low,No,9,77,High,0,Low,Medium,Positive,3,Yes,High School,Near,Male,67,2,2,0,1,0,1,0.0041185681317912485,0.26176983397742365
10,60,Medium,Medium,No,9,85,Medium,0,Medium,High,Positive,4,No,Postgraduate,Near,Male,62,1,1,0,1,0,1,-1.66529122614708,-1.7301583453437241
23,77,Low,Medium,Yes,8,96,Medium,1,High,Medium,Neutral,1,Yes,College,Near,Male,67,0,1,1,0,0,1,0.5049415064154527,-0.25786360410635406
21,76,Medium,High,Yes,8,83,Medium,0,Low,Medium,Positive,5,No,High School,Near,Male,68,1,1,0,1,0,1,0.17105954755967837,-0.344469177120317
22,65,Low,Medium,No,7,97,Low,2,Medium,High,Neutral,4,No,High School,Moderate,Female,64,0,0,1,0,0,1,0.3380005269875655,-1.2971304802739094
12,87,Medium,Low,Yes,7,62,Medium,2,Medium,Medium,Neutral,4,No,High School,Near,Female,64,1,1,0,1,1,0,-1.3314092672913058,0.6081921260332754
14,88,Medium,Medium,No,8,67,Medium,2,High,Low,Neutral,3,No,Postgraduate,Far,Male,66,1,1,0,1,0,1,-0.9975273084355315,0.6947976990472384
26,89,Medium,Low,Yes,7,92,Medium,2,Low,High,Positive,2,No,Postgraduate,Moderate,Male,72,1,1,0,1,0,1,1.005764444699114,0.7814032720612014
20,89,Medium,High,Yes,8,91,Medium,2,Medium,Medium,Positive,3,No,High School,Near,Female,72,1,1,0,1,0,1,0.0041185681317912485,0.7814032720612014
24,60,Medium,High,Yes,9,83,High,2,Medium,Low,Positive,3,Yes,High School,Near,Male,66,1,2,0,1,0,1,0.6718824858433398,-1.7301583453437241
20,98,Low,Medium,No,7,75,High,4,Medium,Medium,Positive,1,No,College,Near,Male,72,0,2,1,0,0,1,0.0041185681317912485,1.5608534291868679
20,93,High,Medium,Yes,4,51,Low,1,Medium,Medium,Positive,3,No,High School,Near,Male,69,2,0,0,1,0,1,0.0041185681317912485,1.1278255641170531
26,96,High,High,Yes,10,64,Low,2,Medium,Medium,Neutral,3,Yes,High School,Near,Female,72,2,0,1,0,0,1,1.005764444699114,1.3876422831589421
17,61,Low,Low,Yes,6,58,Medium,1,Medium,High,Neutral,4,No,High School,Near,Male,60,0,1,0,1,0,1,-0.49670437015187013,-1.6435527723297614
21,97,Medium,Medium,Yes,7,53,Medium,0,High,Medium,Neutral,2,No,High School,Moderate,Male,69,1,1,0,1,0,1,0.17105954755967837,1.474247856172905
17,92,Medium,High,No,8,89,Medium,0,Low,Low,Positive,3,Yes,High School,Near,Male,68,1,1,0,1,0,1,-0.49670437015187013,1.0412199911030902
17,93,Low,Medium,Yes,9,57,High,3,Low,High,Neutral,2,No,College,Near,Male,69,0,2,1,0,0,1,-0.49670437015187013,1.1278255641170531
18,64,Medium,Low,Yes,10,68,Low,1,Low,Medium,Positive,5,No,High School,Near,Male,62,1,0,0,1,0,1,-0.329763390723983,-1.3837360532878724
21,90,Medium,Medium,Yes,6,99,Low,2,Low,High,Positive,2,No,High School,Moderate,Male,71,1,0,0,1,0,1,0.17105954755967837,0.8680088450751643
17,98,Medium,High,Yes,9,70,Low,1,High,Medium,Negative,2,No,High School,Near,Male,70,1,0,1,0,0,1,-0.49670437015187013,1.5608534291868679
28,87,Low,Low,Yes,7,57,Medium,2,Medium,High,Negative,4,No,High School,Moderate,Male,68,0,1,1,0,0,1,1.3396464035548883,0.6081921260332754
15,83,High,Medium,Yes,10,84,Medium,1,High,High,Negative,2,No,College,Near,Male,68,2,1,0,1,0,1,-0.8305863290076444,0.26176983397742365
19,98,Medium,High,No,9,90,Low,1,High,Medium,Positive,2,No,College,Far,Female,70,1,0,1,0,1,0,-0.16282241129609587,1.5608534291868679
17,78,Medium,High,No,7,64,Medium,0,Low,Medium,Neutral,3,No,High School,Near,Female,65,1,1,1,0,0,1,-0.49670437015187013,-0.1712580310923911
29,84,High,Medium,Yes,6,90,Medium,0,Medium,High,Positive,3,No,Postgraduate,Far,Male,73,2,1,0,1,0,1,1.5065873829827754,0.34837540699138664
21,79,High,Medium,No,4,64,Low,0,Low,High,Negative,4,No,College,Moderate,Male,66,2,0,0,1,0,1,0.17105954755967837,-0.08465245807842814
26,97,Medium,Medium,No,8,85,Low,2,High,Low,Neutral,3,No,High School,Near,Male,71,1,0,0,1,1,0,1.005764444699114,1.474247856172905
11,63,High,Medium,Yes,9,56,High,2,Medium,Medium,Neutral,3,No,High School,Near,Female,62,2,2,0,1,0,1,-1.498350246719193,-1.4703416263018354
22,80,Medium,Medium,Yes,8,71,High,2,Low,Medium,Positive,3,No,High School,Near,Female,68,1,2,1,0,0,1,0.3380005269875655,0.0019531149355348125
25,87,Medium,High,No,4,76,Low,1,Low,High,Positive,4,No,College,Far,Male,70,1,0,0,1,0,1,0.8388234652712269,0.6081921260332754
20,92,Medium,Low,No,5,86,Low,0,Medium,Medium,Neutral,2,No,Postgraduate,Moderate,Female,68,1,0,0,1,0,1,0.0041185681317912485,1.0412199911030902
26,83,High,Low,Yes,8,83,Medium,2,Low,High,Neutral,2,No,College,Near,Female,71,2,1,0,1,0,1,1.005764444699114,0.26176983397742365
17,96,Medium,Medium,Yes,10,93,Medium,2,Medium,Low,Negative,4,No,High School,Near,Female,70,1,1,0,1,0,1,-0.49670437015187013,1.3876422831589421
28,98,Medium,Medium,Yes,7,59,Medium,1,Low,Medium,Positive,3,No,High School,Near,Male,72,1,1,0,1,0,1,1.3396464035548883,1.5608534291868679
34,63,Medium,High,Yes,9,83,Medium,2,Medium,High,Negative,2,No,College,Moderate,Male,69,1,1,0,1,0,1,2.341292280122211,-1.4703416263018354
18,76,Medium,High,No,5,56,Medium,1,Low,Low,Negative,2,No,College,Moderate,Male,63,1,1,0,1,0,1,-0.329763390723983,-0.344469177120317
17,61,Medium,Medium,No,7,74,High,0,Medium,Medium,Neutral,2,No,Postgraduate,Near,Female,62,1,2,0,1,0,1,-0.49670437015187013,-1.6435527723297614
29,73,Medium,Medium,No,7,76,Medium,2,Low,High,Neutral,3,No,High School,Near,Female,68,1,1,1,0,0,1,1.5065873829827754,-0.6042858961622058
29,81,Low,Medium,Yes,9,51,Low,2,Medium,Medium,Positive,5,No,Postgraduate,Near,Male,70,0,0,0,1,0,1,1.5065873829827754,0.08855868794949777
17,96,Medium,Medium,Yes,6,54,Medium,1,Medium,Medium,Positive,4,No,High School,Near,Male,69,1,1,1,0,0,1,-0.49670437015187013,1.3876422831589421
17,94,Medium,Medium,No,10,92,Low,2,Low,Medium,Negative,2,No,High School,Near,Male,68,1,0,1,0,0,1,-0.49670437015187013,1.2144311371310161
18,65,High,Medium,Yes,7,64,Medium,2,High,Medium,Positive,1,No,High School,Near,Male,65,2,1,0,1,0,1,-0.329763390723983,-1.2971304802739094
12,64,Medium,Low,No,5,67,Medium,3,Low,Medium,Positive,2,Yes,High School,Near,Male,59,1,1,1,0,0,1,-1.3314092672913058,-1.3837360532878724
14,84,Medium,Medium,No,5,82,Medium,3,Low,Medium,Positive,3,No,College,Far,Male,66,1,1,0,1,0,1,-0.9975273084355315,0.34837540699138664
14,81,High,Medium,No,6,61,Low,0,Low,Medium,Positive,4,No,High School,Moderate,Male,64,2,0,0,1,0,1,-0.9975273084355315,0.08855868794949777
15,71,Low,Medium,No,8,60,High,5,Low,High,Positive,4,No,High School,Far,Female,63,0,2,0,1,1,0,-0.8305863290076444,-0.7774970421901317
20,96,Medium,Medium,No,6,71,Medium,5,Low,High,Neutral,3,No,College,Near,Male,72,1,1,0,1,0,1,0.0041185681317912485,1.3876422831589421
21,97,Medium,High,Yes,6,53,Low,0,Low,Medium,Negative,3,Yes,High School,Moderate,Male,67,1,0,0,1,0,1,0.17105954755967837,1.474247856172905
29,76,Medium,Medium,No,8,96,Low,2,Low,Medium,Positive,2,No,Postgraduate,Moderate,Male,94,1,0,0,1,0,1,1.5065873829827754,-0.344469177120317
14,96,Medium,High,Yes,4,97,Low,2,Medium,Medium,Negative,3,No,High School,Near,Female,70,1,0,0,1,0,1,-0.9975273084355315,1.3876422831589421
26,75,Low,Medium,No,6,72,Medium,0,Low,High,Neutral,3,No,High School,Near,Male,66,0,1,0,1,0,1,1.005764444699114,-0.4310747501342799
19,89,Low,Medium,Yes,5,60,Low,4,Medium,Medium,Positive,2,No,Postgraduate,Moderate,Female,69,0,0,0,1,0,1,-0.16282241129609587,0.7814032720612014
20,79,Medium,Low,Yes,6,74,Low,2,Low,Medium,Positive,2,No,High School,Far,Male,64,1,0,0,1,0,1,0.0041185681317912485,-0.08465245807842814
24,65,Medium,Medium,No,7,55,Low,1,Low,High,Positive,3,Yes,High School,Near,Female,63,1,0,1,0,0,1,0.6718824858433398,-1.2971304802739094
13,97,High,High,No,7,70,Medium,1,Low,High,Neutral,4,No,Postgraduate,Near,Female,71,2,1,0,1,0,1,-1.1644682878634187,1.474247856172905
22,78,High,Medium,No,7,54,Medium,1,Medium,Medium,Negative,3,Yes,High School,Moderate,Male,65,2,1,0,1,0,1,0.3380005269875655,-0.1712580310923911
21,89,Low,Medium,Yes,9,85,Low,1,Medium,Medium,Negative,5,No,College,Far,Female,68,0,0,0,1,0,1,0.17105954755967837,0.7814032720612014
23,75,Medium,Medium,No,7,64,High,1,Low,Medium,Negative,3,Yes,High School,Moderate,Male,64,1,2,0,1,0,1,0.5049415064154527,-0.4310747501342799
22,61,Low,Low,Yes,10,76,High,1,High,High,Positive,2,No,College,Near,Male,64,0,2,0,1,0,1,0.3380005269875655,-1.6435527723297614
35,64,Medium,Medium,Yes,8,51,Medium,2,Medium,Medium,Negative,5,Yes,High School,Near,Male,66,1,1,0,1,0,1,2.508233259550098,-1.3837360532878724
16,80,High,Medium,No,6,76,Medium,1,Medium,High,Positive,4,No,College,Near,Male,68,2,1,0,1,0,1,-0.6636453495797573,0.0019531149355348125
17,88,Medium,Medium,No,10,50,Medium,3,Low,High,Neutral,5,No,College,Moderate,Female,67,1,1,0,1,0,1,-0.49670437015187013,0.6947976990472384
16,73,Low,High,Yes,7,96,Medium,1,Medium,Medium,Positive,3,No,High School,Moderate,Female,66,0,1,1,0,0,1,-0.6636453495797573,-0.6042858961622058
17,88,Medium,Medium,Yes,10,75,Medium,2,Medium,Medium,Neutral,3,No,High School,Near,Male,68,1,1,0,1,0,1,-0.49670437015187013,0.6947976990472384
16,88,Low,Medium,No,7,55,Medium,3,Low,Low,Neutral,3,No,Postgraduate,Near,Male,66,0,1,0,1,0,1,-0.6636453495797573,0.6947976990472384
27,88,Medium,Medium,No,7,67,Medium,3,High,Medium,Neutral,4,No,College,Far,Male,71,1,1,0,1,0,1,1.1727054241270012,0.6947976990472384
29,80,Medium,High,Yes,8,52,Medium,4,Low,Medium,Positive,4,No,High School,Moderate,Female,71,1,1,0,1,0,1,1.5065873829827754,0.0019531149355348125
17,97,Medium,High,No,7,77,Medium,0,Low,Medium,Negative,4,No,College,Far,Male,68,1,1,1,0,0,1,-0.49670437015187013,1.474247856172905
15,80,High,Low,No,9,56,High,3,Medium,Medium,Neutral,3,Yes,High School,Near,Female,64,2,2,0,1,0,1,-0.8305863290076444,0.0019531149355348125
23,78,Medium,Medium,Yes,10,74,Low,3,Medium,Medium,Negative,4,No,High School,Moderate,Male,67,1,0,0,1,0,1,0.5049415064154527,-0.1712580310923911
17,68,High,Medium,Yes,4,65,High,0,Medium,Medium,Positive,2,No,High School,Moderate,Male,64,2,2,1,0,0,1,-0.49670437015187013,-1.0373137612320207
24,72,High,Low,Yes,8,88,High,3,Low,Medium,Positive,2,No,High School,Near,Female,68,2,2,0,1,0,1,0.6718824858433398,-0.6908914691761688
21,62,Medium,Low,No,6,74,High,0,Low,High,Positive,3,Yes,Postgraduate,Far,Male,62,1,2,1,0,0,1,0.17105954755967837,-1.5569471993157984
11,85,Medium,Low,Yes,4,92,Low,0,Medium,High,Neutral,1,No,College,Near,Male,64,1,0,0,1,0,1,-1.498350246719193,0.43498098000534957
29,70,Low,High,No,8,97,Low,3,Low,High,Positive,3,No,Postgraduate,Moderate,Male,70,0,0,0,1,0,1,1.5065873829827754,-0.8641026152040947
31,72,Medium,Medium,No,8,98,High,0,Low,Medium,Neutral,4,No,College,Far,Male,68,1,2,0,1,0,1,1.8404693418385496,-0.6908914691761688
16,91,Medium,Medium,No,8,63,High,2,Medium,High,Neutral,3,No,College,Near,Female,69,1,2,0,1,0,1,-0.6636453495797573,0.9546144180891273
18,73,Low,Medium,Yes,8,88,Low,3,Low,Medium,Positive,4,No,College,Moderate,Male,65,0,0,0,1,0,1,-0.329763390723983,-0.6042858961622058
22,70,Medium,High,Yes,8,72,Medium,2,High,Medium,Neutral,3,No,High School,Near,Male,67,1,1,0,1,0,1,0.3380005269875655,-0.8641026152040947
22,67,High,Medium,No,6,71,Low,2,Medium,Medium,Positive,2,No,College,Moderate,Male,65,2,0,0,1,0,1,0.3380005269875655,-1.1239193342459837
24,91,High,Medium,No,7,93,Low,0,Medium,Medium,Positive,2,No,High School,Moderate,Male,71,2,0,0,1,0,1,0.6718824858433398,0.9546144180891273
32,65,Medium,Low,Yes,8,57,Low,2,Low,Medium,Positive,3,No,High School,Moderate,Female,65,1,0,0,1,0,1,2.0074103212664367,-1.2971304802739094
19,78,Medium,Medium,Yes,9,74,Low,2,Low,Medium,Positive,5,No,High School,Moderate,Female,66,1,0,0,1,0,1,-0.16282241129609587,-0.1712580310923911
15,80,High,Medium,No,7,80,Medium,0,Low,Low,Neutral,5,No,High School,Near,Female,65,2,1,0,1,0,1,-0.8305863290076444,0.0019531149355348125
12,87,Medium,Medium,Yes,7,53,Low,2,Medium,Medium,Neutral,1,No,College,Near,Male,65,1,0,1,0,0,1,-1.3314092672913058,0.6081921260332754
16,85,Low,Medium,No,7,93,High,1,Medium,High,Positive,3,No,High School,Near,Male,68,0,2,0,1,0,1,-0.6636453495797573,0.43498098000534957
20,92,Medium,Medium,Yes,5,66,Medium,2,Medium,Medium,Negative,2,Yes,College,Moderate,Male,68,1,1,0,1,0,1,0.0041185681317912485,1.0412199911030902
31,62,High,Medium,No,8,83,Medium,0,Medium,High,Neutral,2,Yes,College,Near,Female,67,2,1,1,0,0,1,1.8404693418385496,-1.5569471993157984
17,72,Low,Medium,Yes,5,96,High,3,High,Medium,Negative,3,No,High School,Moderate,Male,65,0,2,0,1,0,1,-0.49670437015187013,-0.6908914691761688
21,71,Medium,Low,No,8,86,Medium,2,Medium,High,Neutral,2,No,College,Near,Male,66,1,1,0,1,0,1,0.17105954755967837,-0.7774970421901317
20,66,Medium,Medium,Yes,7,94,Low,0,Medium,Low,Neutral,4,No,High School,Moderate,Female,63,1,0,0,1,0,1,0.0041185681317912485,-1.2105249072599464
27,72,High,High,Yes,5,53,Medium,1,High,Medium,Neutral,5,No,Postgraduate,Near,Male,70,2,1,1,0,0,1,1.1727054241270012,-0.6908914691761688
35,72,High,High,Yes,5,75,Medium,1,Low,Medium,Positive,5,No,College,Moderate,Male,72,2,1,0,1,0,1,2.508233259550098,-0.6908914691761688
17,81,Medium,High,No,6,78,Medium,2,Low,Medium,Positive,2,No,High School,Moderate,Male,67,1,1,1,0,0,1,-0.49670437015187013,0.08855868794949777
17,87,High,Low,Yes,6,84,Medium,0,Medium,Medium,Positive,3,No,College,Far,Male,67,2,1,0,1,0,1,-0.49670437015187013,0.6081921260332754
26,75,Low,Medium,Yes,9,56,Medium,1,Low,Medium,Positive,5,No,High School,Moderate,Male,66,0,1,0,1,0,1,1.005764444699114,-0.4310747501342799
24,89,Low,Medium,No,7,83,Medium,1,Low,Low,Neutral,3,No,High School,Moderate,Male,66,0,1,0,1,1,0,0.6718824858433398,0.7814032720612014
31,73,High,Medium,Yes,8,57,Medium,2,Low,High,Neutral,4,No,High School,Far,Male,69,2,1,0,1,0,1,1.8404693418385496,-0.6042858961622058
24,72,Medium,Low,Yes,9,53,Medium,0,Low,High,Neutral,4,Yes,High School,Moderate,Male,62,1,1,1,0,0,1,0.6718824858433398,-0.6908914691761688
18,82,Low,Medium,No,9,73,Low,2,Low,Medium,Positive,4,No,College,Near,Female,66,0,0,0,1,0,1,-0.329763390723983,0.17516426096346072
24,61,Medium,Medium,No,7,80,High,0,Low,Medium,Positive,3,No,Postgraduate,Moderate,Male,64,1,2,0,1,0,1,0.6718824858433398,-1.6435527723297614
27,63,High,Medium,Yes,6,98,Medium,1,Low,High,Positive,2,No,High School,Moderate,Female,67,2,1,0,1,0,1,1.1727054241270012,-1.4703416263018354
25,77,High,High,No,8,85,Medium,2,Medium,Medium,Positive,1,No,College,Near,Male,71,2,1,0,1,0,1,0.8388234652712269,-0.25786360410635406
23,98,High,Medium,Yes,6,80,Medium,1,Medium,Medium,Positive,2,No,High School,Moderate,Male,73,2,1,0,1,0,1,0.5049415064154527,1.5608534291868679
26,89,Medium,Low,Yes,10,61,Low,0,Medium,High,Neutral,3,No,High School,Moderate,Female,68,1,0,0,1,0,1,1.005764444699114,0.7814032720612014
27,64,High,Low,Yes,8,58,Medium,2,High,High,Neutral,1,No,Postgraduate,Far,Male,66,2,1,0,1,0,1,1.1727054241270012,-1.3837360532878724
28,94,Medium,High,Yes,7,80,Medium,3,Low,High,Positive,4,No,Postgraduate,Far,Male,75,1,1,0,1,0,1,1.3396464035548883,1.2144311371310161
24,89,Medium,High,Yes,8,61,Medium,1,Low,High,Positive,3,No,Postgraduate,Near,Female,72,1,1,0,1,0,1,0.6718824858433398,0.7814032720612014
19,84,High,Low,Yes,7,85,Medium,1,High,Medium,Neutral,3,No,High School,Near,Male,68,2,1,1,0,0,1,-0.16282241129609587,0.34837540699138664
21,93,Medium,Medium,Yes,6,56,Medium,1,Low,Medium,Positive,3,No,High School,Near,Male,68,1,1,0,1,1,0,0.17105954755967837,1.1278255641170531
27,76,Low,High,Yes,8,67,Medium,1,Medium,Medium,Positive,4,No,High School,Near,Male,69,0,1,0,1,0,1,1.1727054241270012,-0.344469177120317
15,69,Medium,Medium,Yes,7,89,Medium,1,Low,High,Negative,2,No,College,Moderate,Female,63,1,1,0,1,0,1,-0.8305863290076444,-0.9507081882180577
22,80,Medium,High,Yes,10,92,Medium,0,Medium,High,Positive,2,No,High School,Near,Female,70,1,1,0,1,0,1,0.3380005269875655,0.0019531149355348125
18,82,Low,Medium,Yes,6,67,Low,1,High,Low,Positive,3,No,Postgraduate,Moderate,Male,66,0,0,1,0,0,1,-0.329763390723983,0.17516426096346072
20,82,Low,Low,Yes,8,60,Medium,3,Medium,High,Positive,4,No,High School,Moderate,Male,66,0,1,0,1,0,1,0.0041185681317912485,0.17516426096346072
28,83,Medium,High,No,6,98,Medium,1,Low,High,Neutral,2,No,Postgraduate,Moderate,Male,72,1,1,1,0,0,1,1.3396464035548883,0.26176983397742365
21,98,Low,Medium,No,6,88,Medium,1,Medium,Low,Neutral,3,No,Postgraduate,Near,Male,71,0,1,0,1,0,1,0.17105954755967837,1.5608534291868679
20,96,High,Medium,No,4,90,Medium,3,Low,Medium,Neutral,2,No,College,Near,Male,72,2,1,1,0,0,1,0.0041185681317912485,1.3876422831589421
12,95,Medium,Medium,No,8,61,High,4,High,High,Neutral,1,No,College,Near,Male,69,1,2,1,0,0,1,-1.3314092672913058,1.3010367101449791
24,92,Low,High,Yes,6,71,Low,2,Low,High,Positive,2,No,High School,Near,Male,71,0,0,0,1,0,1,0.6718824858433398,1.0412199911030902
24,98,Medium,Low,No,9,53,Medium,3,High,Low,Negative,2,No,Postgraduate,Far,Male,69,1,1,1,0,0,1,0.6718824858433398,1.5608534291868679
33,64,High,Medium,No,8,55,Medium,1,Medium,High,Neutral,3,No,College,Moderate,Female,68,2,1,0,1,0,1,2.174351300694324,-1.3837360532878724
18,71,Low,Low,Yes,7,61,Low,2,Low,Medium,Negative,4,No,College,Near,Male,61,0,0,0,1,0,1,-0.329763390723983,-0.7774970421901317
21,80,Medium,High,No,5,65,High,2,Medium,Low,Neutral,1,No,Postgraduate,Moderate,Male,68,1,2,1,0,0,1,0.17105954755967837,0.0019531149355348125
21,94,High,Medium,Yes,8,100,Low,0,Low,Medium,Neutral,3,No,Postgraduate,Near,Male,72,2,0,0,1,0,1,0.17105954755967837,1.2144311371310161
29,80,Medium,Medium,Yes,6,71,Medium,0,Medium,Medium,Positive,3,No,College,Moderate,Female,70,1,1,0,1,0,1,1.5065873829827754,0.0019531149355348125
19,90,High,Medium,Yes,5,85,High,0,Medium,High,Positive,5,No,Postgraduate,Near,Female,73,2,2,1,0,0,1,-0.16282241129609587,0.8680088450751643
22,66,Medium,High,No,8,95,Low,3,Medium,Medium,Positive,3,No,High School,Moderate,Female,67,1,0,1,0,0,1,0.3380005269875655,-1.2105249072599464
24,70,Medium,High,No,5,62,Medium,2,Low,Medium,Negative,4,Yes,College,Near,Male,65,1,1,1,0,0,1,0.6718824858433398,-0.8641026152040947
21,89,Medium,Medium,No,4,57,Medium,1,High,Medium,Positive,2,No,High School,Near,Female,68,1,1,1,0,0,1,0.17105954755967837,0.7814032720612014
17,67,Low,High,Yes,9,62,High,3,Medium,Medium,Positive,3,No,High School,Near,Male,65,0,2,0,1,0,1,-0.49670437015187013,-1.1239193342459837
21,74,High,Medium,No,6,94,Medium,1,Low,High,Positive,1,No,High School,Near,Male,97,2,1,0,1,0,1,0.17105954755967837,-0.5176803231482429
26,71,High,Low,Yes,4,83,Low,1,Medium,Medium,Negative,3,No,College,Moderate,Male,66,2,0,0,1,0,1,1.005764444699114,-0.7774970421901317
14,74,High,High,Yes,6,73,High,2,Medium,Medium,Neutral,3,No,High School,Near,Female,67,2,2,1,0,0,1,-0.9975273084355315,-0.5176803231482429
21,88,High,Medium,No,6,91,Medium,2,High,Medium,Neutral,1,No,High School,Moderate,Female,70,2,1,0,1,0,1,0.17105954755967837,0.6947976990472384
16,75,High,Medium,Yes,9,62,Medium,3,Low,Medium,Positive,4,No,High School,Moderate,Female,66,2,1,0,1,0,1,-0.6636453495797573,-0.4310747501342799
27,82,Medium,High,Yes,5,62,Low,1,Low,High,Neutral,4,No,High School,Moderate,Female,69,1,0,1,0,0,1,1.1727054241270012,0.17516426096346072
11,64,High,Medium,Yes,5,78,Low,2,Low,High,Neutral,4,No,College,Moderate,Male,62,2,0,1,0,0,1,-1.498350246719193,-1.3837360532878724
17,92,Medium,Low,Yes,8,90,High,1,High,Low,Negative,3,No,High School,Near,Male,68,1,2,0,1,0,1,-0.49670437015187013,1.0412199911030902
22,75,Medium,High,Yes,6,63,Low,1,Low,Medium,Positive,2,No,College,Near,Male,67,1,0,0,1,0,1,0.3380005269875655,-0.4310747501342799
29,86,Medium,Medium,Yes,7,61,Medium,0,Medium,Medium,Negative,4,No,High School,Far,Female,68,1,1,0,1,0,1,1.5065873829827754,0.5215865530193126
20,89,High,Medium,Yes,6,74,Medium,1,Low,High,Neutral,2,No,High School,Moderate,Male,69,2,1,1,0,0,1,0.0041185681317912485,0.7814032720612014
17,68,Medium,Medium,Yes,10,57,Medium,1,High,Medium,Positive,1,Yes,High School,Moderate,Female,62,1,1,1,0,0,1,-0.49670437015187013,-1.0373137612320207
31,95,High,Medium,Yes,5,87,Medium,2,Low,Medium,Neutral,3,No,Postgraduate,Moderate,Male,75,2,1,0,1,0,1,1.8404693418385496,1.3010367101449791
11,85,Medium,Medium,No,7,79,Low,2,High,Low,Positive,3,No,High School,Near,Male,65,1,0,0,1,0,1,-1.498350246719193,0.43498098000534957
7,77,High,Medium,No,9,76,Medium,2,Medium,High,Negative,3,No,College,Moderate,Male,63,2,1,0,1,0,1,-2.1661141644307413,-0.25786360410635406
23,67,High,Medium,No,6,94,Low,1,Medium,Medium,Positive,2,No,College,Far,Male,66,2,0,0,1,0,1,0.5049415064154527,-1.1239193342459837
17,98,Low,High,No,6,87,High,3,Medium,Medium,Positive,5,No,College,Near,Female,71,0,2,1,0,1,0,-0.49670437015187013,1.5608534291868679
14,90,High,Medium,Yes,8,57,Medium,0,Medium,Medium,Positive,3,Yes,College,Moderate,Male,66,2,1,0,1,0,1,-0.9975273084355315,0.8680088450751643
24,68,Medium,Medium,No,9,71,Medium,2,Medium,Medium,Neutral,4,No,College,Near,Male,66,1,1,0,1,0,1,0.6718824858433398,-1.0373137612320207
21,74,Medium,High,No,6,66,Low,1,Medium,High,Negative,4,No,High School,Near,Male,66,1,0,1,0,0,1,0.17105954755967837,-0.5176803231482429
17,92,High,High,Yes,9,90,Medium,1,High,Low,Positive,3,No,High School,Moderate,Male,71,2,1,0,1,0,1,-0.49670437015187013,1.0412199911030902
12,88,Medium,Medium,Yes,7,86,High,3,Medium,High,Positive,3,Yes,High School,Moderate,Male,68,1,2,0,1,0,1,-1.3314092672913058,0.6947976990472384
25,91,Medium,Medium,No,8,74,High,1,Medium,High,Positive,3,No,College,Moderate,Male,71,1,2,1,0,0,1,0.8388234652712269,0.9546144180891273
24,78,Medium,Medium,Yes,9,91,Low,0,High,High,Negative,3,No,Postgraduate,Far,Female,68,1,0,0,1,0,1,0.6718824858433398,-0.1712580310923911
19,89,Low,Medium,No,8,71,Medium,2,Low,High,Positive,4,No,High School,Near,Male,68,0,1,0,1,0,1,-0.16282241129609587,0.7814032720612014
31,75,Medium,Medium,No,7,90,Low,2,Medium,High,Neutral,2,Yes,High School,Moderate,Male,68,1,0,0,1,0,1,1.8404693418385496,-0.4310747501342799
14,68,Medium,Medium,Yes,6,52,Medium,2,Low,Medium,Positive,2,No,College,Near,Male,62,1,1,0,1,0,1,-0.9975273084355315,-1.0373137612320207
11,85,High,Low,Yes,10,57,High,0,Medium,High,Neutral,5,No,High School,Near,Male,65,2,2,0,1,0,1,-1.498350246719193,0.43498098000534957
16,99,Low,High,No,6,88,High,2,Low,Low,Neutral,3,No,Postgraduate,Near,Male,71,0,2,0,1,0,1,-0.6636453495797573,1.6474590022008309
20,72,Medium,High,Yes,7,56,Low,0,Low,Medium,Negative,6,Yes,College,Moderate,Male,63,1,0,0,1,0,1,0.0041185681317912485,-0.6908914691761688
21,78,High,Medium,No,8,84,Low,1,High,Low,Positive,4,No,High School,Near,Male,68,2,0,0,1,0,1,0.17105954755967837,-0.1712580310923911
19,87,High,Low,Yes,8,86,Low,1,Medium,High,Positive,4,No,High School,Moderate,Female,69,2,0,0,1,0,1,-0.16282241129609587,0.6081921260332754
22,82,High,High,No,10,83,Medium,1,Low,High,Neutral,2,Yes,College,Moderate,Male,69,2,1,1,0,0,1,0.3380005269875655,0.17516426096346072
12,94,Medium,High,Yes,7,91,Low,3,Medium,Medium,Positive,3,No,Postgraduate,Near,Female,71,1,0,1,0,0,1,-1.3314092672913058,1.2144311371310161
29,90,Medium,High,No,7,76,Medium,0,Low,Medium,Neutral,1,No,Postgraduate,Moderate,Female,71,1,1,0,1,0,1,1.5065873829827754,0.8680088450751643
20,62,Medium,Medium,Yes,9,95,Low,0,Medium,Medium,Neutral,3,Yes,High School,Near,Male,62,1,0,1,0,0,1,0.0041185681317912485,-1.5569471993157984
27,100,Low,Low,Yes,7,78,Low,2,Medium,Medium,Negative,2,No,High School,Near,Male,70,0,0,0,1,0,1,1.1727054241270012,1.7340645752147938
22,90,High,High,No,8,75,High,1,Low,Low,Neutral,3,No,College,Moderate,Male,70,2,2,1,0,0,1,0.3380005269875655,0.8680088450751643
23,95,Medium,Medium,Yes,7,75,Medium,2,High,Medium,Positive,2,No,College,Near,Male,73,1,1,0,1,0,1,0.5049415064154527,1.3010367101449791
23,86,Medium,High,Yes,8,96,Low,3,Medium,Medium,Positive,2,No,High School,Moderate,Female,71,1,0,1,0,0,1,0.5049415064154527,0.5215865530193126
23,94,Medium,Low,Yes,8,62,Medium,2,Low,Medium,Positive,0,No,Postgraduate,Moderate,Female,69,1,1,0,1,0,1,0.5049415064154527,1.2144311371310161
24,64,Medium,High,Yes,6,85,High,0,High,Low,Neutral,3,Yes,Postgraduate,Near,Male,66,1,2,1,0,0,1,0.6718824858433398,-1.3837360532878724
28,74,Medium,Low,Yes,4,62,Medium,1,Low,Medium,Neutral,3,No,High School,Moderate,Male,65,1,1,1,0,0,1,1.3396464035548883,-0.5176803231482429
21,95,High,Medium,No,4,55,Medium,2,Medium,High,Neutral,1,No,College,Near,Male,71,2,1,1,0,0,1,0.17105954755967837,1.3010367101449791
24,68,Medium,Medium,Yes,4,98,High,2,Medium,High,Negative,2,No,High School,Near,Male,68,1,2,0,1,0,1,0.6718824858433398,-1.0373137612320207
19,63,Medium,High,Yes,7,56,Medium,2,Low,Medium,Positive,3,No,High School,Near,Female,64,1,1,1,0,0,1,-0.16282241129609587,-1.4703416263018354
29,92,Low,Low,Yes,4,84,Medium,2,Low,Medium,Negative,3,No,Postgraduate,Near,Male,71,0,1,0,1,0,1,1.5065873829827754,1.0412199911030902
16,93,Low,Medium,No,7,71,Medium,0,Medium,High,Positive,2,No,High School,Near,Male,67,0,1,0,1,0,1,-0.6636453495797573,1.1278255641170531
31,67,Medium,Low,No,7,92,High,2,Medium,Medium,Negative,3,No,High School,Far,Female,66,1,2,0,1,0,1,1.8404693418385496,-1.1239193342459837
20,94,Low,High,Yes,8,89,Medium,1,Low,Medium,Positive,4,No,High School,Near,Male,71,0,1,0,1,0,1,0.0041185681317912485,1.2144311371310161
11,87,Low,Medium,No,8,57,High,0,Low,Medium,Negative,2,No,High School,Moderate,Male,62,0,2,0,1,0,1,-1.498350246719193,0.6081921260332754
21,81,High,Medium,No,8,73,Medium,3,Low,Medium,Positive,2,Yes,High School,Near,Male,67,2,1,0,1,0,1,0.17105954755967837,0.08855868794949777
16,93,Medium,Low,Yes,8,51,Medium,3,Low,Medium,Neutral,2,No,College,Near,Male,67,1,1,0,1,0,1,-0.6636453495797573,1.1278255641170531
25,77,Low,Medium,Yes,7,71,Medium,0,Medium,Medium,Negative,3,No,High School,Near,Female,66,0,1,0,1,0,1,0.8388234652712269,-0.25786360410635406
16,68,Low,Medium,Yes,7,85,High,1,Low,High,Positive,3,No,Postgraduate,Moderate,Female,64,0,2,1,0,0,1,-0.6636453495797573,-1.0373137612320207
17,71,Low,Medium,Yes,6,62,Medium,2,Low,Medium,Neutral,3,Yes,College,Near,Male,62,0,1,0,1,0,1,-0.49670437015187013,-0.7774970421901317
9,80,Medium,High,No,7,91,Low,1,Medium,Medium,Neutral,3,No,College,Near,Female,65,1,0,0,1,0,1,-1.8322322055749671,0.0019531149355348125
17,81,Medium,Low,Yes,5,53,Low,0,Medium,Medium,Neutral,1,No,College,Near,Male,63,1,0,0,1,0,1,-0.49670437015187013,0.08855868794949777
5,92,Medium,Medium,Yes,9,52,Medium,2,High,Medium,Neutral,4,Yes,College,Moderate,Female,64,1,1,1,0,0,1,-2.4999961232865155,1.0412199911030902
10,92,Low,High,Yes,6,51,Low,1,Medium,Medium,Neutral,3,No,High School,Near,Female,65,0,0,1,0,0,1,-1.66529122614708,1.0412199911030902
25,83,Medium,High,No,7,64,Medium,0,Low,Medium,Neutral,2,No,College,Moderate,Male,68,1,1,0,1,0,1,0.8388234652712269,0.26176983397742365
25,91,Medium,High,Yes,7,73,Medium,2,Low,Medium,Positive,3,No,High School,Near,Female,72,1,1,0,1,0,1,0.8388234652712269,0.9546144180891273
23,68,Medium,Medium,Yes,9,55,Medium,0,Low,Medium,Positive,3,No,College,Moderate,Male,64,1,1,0,1,0,1,0.5049415064154527,-1.0373137612320207
14,62,High,Medium,No,4,100,Low,1,Low,Medium,Neutral,3,No,High School,Near,Male,62,2,0,0,1,0,1,-0.9975273084355315,-1.5569471993157984
20,95,Medium,Low,Yes,7,100,Low,3,Low,Medium,Neutral,2,No,High School,Near,Female,69,1,0,1,0,1,0,0.0041185681317912485,1.3010367101449791
20,63,Low,Low,Yes,8,76,Medium,3,Medium,Medium,Neutral,4,No,Postgraduate,Near,Female,64,0,1,0,1,0,1,0.0041185681317912485,-1.4703416263018354
13,70,High,Medium,No,10,78,Medium,1,Low,Medium,Negative,2,No,High School,Far,Female,61,2,1,0,1,0,1,-1.1644682878634187,-0.8641026152040947
29,88,Medium,High,No,7,96,Low,2,Low,Low,Positive,2,No,High School,Near,Female,72,1,0,0,1,0,1,1.5065873829827754,0.6947976990472384
25,76,Medium,Low,Yes,6,88,Low,1,Medium,Medium,Negative,3,No,College,Far,Male,66,1,0,1,0,0,1,0.8388234652712269,-0.344469177120317
19,95,High,Low,No,10,58,Low,2,High,Medium,Positive,3,No,High School,Near,Male,69,2,0,0,1,0,1,-0.16282241129609587,1.3010367101449791
20,72,Medium,Medium,No,8,90,High,2,Low,Low,Neutral,2,No,College,Near,Female,65,1,2,1,0,1,0,0.0041185681317912485,-0.6908914691761688
21,60,High,Medium,Yes,9,62,Medium,2,Low,Medium,Positive,3,No,High School,Near,Male,64,2,1,0,1,0,1,0.17105954755967837,-1.7301583453437241
8,72,Low,Medium,Yes,5,72,Medium,3,High,Low,Positive,4,No,High School,Near,Female,62,0,1,1,0,0,1,-1.9991731850028542,-0.6908914691761688
19,83,Medium,Medium,No,8,77,High,1,Low,Medium,Positive,4,No,High School,Far,Male,66,1,2,0,1,0,1,-0.16282241129609587,0.26176983397742365
16,75,Low,Low,Yes,5,86,Medium,0,Low,Medium,Positive,1,No,College,Moderate,Female,62,0,1,0,1,0,1,-0.6636453495797573,-0.4310747501342799
14,81,Medium,Medium,Yes,5,58,High,3,Low,High,Negative,4,No,Postgraduate,Moderate,Male,66,1,2,0,1,0,1,-0.9975273084355315,0.08855868794949777
18,95,Medium,High,No,8,54,Medium,2,High,Medium,Neutral,3,No,College,Moderate,Female,70,1,1,0,1,0,1,-0.329763390723983,1.3010367101449791
31,96,Medium,Medium,Yes,8,93,Low,3,Low,Medium,Positive,3,No,High School,Near,Male,75,1,0,0,1,0,1,1.8404693418385496,1.3876422831589421
24,71,Low,High,Yes,6,91,Medium,3,High,Medium,Neutral,2,No,High School,Far,Female,67,0,1,0,1,0,1,0.6718824858433398,-0.7774970421901317
17,78,Low,Medium,Yes,9,76,Low,4,Medium,Medium,Positive,2,No,College,Near,Male,66,0,0,0,1,0,1,-0.49670437015187013,-0.1712580310923911
23,82,Medium,High,No,6,83,Medium,2,Medium,Medium,Positive,3,No,Postgraduate,Moderate,Male,71,1,1,1,0,0,1,0.5049415064154527,0.17516426096346072
28,98,High,Medium,Yes,7,86,Medium,2,Medium,High,Neutral,2,No,High School,Near,Female,75,2,1,1,0,0,1,1.3396464035548883,1.5608534291868679
26,100,High,High,No,7,74,Low,1,Medium,Medium,Neutral,2,No,High School,Far,Female,72,2,0,0,1,0,1,1.005764444699114,1.7340645752147938
20,69,High,Medium,No,7,63,Low,2,Low,Medium,Negative,2,No,High School,Moderate,Female,64,2,0,1,0,0,1,0.0041185681317912485,-0.9507081882180577
16,89,Medium,Medium,Yes,9,74,Medium,1,Low,Medium,Neutral,3,No,High School,Far,Male,65,1,1,0,1,1,0,-0.6636453495797573,0.7814032720612014
24,75,Low,Medium,No,5,98,High,1,Low,Medium,Positive,3,No,High School,Near,Male,67,0,2,0,1,0,1,0.6718824858433398,-0.4310747501342799
22,60,Medium,Medium,No,6,92,Low,2,Low,High,Negative,2,No,High School,Near,Male,63,1,0,0,1,0,1,0.3380005269875655,-1.7301583453437241
25,60,Medium,Low,Yes,5,73,Low,1,Medium,Medium,Negative,2,No,High School,Near,Male,62,1,0,0,1,0,1,0.8388234652712269,-1.7301583453437241
24,78,Low,High,Yes,10,61,High,2,Medium,Medium,Positive,4,No,College,Moderate,Female,69,0,2,0,1,0,1,0.6718824858433398,-0.1712580310923911
26,80,Medium,Medium,Yes,7,94,Medium,1,Low,Medium,Positive,2,No,Postgraduate,Moderate,Male,70,1,1,1,0,0,1,1.005764444699114,0.0019531149355348125
17,61,Low,Medium,Yes,6,82,High,0,Medium,High,Neutral,4,No,Postgraduate,Near,Male,63,0,2,0,1,0,1,-0.49670437015187013,-1.6435527723297614
28,87,Medium,Medium,Yes,7,70,Medium,2,Low,Medium,Neutral,2,No,Postgraduate,Near,Male,71,1,1,0,1,0,1,1.3396464035548883,0.6081921260332754
21,72,Medium,Low,Yes,8,56,Medium,0,Low,Medium,Neutral,4,No,High School,Near,Male,63,1,1,0,1,0,1,0.17105954755967837,-0.6908914691761688
32,82,Low,Medium,Yes,8,88,Low,0,High,Medium,Positive,2,No,College,Moderate,Male,71,0,0,0,1,0,1,2.0074103212664367,0.17516426096346072
16,72,Medium,Medium,Yes,6,66,Low,0,Low,Medium,Positive,4,No,College,Near,Male,63,1,0,1,0,0,1,-0.6636453495797573,-0.6908914691761688
30,67,Medium,High,Yes,6,80,High,0,Low,Medium,Neutral,4,No,High School,Moderate,Male,68,1,2,0,1,0,1,1.6735283624106625,-1.1239193342459837
21,76,Medium,Low,Yes,5,78,High,0,Low,High,Neutral,3,No,High School,Near,Male,65,1,2,0,1,1,0,0.17105954755967837,-0.344469177120317
16,69,High,High,Yes,7,85,Medium,0,High,High,Negative,3,No,High School,Near,Female,66,2,1,1,0,0,1,-0.6636453495797573,-0.9507081882180577
17,81,Low,Medium,Yes,9,77,Medium,3,Low,Medium,Neutral,4,No,College,Far,Male,66,0,1,0,1,0,1,-0.49670437015187013,0.08855868794949777
18,68,High,High,No,6,82,Low,0,Medium,High,Positive,3,No,High School,Near,Male,66,2,0,0,1,0,1,-0.329763390723983,-1.0373137612320207
23,80,Low,Low,Yes,8,54,Medium,0,Medium,High,Positive,2,No,High School,Near,Female,65,0,1,1,0,0,1,0.5049415064154527,0.0019531149355348125
23,66,Medium,High,No,6,83,Medium,0,High,Medium,Positive,2,No,High School,Near,Female,66,1,1,0,1,0,1,0.5049415064154527,-1.2105249072599464
17,87,Medium,Medium,Yes,5,60,Medium,4,Medium,Medium,Positive,3,Yes,High School,Near,Female,67,1,1,1,0,0,1,-0.49670437015187013,0.6081921260332754
20,90,High,Medium,No,8,70,Medium,0,Medium,Medium,Neutral,3,No,High School,Moderate,Female,68,2,1,1,0,0,1,0.0041185681317912485,0.8680088450751643
33,64,Medium,Low,Yes,10,76,Low,2,High,High,Neutral,3,No,High School,Near,Male,68,1,0,1,0,0,1,2.174351300694324,-1.3837360532878724
30,79,Low,Medium,No,8,84,Medium,3,Low,Medium,Negative,3,No,College,Moderate,Female,69,0,1,1,0,0,1,1.6735283624106625,-0.08465245807842814
23,63,Medium,Low,Yes,6,87,Low,1,Medium,Medium,Neutral,2,No,Postgraduate,Near,Male,64,1,0,0,1,0,1,0.5049415064154527,-1.4703416263018354
20,84,Medium,Medium,No,6,85,Medium,0,Medium,Medium,Positive,3,No,High School,Moderate,Male,67,1,1,1,0,0,1,0.0041185681317912485,0.34837540699138664
21,71,Medium,Medium,Yes,10,55,Low,1,Medium,Medium,Negative,4,No,High School,Moderate,Female,63,1,0,0,1,0,1,0.17105954755967837,-0.7774970421901317
24,81,Low,High,Yes,7,69,Medium,3,Low,Medium,Negative,3,No,College,Near,Male,67,0,1,0,1,0,1,0.6718824858433398,0.08855868794949777
14,81,Medium,High,Yes,6,64,Low,2,High,High,Neutral,2,No,High School,Far,Female,64,1,0,0,1,1,0,-0.9975273084355315,0.08855868794949777
18,97,Low,Medium,No,7,70,Low,0,High,Medium,Neutral,2,Yes,High School,Near,Female,66,0,0,0,1,0,1,-0.329763390723983,1.474247856172905
10,82,High,Medium,No,7,82,Low,2,Low,High,Neutral,4,No,High School,Near,Male,65,2,0,1,0,0,1,-1.66529122614708,0.17516426096346072
22,83,Medium,Medium,Yes,8,60,Low,4,Medium,Medium,Neutral,2,No,Postgraduate,Moderate,Female,68,1,0,0,1,1,0,0.3380005269875655,0.26176983397742365
24,76,Low,High,No,9,75,Low,0,Low,Medium,Positive,5,No,High School,Near,Male,66,0,0,1,0,0,1,0.6718824858433398,-0.344469177120317
17,98,High,High,No,9,94,Low,0,High,Low,Negative,3,No,College,Near,Male,71,2,0,0,1,0,1,-0.49670437015187013,1.5608534291868679
29,91,Medium,High,Yes,7,87,Medium,2,Medium,High,Negative,4,No,College,Near,Female,74,1,1,1,0,1,0,1.5065873829827754,0.9546144180891273
13,71,Medium,High,No,7,86,Low,2,Low,Medium,Positive,3,No,Postgraduate,Near,Male,65,1,0,0,1,0,1,-1.1644682878634187,-0.7774970421901317
11,94,Low,High,Yes,8,92,High,0,Medium,Medium,Neutral,4,No,High School,Near,Female,68,0,2,0,1,0,1,-1.498350246719193,1.2144311371310161
21,77,Medium,High,Yes,6,70,Low,2,High,Medium,Positive,2,No,College,Near,Male,68,1,0,1,0,1,0,0.17105954755967837,-0.25786360410635406
26,93,Medium,Medium,No,8,88,Medium,1,Medium,High,Neutral,4,Yes,College,Near,Male,72,1,1,0,1,0,1,1.005764444699114,1.1278255641170531
30,93,High,High,Yes,7,53,Medium,3,Low,Medium,Negative,2,No,Postgraduate,Moderate,Female,74,2,1,1,0,0,1,1.6735283624106625,1.1278255641170531
17,68,Low,High,No,8,53,Medium,0,Low,Medium,Neutral,2,No,College,Near,Male,61,0,1,0,1,0,1,-0.49670437015187013,-1.0373137612320207
26,88,Low,Low,No,10,67,Low,0,Low,Low,Positive,3,No,High School,Far,Male,65,0,0,1,0,0,1,1.005764444699114,0.6947976990472384
20,72,High,Low,No,8,60,Low,0,Low,Medium,Neutral,5,No,High School,Near,Male,63,2,0,0,1,0,1,0.0041185681317912485,-0.6908914691761688
19,72,High,Medium,Yes,7,76,Medium,1,Medium,High,Positive,2,No,High School,Moderate,Female,66,2,1,0,1,0,1,-0.16282241129609587,-0.6908914691761688
25,72,Low,High,Yes,6,59,Medium,2,Low,Medium,Negative,3,No,High School,Near,Male,66,0,1,0,1,0,1,0.8388234652712269,-0.6908914691761688
24,89,High,Medium,Yes,7,99,Medium,2,Low,High,Neutral,4,No,High School,Near,Female,73,2,1,1,0,0,1,0.6718824858433398,0.7814032720612014
11,69,Medium,Medium,No,5,93,Medium,0,Medium,High,Negative,4,No,College,Near,Male,63,1,1,0,1,0,1,-1.498350246719193,-0.9507081882180577
29,60,High,High,Yes,8,99,Medium,0,Medium,Medium,Positive,4,Yes,High School,Near,Female,68,2,1,0,1,0,1,1.5065873829827754,-1.7301583453437241
28,89,High,Low,Yes,4,90,High,3,Low,High,Positive,2,Yes,Postgraduate,Moderate,Female,73,2,2,0,1,0,1,1.3396464035548883,0.7814032720612014
16,67,Low,High,Yes,8,98,Medium,0,High,Low,Negative,3,No,High School,Moderate,Male,63,0,1,1,0,0,1,-0.6636453495797573,-1.1239193342459837
22,64,Medium,High,Yes,8,68,Medium,2,Medium,Medium,Negative,4,No,High School,Near,Male,65,1,1,0,1,0,1,0.3380005269875655,-1.3837360532878724
23,70,Low,High,Yes,7,75,High,0,Low,Medium,Positive,4,No,High School,Near,Female,66,0,2,0,1,0,1,0.5049415064154527,-0.8641026152040947
22,75,Low,Low,Yes,6,62,Medium,0,High,High,Negative,3,No,Postgraduate,Near,Female,65,0,1,0,1,0,1,0.3380005269875655,-0.4310747501342799
17,79,Low,High,Yes,7,82,Medium,0,Medium,High,Negative,2,No,College,Near,Male,66,0,1,0,1,0,1,-0.49670437015187013,-0.08465245807842814
16,62,High,Medium,No,4,89,High,3,Low,Medium,Neutral,3,No,College,Near,Female,65,2,2,0,1,0,1,-0.6636453495797573,-1.5569471993157984
20,99,Medium,Medium,No,8,75,Medium,2,Low,High,Negative,2,No,Postgraduate,Far,Female,70,1,1,1,0,0,1,0.0041185681317912485,1.6474590022008309
27,89,Medium,Medium,No,7,65,Medium,1,Medium,Medium,Neutral,3,No,High School,Near,Female,70,1,1,0,1,0,1,1.1727054241270012,0.7814032720612014
23,73,High,Medium,Yes,9,75,Medium,0,High,High,Positive,3,No,High School,Moderate,Female,68,2,1,1,0,0,1,0.5049415064154527,-0.6042858961622058
18,73,Medium,High,No,8,53,Medium,1,Low,High,Neutral,3,No,Postgraduate,Moderate,Male,64,1,1,0,1,1,0,-0.329763390723983,-0.6042858961622058
25,78,Medium,Medium,No,7,86,Medium,1,Medium,Medium,Negative,3,No,Postgraduate,Moderate,Female,68,1,1,0,1,0,1,0.8388234652712269,-0.1712580310923911
3,85,Low,High,No,8,73,Low,2,Low,Medium,Neutral,3,No,High School,Near,Male,62,0,0,1,0,0,1,-2.8338780821422898,0.43498098000534957
27,66,Medium,Medium,Yes,6,95,Medium,1,Medium,Medium,Positive,3,No,College,Moderate,Male,68,1,1,0,1,0,1,1.1727054241270012,-1.2105249072599464
10,68,Low,Medium,No,6,96,Low,1,High,Medium,Neutral,3,No,College,Moderate,Male,61,0,0,0,1,0,1,-1.66529122614708,-1.0373137612320207
18,94,High,Medium,Yes,7,56,Low,1,Low,Medium,Positive,3,No,Postgraduate,Near,Male,69,2,0,0,1,1,0,-0.329763390723983,1.2144311371310161
13,70,Medium,Medium,Yes,7,100,Medium,3,Low,Medium,Neutral,3,No,High School,Near,Male,65,1,1,0,1,0,1,-1.1644682878634187,-0.8641026152040947
12,75,Medium,High,Yes,6,98,Medium,2,Low,Medium,Neutral,2,No,College,Far,Male,65,1,1,0,1,0,1,-1.3314092672913058,-0.4310747501342799
27,95,Medium,High,No,7,81,Low,3,Low,Medium,Neutral,2,No,High School,Moderate,Male,72,1,0,0,1,0,1,1.1727054241270012,1.3010367101449791
17,87,Medium,Medium,Yes,7,91,High,3,Low,High,Positive,3,Yes,College,Near,Female,70,1,2,0,1,0,1,-0.49670437015187013,0.6081921260332754
22,74,Medium,High,Yes,10,51,Medium,1,Medium,Medium,Negative,4,No,High School,Near,Male,65,1,1,1,0,1,0,0.3380005269875655,-0.5176803231482429
20,87,Medium,Medium,No,7,99,Medium,3,Low,Medium,Negative,3,No,High School,Near,Male,69,1,1,0,1,0,1,0.0041185681317912485,0.6081921260332754
23,61,High,Low,Yes,6,73,Medium,1,Medium,Medium,Positive,3,No,College,Near,Male,65,2,1,0,1,0,1,0.5049415064154527,-1.6435527723297614
20,89,Low,Medium,Yes,7,95,Low,3,Low,Medium,Neutral,2,No,High School,Near,Male,69,0,0,1,0,0,1,0.0041185681317912485,0.7814032720612014
12,79,Low,Medium,Yes,9,69,Medium,2,Low,High,Neutral,3,No,Postgraduate,Near,Male,65,0,1,0,1,0,1,-1.3314092672913058,-0.08465245807842814
26,93,Medium,High,Yes,9,89,Medium,0,Low,Medium,Neutral,3,No,College,Moderate,Male,72,1,1,0,1,0,1,1.005764444699114,1.1278255641170531
17,98,High,Low,Yes,10,71,Medium,0,Low,High,Positive,3,No,Postgraduate,Moderate,Female,70,2,1,1,0,0,1,-0.49670437015187013,1.5608534291868679
11,97,Medium,Medium,Yes,7,68,Low,0,Low,Medium,Negative,2,No,High School,Moderate,Female,64,1,0,1,0,0,1,-1.498350246719193,1.474247856172905
17,96,Medium,Low,No,8,97,Low,0,Medium,Medium,Negative,3,No,High School,Near,Female,67,1,0,0,1,0,1,-0.49670437015187013,1.3876422831589421
29,80,Medium,Low,No,5,85,High,0,High,High,Neutral,2,No,High School,Moderate,Male,69,1,2,0,1,0,1,1.5065873829827754,0.0019531149355348125
25,74,Low,Medium,Yes,6,92,Low,4,Medium,Medium,Positive,3,No,Postgraduate,Near,Male,70,0,0,1,0,0,1,0.8388234652712269,-0.5176803231482429
18,79,Medium,Medium,Yes,5,77,Low,1,Low,High,Neutral,3,No,High School,Near,Male,65,1,0,0,1,0,1,-0.329763390723983,-0.08465245807842814
18,88,High,High,Yes,8,96,Low,1,Low,Medium,Positive,3,No,High School,Far,Female,69,2,0,0,1,0,1,-0.329763390723983,0.6947976990472384
18,95,High,Medium,Yes,7,87,High,5,Medium,Medium,Neutral,2,No,College,Near,Male,74,2,2,0,1,0,1,-0.329763390723983,1.3010367101449791
32,68,Low,Medium,Yes,7,54,Medium,1,Low,Medium,Neutral,1,No,Postgraduate,Near,Male,66,0,1,1,0,0,1,2.0074103212664367,-1.0373137612320207
22,97,Medium,Medium,Yes,6,88,High,1,Low,Low,Positive,4,No,College,Near,Male,72,1,2,1,0,0,1,0.3380005269875655,1.474247856172905
23,93,Medium,Low,Yes,8,51,High,0,Low,High,Positive,1,No,High School,Near,Male,67,1,2,1,0,1,0,0.5049415064154527,1.1278255641170531
26,99,Low,High,Yes,4,91,High,2,High,Low,Neutral,4,No,Postgraduate,Moderate,Female,75,0,2,0,1,0,1,1.005764444699114,1.6474590022008309
21,95,Medium,Low,Yes,7,67,Medium,3,Medium,Medium,Positive,2,No,College,Far,Female,70,1,1,0,1,0,1,0.17105954755967837,1.3010367101449791
18,71,Low,Low,No,7,80,Medium,1,Medium,Low,Neutral,4,No,Postgraduate,Moderate,Female,63,0,1,0,1,0,1,-0.329763390723983,-0.7774970421901317
19,64,Medium,Medium,No,4,87,High,2,Medium,Medium,Positive,4,No,High School,Moderate,Male,65,1,2,1,0,0,1,-0.16282241129609587,-1.3837360532878724
20,64,Medium,High,No,8,82,Medium,3,Medium,Low,Negative,3,No,High School,Moderate,Female,64,1,1,0,1,0,1,0.0041185681317912485,-1.3837360532878724
20,72,Medium,High,No,7,84,Low,2,Medium,High,Negative,2,No,High School,Moderate,Female,65,1,0,0,1,0,1,0.0041185681317912485,-0.6908914691761688
24,85,Medium,Medium,Yes,8,95,Medium,2,Medium,Medium,Negative,4,No,High School,Near,Female,70,1,1,0,1,0,1,0.6718824858433398,0.43498098000534957
20,92,Medium,Low,No,10,69,Medium,0,Low,Medium,Positive,2,No,Postgraduate,Far,Male,67,1,1,0,1,0,1,0.0041185681317912485,1.0412199911030902
24,96,Medium,Medium,Yes,7,77,Low,0,Low,Medium,Negative,2,Yes,High School,Near,Female,67,1,0,0,1,1,0,0.6718824858433398,1.3876422831589421
20,85,Medium,High,No,8,59,Medium,1,Medium,Medium,Positive,3,No,Postgraduate,Far,Female,68,1,1,0,1,0,1,0.0041185681317912485,0.43498098000534957
20,60,Medium,Medium,No,9,73,High,4,Medium,Medium,Negative,4,No,College,Near,Male,65,1,2,0,1,0,1,0.0041185681317912485,-1.7301583453437241
8,67,High,Medium,Yes,8,58,Low,2,Medium,Medium,Positive,1,No,Postgraduate,Moderate,Female,61,2,0,0,1,0,1,-1.9991731850028542,-1.1239193342459837
25,64,Medium,Low,Yes,6,82,Low,2,Low,Medium,Negative,3,No,High School,Moderate,Female,63,1,0,0,1,0,1,0.8388234652712269,-1.3837360532878724
22,75,Medium,Low,Yes,5,66,Low,2,Low,Medium,Positive,2,No,High School,Far,Male,80,1,0,0,1,0,1,0.3380005269875655,-0.4310747501342799
26,80,Medium,Medium,Yes,8,93,Medium,2,Low,Low,Neutral,1,No,Postgraduate,Moderate,Male,69,1,1,0,1,0,1,1.005764444699114,0.0019531149355348125
3,62,Medium,Low,No,6,67,Medium,1,Low,Medium,Negative,3,No,High School,Near,Male,55,1,1,0,1,0,1,-2.8338780821422898,-1.5569471993157984
33,74,Medium,Medium,No,9,64,Medium,2,Medium,Medium,Neutral,4,No,Postgraduate,Near,Female,70,1,1,1,0,0,1,2.174351300694324,-0.5176803231482429
19,67,Medium,Medium,Yes,6,75,High,1,Low,Medium,Neutral,3,No,College,Near,Female,65,1,2,0,1,0,1,-0.16282241129609587,-1.1239193342459837
27,86,Low,Medium,Yes,7,59,Low,1,Medium,Medium,Neutral,3,No,High School,Near,Male,68,0,0,0,1,0,1,1.1727054241270012,0.5215865530193126
14,79,Medium,Low,Yes,5,60,Medium,3,Low,Medium,Negative,5,No,High School,Near,Male,64,1,1,0,1,0,1,-0.9975273084355315,-0.08465245807842814
24,80,Medium,Medium,No,6,89,Medium,1,Low,High,Neutral,3,No,College,Near,Male,69,1,1,0,1,0,1,0.6718824858433398,0.0019531149355348125
14,77,Low,High,No,6,75,Medium,1,Medium,High,Neutral,4,Yes,High School,Near,Female,89,0,1,0,1,0,1,-0.9975273084355315,-0.25786360410635406
16,98,Medium,Low,Yes,6,60,Medium,1,Medium,Medium,Positive,3,No,High School,Far,Male,67,1,1,1,0,0,1,-0.6636453495797573,1.5608534291868679
31,69,Medium,Medium,No,7,52,Medium,2,High,Low,Neutral,5,No,College,Far,Male,92,1,1,0,1,1,0,1.8404693418385496,-0.9507081882180577
19,81,High,High,No,6,73,Low,1,Low,High,Positive,3,No,High School,Near,Female,67,2,0,1,0,1,0,-0.16282241129609587,0.08855868794949777
21,89,Low,Medium,Yes,10,87,Low,3,Medium,Medium,Positive,3,No,College,Near,Male,70,0,0,0,1,0,1,0.17105954755967837,0.7814032720612014
25,82,High,Low,No,8,68,Medium,1,Low,High,Neutral,3,No,College,Near,Male,68,2,1,0,1,0,1,0.8388234652712269,0.17516426096346072
23,97,Medium,Low,Yes,9,62,Medium,0,Low,Medium,Positive,2,No,Postgraduate,Near,Male,70,1,1,1,0,0,1,0.5049415064154527,1.474247856172905
21,75,Medium,Medium,Yes,7,70,Low,3,Medium,Medium,Positive,4,Yes,Postgraduate,Near,Male,67,1,0,0,1,0,1,0.17105954755967837,-0.4310747501342799
22,79,Medium,Medium,Yes,7,98,High,0,High,Medium,Neutral,3,No,High School,Near,Male,69,1,2,0,1,0,1,0.3380005269875655,-0.08465245807842814
34,64,Medium,Medium,No,6,71,High,0,Low,High,Negative,4,No,High School,Near,Female,67,1,2,1,0,0,1,2.341292280122211,-1.3837360532878724
20,84,High,High,Yes,10,63,Medium,0,Low,Medium,Positive,4,No,High School,Near,Female,69,2,1,1,0,0,1,0.0041185681317912485,0.34837540699138664
21,72,Medium,High,No,7,78,Low,0,High,Medium,Neutral,1,Yes,High School,Near,Female,63,1,0,0,1,1,0,0.17105954755967837,-0.6908914691761688
26,66,Medium,Medium,No,6,91,Medium,3,Medium,Medium,Positive,3,No,College,Near,Female,69,1,1,0,1,0,1,1.005764444699114,-1.2105249072599464
27,82,Medium,High,No,6,51,Low,1,Low,Medium,Negative,3,No,High School,Moderate,Male,66,1,0,0,1,0,1,1.1727054241270012,0.17516426096346072
27,81,Medium,Medium,No,8,78,Medium,0,Medium,Medium,Positive,3,No,High School,Moderate,Male,68,1,1,0,1,0,1,1.1727054241270012,0.08855868794949777
24,63,Medium,Medium,Yes,9,92,Medium,4,Medium,Medium,Positive,4,No,Postgraduate,Near,Male,69,1,1,1,0,0,1,0.6718824858433398,-1.4703416263018354
13,88,High,Low,Yes,9,61,Low,4,Medium,Medium,Negative,3,No,High School,Near,Female,66,2,0,1,0,0,1,-1.1644682878634187,0.6947976990472384
30,85,Medium,Medium,Yes,6,96,Low,1,Medium,Medium,Neutral,4,No,High School,Near,Female,72,1,0,1,0,0,1,1.6735283624106625,0.43498098000534957
13,68,Low,Medium,Yes,6,79,Medium,1,High,Medium,Negative,3,No,College,Near,Male,62,0,1,1,0,0,1,-1.1644682878634187,-1.0373137612320207
22,79,Medium,Medium,No,9,76,Medium,1,Low,Medium,Positive,2,No,High School,Near,Male,67,1,1,1,0,0,1,0.3380005269875655,-0.08465245807842814
15,89,High,Low,No,10,98,Low,0,Low,Medium,Positive,2,No,College,Near,Male,67,2,0,1,0,0,1,-0.8305863290076444,0.7814032720612014
20,81,High,High,Yes,7,56,Low,1,Medium,Medium,Positive,3,No,High School,Near,Male,67,2,0,1,0,1,0,0.0041185681317912485,0.08855868794949777
22,76,Medium,Low,No,9,87,Low,2,Low,High,Neutral,3,Yes,College,Near,Female,65,1,0,0,1,0,1,0.3380005269875655,-0.344469177120317
22,73,High,Low,No,5,91,Medium,1,Medium,Medium,Positive,3,No,Postgraduate,Moderate,Male,67,2,1,0,1,0,1,0.3380005269875655,-0.6042858961622058
23,84,Low,Low,No,6,74,Medium,3,Low,Medium,Positive,1,No,High School,Near,Female,66,0,1,0,1,1,0,0.5049415064154527,0.34837540699138664
30,98,Low,Low,Yes,5,50,High,0,Low,High,Negative,2,No,College,Near,Male,70,0,2,0,1,0,1,1.6735283624106625,1.5608534291868679
23,87,Low,High,No,8,76,Medium,2,High,Medium,Positive,5,Yes,Postgraduate,Near,Female,71,0,1,0,1,0,1,0.5049415064154527,0.6081921260332754
19,63,Low,High,Yes,7,58,Medium,2,Low,High,Neutral,3,No,Postgraduate,Near,Female,64,0,1,1,0,0,1,-0.16282241129609587,-1.4703416263018354
26,78,Low,High,Yes,7,78,Low,4,Medium,Medium,Neutral,4,No,High School,Moderate,Female,69,0,0,1,0,0,1,1.005764444699114,-0.1712580310923911
27,96,Medium,High,Yes,9,87,Low,0,Medium,High,Positive,2,No,College,Moderate,Male,72,1,0,0,1,1,0,1.1727054241270012,1.3876422831589421
13,64,Medium,Low,Yes,6,77,Medium,0,Low,High,Neutral,4,No,High School,Near,Male,60,1,1,0,1,0,1,-1.1644682878634187,-1.3837360532878724
24,100,Medium,Low,Yes,7,82,Low,1,Medium,High,Positive,3,No,High School,Moderate,Male,71,1,0,1,0,0,1,0.6718824858433398,1.7340645752147938
24,98,Medium,Medium,Yes,5,55,High,0,Medium,Medium,Positive,3,No,High School,Moderate,Male,71,1,2,0,1,0,1,0.6718824858433398,1.5608534291868679
18,63,High,High,No,9,55,Medium,2,High,High,Positive,2,No,Postgraduate,Near,Female,66,2,1,1,0,0,1,-0.329763390723983,-1.4703416263018354
28,97,Medium,Medium,No,9,93,Low,3,Medium,High,Neutral,3,No,High School,Near,Female,74,1,0,0,1,0,1,1.3396464035548883,1.474247856172905
19,75,Medium,Medium,No,8,52,High,0,Low,Medium,Negative,4,No,Postgraduate,Moderate,Male,64,1,2,0,1,0,1,-0.16282241129609587,-0.4310747501342799
21,94,Medium,Low,Yes,7,64,Low,2,Medium,Medium,Neutral,2,No,High School,Near,Male,68,1,0,1,0,0,1,0.17105954755967837,1.2144311371310161
19,77,High,Low,No,6,97,Low,4,Low,Medium,Negative,2,No,High School,Near,Male,66,2,0,0,1,0,1,-0.16282241129609587,-0.25786360410635406
20,78,Medium,Medium,No,5,73,Low,1,Low,Medium,Negative,3,No,College,Near,Female,65,1,0,0,1,0,1,0.0041185681317912485,-0.1712580310923911
13,85,Low,High,Yes,7,84,Medium,0,Low,Medium,Neutral,5,No,High School,Moderate,Female,64,0,1,0,1,1,0,-1.1644682878634187,0.43498098000534957
11,91,Medium,Low,No,8,61,Medium,1,High,Medium,Positive,3,No,Postgraduate,Far,Male,65,1,1,1,0,0,1,-1.498350246719193,0.9546144180891273
30,61,High,High,No,10,64,Low,4,Medium,Medium,Positive,2,No,Postgraduate,Moderate,Male,69,2,0,0,1,0,1,1.6735283624106625,-1.6435527723297614
15,84,Medium,High,Yes,6,75,Medium,2,Medium,Medium,Positive,4,Yes,Postgraduate,Near,Female,68,1,1,1,0,0,1,-0.8305863290076444,0.34837540699138664
14,67,Medium,High,No,7,82,Low,1,Medium,Medium,Neutral,3,No,High School,Far,Female,62,1,0,0,1,0,1,-0.9975273084355315,-1.1239193342459837
7,74,Low,High,No,9,98,High,3,High,Low,Neutral,2,No,High School,Moderate,Male,63,0,2,0,1,0,1,-2.1661141644307413,-0.5176803231482429
16,74,High,Low,No,9,79,High,0,High,Medium,Neutral,4,No,Postgraduate,Moderate,Female,65,2,2,0,1,0,1,-0.6636453495797573,-0.5176803231482429
12,79,Low,High,No,6,55,Medium,1,Low,High,Neutral,4,No,College,Far,Female,62,0,1,1,0,0,1,-1.3314092672913058,-0.08465245807842814
30,73,Low,Medium,No,7,68,Medium,0,Low,High,Positive,2,No,Postgraduate,Near,Male,67,0,1,0,1,0,1,1.6735283624106625,-0.6042858961622058
26,64,Low,High,No,6,62,Low,1,Low,Medium,Positive,5,No,High School,Moderate,Male,64,0,0,1,0,0,1,1.005764444699114,-1.3837360532878724
16,66,Medium,Low,No,6,63,Low,2,Medium,High,Neutral,3,No,College,Moderate,Male,61,1,0,0,1,0,1,-0.6636453495797573,-1.2105249072599464
34,61,Low,Medium,No,9,75,Medium,1,Low,Medium,Neutral,2,No,College,Far,Male,65,0,1,0,1,0,1,2.341292280122211,-1.6435527723297614
26,79,High,Low,No,7,66,Medium,1,High,Medium,Positive,5,Yes,High School,Moderate,Male,67,2,1,0,1,0,1,1.005764444699114,-0.08465245807842814
18,98,High,Low,No,7,64,Medium,0,Medium,Medium,Positive,4,No,Postgraduate,Moderate,Male,70,2,1,0,1,0,1,-0.329763390723983,1.5608534291868679
5,65,Medium,High,Yes,7,98,Low,1,Low,Low,Positive,3,No,High School,Far,Male,59,1,0,1,0,0,1,-2.4999961232865155,-1.2971304802739094
34,98,Medium,High,No,7,79,Medium,1,Low,Medium,Neutral,4,No,College,Near,Male,75,1,1,1,0,0,1,2.341292280122211,1.5608534291868679
12,89,Low,Medium,Yes,7,63,Medium,4,Low,High,Neutral,2,No,College,Near,Male,67,0,1,0,1,0,1,-1.3314092672913058,0.7814032720612014
10,85,Medium,Medium,Yes,6,64,Low,1,Medium,Medium,Negative,3,No,College,Near,Male,64,1,0,0,1,0,1,-1.66529122614708,0.43498098000534957
26,86,Medium,High,Yes,9,91,Medium,3,High,Medium,Neutral,3,Yes,High School,Near,Female,72,1,1,0,1,0,1,1.005764444699114,0.5215865530193126
35,93,Medium,Medium,Yes,6,94,Medium,5,Medium,Medium,Neutral,2,Yes,College,Near,Female,76,1,1,0,1,0,1,2.508233259550098,1.1278255641170531
28,64,Medium,High,Yes,6,84,Low,2,Medium,Medium,Positive,2,No,Postgraduate,Near,Male,69,1,0,1,0,0,1,1.3396464035548883,-1.3837360532878724
23,80,Low,Medium,No,7,72,Low,0,Low,High,Negative,5,No,High School,Near,Male,65,0,0,0,1,0,1,0.5049415064154527,0.0019531149355348125
24,88,High,Medium,No,10,88,Low,2,High,High,Positive,1,No,Postgraduate,Far,Female,72,2,0,0,1,0,1,0.6718824858433398,0.6947976990472384
25,83,Medium,High,Yes,6,97,Low,0,Low,Low,Neutral,4,No,High School,Near,Male,69,1,0,0,1,0,1,0.8388234652712269,0.26176983397742365
25,93,High,Medium,No,8,58,Medium,0,High,Medium,Positive,4,No,High School,Moderate,Female,71,2,1,1,0,0,1,0.8388234652712269,1.1278255641170531
22,63,High,Medium,No,7,93,High,0,Medium,Medium,Neutral,2,No,High School,Far,Male,64,2,2,1,0,0,1,0.3380005269875655,-1.4703416263018354
21,88,High,High,Yes,7,92,High,2,Medium,Medium,Positive,3,No,Postgraduate,Near,Female,74,2,2,0,1,0,1,0.17105954755967837,0.6947976990472384
20,81,Medium,High,Yes,8,68,Medium,0,Medium,Medium,Neutral,3,No,College,Near,Male,68,1,1,0,1,0,1,0.0041185681317912485,0.08855868794949777
15,75,Medium,High,Yes,4,65,High,1,Low,Low,Positive,4,No,Postgraduate,Moderate,Female,66,1,2,1,0,0,1,-0.8305863290076444,-0.4310747501342799
18,74,Medium,Medium,No,6,78,High,0,High,Medium,Positive,2,No,High School,Moderate,Female,65,1,2,0,1,0,1,-0.329763390723983,-0.5176803231482429
10,85,High,Medium,Yes,8,64,Low,2,High,Medium,Neutral,3,No,Postgraduate,Near,Female,67,2,0,0,1,0,1,-1.66529122614708,0.43498098000534957
19,96,Medium,Medium,No,7,57,High,0,Low,Medium,Positive,3,No,High School,Near,Female,69,1,2,0,1,0,1,-0.16282241129609587,1.3876422831589421
14,80,High,Low,Yes,7,98,High,2,Low,High,Negative,2,No,High School,Near,Male,66,2,2,1,0,0,1,-0.9975273084355315,0.0019531149355348125
13,93,Medium,High,Yes,8,75,Medium,1,Medium,Medium,Positive,2,No,High School,Near,Male,69,1,1,1,0,0,1,-1.1644682878634187,1.1278255641170531
21,76,Medium,Medium,Yes,6,74,Medium,2,Medium,Medium,Neutral,3,No,High School,Near,Male,67,1,1,1,0,0,1,0.17105954755967837,-0.344469177120317
28,64,Medium,Medium,Yes,9,56,Medium,1,Low,Low,Negative,2,No,College,Near,Male,64,1,1,0,1,0,1,1.3396464035548883,-1.3837360532878724
26,62,High,High,No,8,75,Medium,2,Medium,Medium,Neutral,2,No,College,Moderate,Male,67,2,1,0,1,0,1,1.005764444699114,-1.5569471993157984
11,62,Low,High,Yes,7,87,High,3,Low,High,Positive,3,No,High School,Far,Female,61,0,2,0,1,1,0,-1.498350246719193,-1.5569471993157984
14,75,Medium,Low,Yes,8,62,Low,0,High,Medium,Negative,2,No,High School,Moderate,Female,61,1,0,0,1,0,1,-0.9975273084355315,-0.4310747501342799
26,73,Medium,Medium,Yes,9,68,High,4,Medium,Medium,Neutral,2,No,High School,Far,Male,68,1,2,0,1,0,1,1.005764444699114,-0.6042858961622058
14,89,Low,High,No,6,59,Low,2,Low,High,Neutral,5,No,Postgraduate,Moderate,Male,66,0,0,0,1,0,1,-0.9975273084355315,0.7814032720612014
19,90,Medium,Medium,No,8,68,Low,0,High,Medium,Negative,4,No,High School,Moderate,Male,66,1,0,0,1,0,1,-0.16282241129609587,0.8680088450751643
23,62,Medium,High,No,10,93,High,2,Low,Medium,Positive,4,No,College,Near,Female,68,1,2,0,1,0,1,0.5049415064154527,-1.5569471993157984
14,69,Low,High,No,8,62,High,1,Medium,High,Neutral,2,No,High School,Near,Male,63,0,2,1,0,0,1,-0.9975273084355315,-0.9507081882180577
21,71,Medium,Medium,Yes,7,51,Medium,3,Medium,High,Neutral,3,No,Postgraduate,Moderate,Female,66,1,1,1,0,0,1,0.17105954755967837,-0.7774970421901317
12,82,High,Medium,Yes,10,77,High,0,Medium,Medium,Neutral,4,No,College,Far,Female,66,2,2,0,1,0,1,-1.3314092672913058,0.17516426096346072
16,66,High,Medium,Yes,7,79,High,0,High,High,Neutral,3,No,College,Near,Female,66,2,2,1,0,0,1,-0.6636453495797573,-1.2105249072599464
22,65,Medium,Medium,Yes,9,66,High,2,Medium,Medium,Negative,4,No,High School,Near,Male,65,1,2,0,1,0,1,0.3380005269875655,-1.2971304802739094
10,98,Medium,Medium,Yes,6,82,Medium,2,High,Medium,Positive,2,No,College,Moderate,Male,69,1,1,0,1,0,1,-1.66529122614708,1.5608534291868679
23,92,Medium,High,No,9,52,High,1,High,Medium,Positive,2,No,High School,Near,Female,71,1,2,1,0,0,1,0.5049415064154527,1.0412199911030902
20,67,High,High,No,6,67,High,1,Medium,High,Positive,2,Yes,College,Near,Female,66,2,2,0,1,0,1,0.0041185681317912485,-1.1239193342459837
23,76,Medium,Medium,Yes,7,57,High,1,Medium,Medium,Negative,3,No,High School,Moderate,Female,66,1,2,0,1,0,1,0.5049415064154527,-0.344469177120317
21,74,Medium,High,Yes,6,61,Low,0,Low,Medium,Positive,4,No,High School,Near,Male,65,1,0,1,0,1,0,0.17105954755967837,-0.5176803231482429
28,92,Low,Medium,No,10,69,Medium,4,Low,Medium,Neutral,4,No,High School,Moderate,Female,71,0,1,0,1,0,1,1.3396464035548883,1.0412199911030902
21,80,Medium,High,No,7,75,High,3,Medium,High,Neutral,2,No,High School,Far,Male,69,1,2,1,0,0,1,0.17105954755967837,0.0019531149355348125
17,65,Low,Low,Yes,5,55,Medium,2,Low,Medium,Positive,3,No,High School,Near,Female,61,0,1,0,1,0,1,-0.49670437015187013,-1.2971304802739094
21,90,High,Medium,Yes,7,55,High,1,Low,High,Neutral,4,No,High School,Near,Female,70,2,2,0,1,0,1,0.17105954755967837,0.8680088450751643
23,76,Medium,Medium,No,8,84,High,2,High,Medium,Positive,4,No,College,Near,Female,70,1,2,0,1,0,1,0.5049415064154527,-0.344469177120317
20,71,Medium,Medium,No,7,70,High,0,High,High,Negative,4,No,High School,Near,Female,65,1,2,0,1,0,1,0.0041185681317912485,-0.7774970421901317
20,75,Medium,Low,Yes,6,59,Medium,2,Medium,Medium,Negative,1,No,Postgraduate,Moderate,Male,64,1,1,0,1,0,1,0.0041185681317912485,-0.4310747501342799
16,80,High,High,Yes,9,62,Low,0,High,Medium,Neutral,4,No,Postgraduate,Near,Female,68,2,0,0,1,0,1,-0.6636453495797573,0.0019531149355348125
16,74,Low,Medium,Yes,9,86,Low,1,Low,Medium,Neutral,2,No,High School,Near,Female,63,0,0,1,0,0,1,-0.6636453495797573,-0.5176803231482429
12,70,Medium,High,No,5,53,Medium,2,Low,Medium,Positive,3,No,College,Near,Male,63,1,1,1,0,0,1,-1.3314092672913058,-0.8641026152040947
30,76,Medium,Medium,Yes,6,75,Low,3,High,Medium,Positive,3,No,College,Near,Female,71,1,0,0,1,0,1,1.6735283624106625,-0.344469177120317
13,61,High,Low,No,7,68,Low,1,Medium,Medium,Neutral,2,No,High School,Near,Male,58,2,0,0,1,1,0,-1.1644682878634187,-1.6435527723297614
16,91,Medium,Medium,Yes,6,91,Medium,1,Medium,Medium,Neutral,2,No,High School,Moderate,Female,68,1,1,0,1,0,1,-0.6636453495797573,0.9546144180891273
16,67,Medium,High,No,8,90,High,1,High,Low,Neutral,4,No,High School,Near,Male,65,1,2,0,1,0,1,-0.6636453495797573,-1.1239193342459837
25,62,Medium,Medium,No,10,84,Low,2,Low,Medium,Positive,3,No,College,Near,Female,65,1,0,0,1,0,1,0.8388234652712269,-1.5569471993157984
18,86,High,Low,Yes,6,69,Low,2,Medium,High,Positive,2,No,High School,Near,Male,68,2,0,0,1,0,1,-0.329763390723983,0.5215865530193126
27,91,Low,High,Yes,9,82,Medium,0,Low,Low,Neutral,1,No,High School,Far,Male,69,0,1,0,1,0,1,1.1727054241270012,0.9546144180891273
16,93,Medium,Medium,Yes,5,82,Low,5,High,Medium,Positive,1,No,High School,Near,Male,71,1,0,0,1,0,1,-0.6636453495797573,1.1278255641170531
22,80,Low,Medium,No,8,67,Low,2,Low,Low,Positive,2,No,Postgraduate,Moderate,Male,65,0,0,1,0,0,1,0.3380005269875655,0.0019531149355348125
15,68,Low,Medium,Yes,6,94,Low,0,Medium,High,Neutral,5,No,Postgraduate,Near,Female,64,0,0,0,1,0,1,-0.8305863290076444,-1.0373137612320207
33,89,Low,Medium,No,8,99,Medium,2,High,High,Positive,4,No,College,Moderate,Male,75,0,1,1,0,0,1,2.174351300694324,0.7814032720612014
13,88,High,Medium,No,4,66,Low,1,Low,High,Positive,4,No,High School,Near,Female,67,2,0,0,1,0,1,-1.1644682878634187,0.6947976990472384
22,70,Medium,High,Yes,5,90,High,1,Medium,High,Neutral,3,No,College,Far,Female,68,1,2,0,1,0,1,0.3380005269875655,-0.8641026152040947
24,96,High,High,No,8,75,Low,1,Medium,Medium,Positive,1,No,College,Moderate,Female,72,2,0,0,1,0,1,0.6718824858433398,1.3876422831589421
22,64,Medium,Medium,No,6,73,High,3,Medium,Medium,Positive,4,No,Postgraduate,Moderate,Female,67,1,2,0,1,0,1,0.3380005269875655,-1.3837360532878724
19,99,High,Medium,No,7,69,Medium,1,High,Medium,Positive,3,No,High School,Near,Male,72,2,1,0,1,0,1,-0.16282241129609587,1.6474590022008309
19,94,Medium,Low,Yes,10,65,High,1,Low,High,Negative,3,No,Postgraduate,Moderate,Male,69,1,2,0,1,0,1,-0.16282241129609587,1.2144311371310161
20,88,Low,Low,No,7,96,Low,0,High,High,Positive,3,No,Postgraduate,Moderate,Male,68,0,0,0,1,0,1,0.0041185681317912485,0.6947976990472384
19,98,Medium,Medium,Yes,8,87,Medium,0,Medium,Medium,Negative,6,No,High School,Near,Male,70,1,1,1,0,0,1,-0.16282241129609587,1.5608534291868679
26,89,Medium,Medium,No,6,72,High,1,Low,Medium,Neutral,3,Yes,College,Near,Female,69,1,2,0,1,0,1,1.005764444699114,0.7814032720612014
33,68,Medium,Low,Yes,5,88,Medium,2,Low,Medium,Negative,1,No,College,Moderate,Male,67,1,1,0,1,0,1,2.174351300694324,-1.0373137612320207
17,78,Medium,Medium,No,7,86,Medium,0,Low,Low,Neutral,3,No,College,Near,Female,63,1,1,0,1,1,0,-0.49670437015187013,-0.1712580310923911
12,63,Medium,High,No,5,63,Low,4,Low,Medium,Positive,2,No,High School,Moderate,Male,61,1,0,1,0,0,1,-1.3314092672913058,-1.4703416263018354
19,76,Medium,High,Yes,6,59,Medium,1,Medium,Medium,Neutral,3,No,High School,Near,Female,66,1,1,0,1,0,1,-0.16282241129609587,-0.344469177120317
35,90,High,Medium,Yes,7,92,Low,0,Low,Medium,Neutral,4,No,High School,Near,Male,73,2,0,1,0,1,0,2.508233259550098,0.8680088450751643
15,75,Medium,High,Yes,7,91,High,0,Medium,High,Neutral,3,No,College,Moderate,Male,67,1,2,0,1,0,1,-0.8305863290076444,-0.4310747501342799
30,73,High,Medium,Yes,8,100,Medium,2,High,High,Neutral,2,No,High School,Near,Female,72,2,1,0,1,0,1,1.6735283624106625,-0.6042858961622058
30,84,High,Medium,No,8,51,Low,1,Low,Medium,Positive,4,Yes,Postgraduate,Far,Male,69,2,0,0,1,0,1,1.6735283624106625,0.34837540699138664
17,95,Low,High,No,5,77,Medium,2,Medium,Medium,Positive,4,No,High School,Moderate,Female,69,0,1,0,1,0,1,-0.49670437015187013,1.3010367101449791
23,62,Low,High,Yes,6,85,Medium,1,Low,Medium,Negative,3,Yes,College,Moderate,Male,63,0,1,0,1,0,1,0.5049415064154527,-1.5569471993157984
30,75,Medium,Medium,Yes,4,79,Low,0,Medium,Medium,Negative,4,No,High School,Moderate,Male,67,1,0,0,1,0,1,1.6735283624106625,-0.4310747501342799
18,66,Medium,Medium,No,6,86,Medium,0,High,Medium,Positive,2,No,High School,Moderate,Female,63,1,1,0,1,0,1,-0.329763390723983,-1.2105249072599464
19,88,Medium,High,Yes,8,57,Low,1,Medium,Low,Negative,4,No,College,Near,Male,66,1,0,1,0,1,0,-0.16282241129609587,0.6947976990472384
17,64,Medium,Medium,No,9,50,Medium,2,Low,High,Positive,4,No,High School,Moderate,Female,62,1,1,0,1,0,1,-0.49670437015187013,-1.3837360532878724
14,87,Medium,Medium,Yes,7,55,Medium,2,Low,High,Positive,4,No,Postgraduate,Near,Male,68,1,1,1,0,0,1,-0.9975273084355315,0.6081921260332754
16,71,Medium,High,No,9,69,Medium,1,Low,Medium,Neutral,4,No,Postgraduate,Near,Female,65,1,1,0,1,0,1,-0.6636453495797573,-0.7774970421901317
13,68,Low,Low,Yes,8,66,Medium,0,Medium,Low,Neutral,4,Yes,College,Near,Male,59,0,1,0,1,0,1,-1.1644682878634187,-1.0373137612320207
20,97,High,Medium,Yes,7,94,High,1,Medium,Medium,Negative,1,No,College,Moderate,Male,72,2,2,0,1,0,1,0.0041185681317912485,1.474247856172905
15,61,Medium,High,Yes,6,54,Medium,0,High,High,Neutral,2,No,Postgraduate,Near,Male,63,1,1,1,0,0,1,-0.8305863290076444,-1.6435527723297614
21,78,Medium,Medium,No,4,72,Medium,1,Medium,High,Neutral,4,No,Postgraduate,Near,Male,68,1,1,0,1,0,1,0.17105954755967837,-0.1712580310923911
11,61,Medium,Medium,Yes,9,98,High,0,Medium,High,Negative,2,No,High School,Moderate,Male,61,1,2,0,1,0,1,-1.498350246719193,-1.6435527723297614
22,79,Low,Medium,No,7,75,Low,1,Low,High,Neutral,3,No,High School,Near,Female,65,0,0,1,0,0,1,0.3380005269875655,-0.08465245807842814
25,80,Medium,Medium,Yes,9,57,Low,2,Low,High,Positive,3,No,High School,Moderate,Female,68,1,0,0,1,0,1,0.8388234652712269,0.0019531149355348125
8,73,Low,Medium,Yes,6,65,High,1,Low,Medium,Neutral,4,No,College,Moderate,Male,61,0,2,0,1,0,1,-1.9991731850028542,-0.6042858961622058
22,65,Low,Low,Yes,10,81,Medium,1,Low,Medium,Neutral,3,No,Postgraduate,Near,Male,63,0,1,1,0,0,1,0.3380005269875655,-1.2971304802739094
27,75,Medium,Medium,Yes,7,51,High,1,Medium,Low,Negative,2,No,Postgraduate,Near,Male,67,1,2,0,1,0,1,1.1727054241270012,-0.4310747501342799
13,87,Low,Medium,Yes,6,98,Low,0,High,High,Positive,3,Yes,Postgraduate,Moderate,Male,66,0,0,0,1,0,1,-1.1644682878634187,0.6081921260332754
30,91,Medium,Medium,Yes,7,78,High,3,Medium,Medium,Positive,2,No,Postgraduate,Near,Male,75,1,2,1,0,0,1,1.6735283624106625,0.9546144180891273
23,81,Medium,Medium,No,7,85,Low,0,Medium,Medium,Positive,4,No,High School,Near,Male,68,1,0,0,1,0,1,0.5049415064154527,0.08855868794949777
16,84,Low,Medium,No,7,75,High,2,Medium,Medium,Negative,3,No,High School,Near,Female,65,0,2,0,1,0,1,-0.6636453495797573,0.34837540699138664
20,68,Low,Medium,No,6,98,High,0,Low,High,Negative,4,No,High School,Near,Female,64,0,2,0,1,0,1,0.0041185681317912485,-1.0373137612320207
23,71,High,Medium,Yes,4,79,Medium,2,Low,Medium,Positive,3,No,High School,Near,Male,67,2,1,0,1,1,0,0.5049415064154527,-0.7774970421901317
20,66,Low,Medium,Yes,6,83,Medium,2,Low,Medium,Neutral,3,No,College,Near,Male,64,0,1,1,0,0,1,0.0041185681317912485,-1.2105249072599464
23,70,Medium,High,Yes,9,93,Medium,0,Low,High,Neutral,2,Yes,Postgraduate,Moderate,Female,67,1,1,0,1,0,1,0.5049415064154527,-0.8641026152040947
14,69,Medium,High,Yes,6,93,Low,2,Low,Medium,Neutral,0,No,High School,Near,Male,63,1,0,1,0,1,0,-0.9975273084355315,-0.9507081882180577
21,81,High,Medium,Yes,4,51,Medium,0,Medium,Medium,Positive,2,No,College,Moderate,Female,67,2,1,1,0,0,1,0.17105954755967837,0.08855868794949777
12,83,High,Low,Yes,5,64,Medium,1,High,Medium,Negative,2,No,Postgraduate,Near,Female,65,2,1,1,0,0,1,-1.3314092672913058,0.26176983397742365
19,98,High,Low,Yes,7,62,High,1,Low,High,Neutral,2,No,High School,Near,Female,70,2,2,0,1,0,1,-0.16282241129609587,1.5608534291868679
15,68,Medium,Medium,Yes,6,50,High,2,High,Low,Neutral,3,No,High School,Moderate,Male,62,1,2,0,1,0,1,-0.8305863290076444,-1.0373137612320207
16,86,High,Medium,Yes,7,94,Medium,2,Low,High,Neutral,3,No,High School,Moderate,Female,69,2,1,0,1,0,1,-0.6636453495797573,0.5215865530193126
27,93,Medium,Low,Yes,6,66,Medium,2,Medium,Medium,Negative,3,No,College,Moderate,Female,70,1,1,0,1,0,1,1.1727054241270012,1.1278255641170531
27,82,Medium,Medium,Yes,9,67,Low,1,Low,High,Neutral,2,No,High School,Moderate,Male,68,1,0,1,0,0,1,1.1727054241270012,0.17516426096346072
24,70,Medium,High,No,8,55,Medium,4,Low,High,Positive,4,No,Postgraduate,Moderate,Female,68,1,1,0,1,0,1,0.6718824858433398,-0.8641026152040947
13,71,Medium,Medium,Yes,10,99,Medium,0,Low,Medium,Neutral,3,No,Postgraduate,Near,Male,64,1,1,0,1,0,1,-1.1644682878634187,-0.7774970421901317
18,62,Low,High,Yes,6,91,High,4,Low,Medium,Neutral,1,No,High School,Moderate,Male,63,0,2,1,0,1,0,-0.329763390723983,-1.5569471993157984
27,72,Low,Low,Yes,7,79,Medium,2,High,High,Positive,2,No,Postgraduate,Moderate,Female,68,0,1,0,1,0,1,1.1727054241270012,-0.6908914691761688
21,90,High,Low,Yes,9,89,Low,1,Low,Low,Neutral,2,No,High School,Far,Female,67,2,0,0,1,0,1,0.17105954755967837,0.8680088450751643
34,62,High,Low,No,8,89,Low,3,Low,Medium,Neutral,4,No,College,Moderate,Female,68,2,0,1,0,0,1,2.341292280122211,-1.5569471993157984
22,69,Medium,High,Yes,6,83,Medium,1,Low,Medium,Positive,2,No,College,Moderate,Female,66,1,1,0,1,0,1,0.3380005269875655,-0.9507081882180577
21,88,Medium,Medium,Yes,8,59,Low,2,Medium,Medium,Negative,1,No,Postgraduate,Near,Male,67,1,0,1,0,1,0,0.17105954755967837,0.6947976990472384
18,91,High,Medium,No,8,86,High,1,Medium,Medium,Neutral,4,Yes,High School,Moderate,Male,69,2,2,0,1,0,1,-0.329763390723983,0.9546144180891273
21,78,High,Medium,Yes,4,78,Medium,2,High,Medium,Negative,3,No,High School,Far,Male,68,2,1,1,0,0,1,0.17105954755967837,-0.1712580310923911
19,88,Medium,High,No,6,86,Medium,4,Medium,Medium,Positive,3,Yes,College,Moderate,Male,70,1,1,0,1,0,1,-0.16282241129609587,0.6947976990472384
24,76,Medium,Medium,No,7,77,Medium,3,Medium,Medium,Negative,4,No,Postgraduate,Moderate,Female,68,1,1,1,0,0,1,0.6718824858433398,-0.344469177120317
26,66,Low,Medium,Yes,9,98,Medium,2,Low,Medium,Neutral,2,No,College,Near,Male,66,0,1,0,1,0,1,1.005764444699114,-1.2105249072599464
15,76,Medium,High,Yes,8,81,Medium,2,Low,Medium,Neutral,4,No,Postgraduate,Moderate,Female,67,1,1,1,0,0,1,-0.8305863290076444,-0.344469177120317
12,83,Medium,Medium,No,6,79,Medium,1,High,Low,Neutral,4,No,High School,Moderate,Female,65,1,1,0,1,0,1,-1.3314092672913058,0.26176983397742365
9,98,Medium,Medium,No,6,92,Medium,0,Medium,Medium,Neutral,5,No,High School,Moderate,Male,67,1,1,0,1,0,1,-1.8322322055749671,1.5608534291868679
23,63,Medium,Medium,No,8,69,High,2,Medium,Low,Negative,4,Yes,High School,Near,Male,63,1,2,0,1,0,1,0.5049415064154527,-1.4703416263018354
13,80,Low,High,Yes,4,66,High,2,Low,Medium,Negative,2,No,High School,Moderate,Female,64,0,2,0,1,0,1,-1.1644682878634187,0.0019531149355348125
7,73,High,Medium,Yes,6,75,Medium,3,Low,Medium,Neutral,3,No,College,Near,Female,64,2,1,0,1,0,1,-2.1661141644307413,-0.6042858961622058
22,80,Low,Low,No,9,79,High,0,Medium,Medium,Neutral,3,No,College,Moderate,Female,66,0,2,1,0,0,1,0.3380005269875655,0.0019531149355348125
35,61,Medium,High,Yes,7,61,Low,2,Medium,Medium,Positive,4,Yes,High School,Near,Male,68,1,0,1,0,0,1,2.508233259550098,-1.6435527723297614
20,73,High,Medium,Yes,6,84,High,0,Medium,Medium,Positive,3,No,High School,Moderate,Male,67,2,2,0,1,0,1,0.0041185681317912485,-0.6042858961622058
25,93,Medium,High,No,5,90,Low,1,Medium,Medium,Positive,2,No,College,Near,Male,72,1,0,0,1,0,1,0.8388234652712269,1.1278255641170531
20,82,Medium,Medium,Yes,8,79,Low,1,Low,Medium,Positive,4,No,High School,Near,Male,67,1,0,0,1,0,1,0.0041185681317912485,0.17516426096346072
19,78,Medium,Medium,No,7,76,High,2,Medium,Low,Neutral,3,No,College,Moderate,Female,66,1,2,0,1,0,1,-0.16282241129609587,-0.1712580310923911
26,71,High,Low,No,7,65,Medium,1,Low,Medium,Positive,3,No,College,Near,Female,66,2,1,0,1,0,1,1.005764444699114,-0.7774970421901317
18,72,High,High,Yes,8,95,Medium,1,Medium,Medium,Negative,4,No,High School,Moderate,Male,67,2,1,0,1,0,1,-0.329763390723983,-0.6908914691761688
22,75,Medium,Medium,No,7,88,Low,0,Low,Medium,Neutral,3,No,Postgraduate,Far,Male,65,1,0,1,0,0,1,0.3380005269875655,-0.4310747501342799
22,93,High,Medium,No,7,74,Low,2,Medium,High,Negative,3,No,College,Far,Male,70,2,0,0,1,0,1,0.3380005269875655,1.1278255641170531
16,99,Low,Medium,Yes,5,83,Low,0,Low,High,Neutral,4,No,Postgraduate,Near,Female,69,0,0,1,0,0,1,-0.6636453495797573,1.6474590022008309
26,78,High,High,Yes,5,67,Low,1,High,High,Negative,3,No,High School,Moderate,Male,69,2,0,1,0,0,1,1.005764444699114,-0.1712580310923911
19,76,High,Medium,Yes,8,53,Medium,1,Medium,Medium,Negative,4,No,College,Near,Female,66,2,1,0,1,0,1,-0.16282241129609587,-0.344469177120317
15,94,Medium,Low,No,8,60,Medium,2,Medium,Medium,Neutral,4,No,High School,Far,Male,66,1,1,0,1,0,1,-0.8305863290076444,1.2144311371310161
23,77,High,High,Yes,8,54,Medium,1,Low,Medium,Negative,3,No,College,Moderate,Female,67,2,1,0,1,0,1,0.5049415064154527,-0.25786360410635406
15,82,Medium,High,Yes,6,75,Medium,1,Medium,Low,Positive,3,No,High School,Near,Male,67,1,1,0,1,0,1,-0.8305863290076444,0.17516426096346072
20,69,Medium,Medium,Yes,8,81,High,2,Medium,Medium,Positive,4,No,High School,Near,Male,67,1,2,0,1,0,1,0.0041185681317912485,-0.9507081882180577
20,90,High,High,Yes,6,69,Medium,2,High,High,Neutral,3,No,High School,Near,Female,72,2,1,0,1,0,1,0.0041185681317912485,0.8680088450751643
27,81,Medium,Low,Yes,9,77,Low,1,Medium,High,Neutral,4,No,College,Moderate,Female,68,1,0,0,1,0,1,1.1727054241270012,0.08855868794949777
23,92,Medium,Low,Yes,6,54,High,3,Medium,Medium,Positive,2,Yes,Postgraduate,Near,Male,70,1,2,0,1,0,1,0.5049415064154527,1.0412199911030902
20,91,Medium,Medium,Yes,6,88,Medium,1,Low,Medium,Positive,4,No,High School,Moderate,Male,69,1,1,0,1,0,1,0.0041185681317912485,0.9546144180891273
25,69,High,Low,Yes,7,52,High,1,Low,Medium,Positive,4,No,High School,Moderate,Male,65,2,2,0,1,0,1,0.8388234652712269,-0.9507081882180577
28,89,High,High,No,8,82,Medium,0,Medium,Medium,Negative,3,No,Postgraduate,Far,Male,72,2,1,0,1,0,1,1.3396464035548883,0.7814032720612014
23,92,Medium,High,No,7,72,Medium,0,Low,Medium,Neutral,4,No,College,Far,Female,69,1,1,0,1,0,1,0.5049415064154527,1.0412199911030902
20,74,Medium,Medium,Yes,7,59,Low,5,High,Medium,Positive,4,No,High School,Near,Female,68,1,0,0,1,0,1,0.0041185681317912485,-0.5176803231482429
12,67,High,High,No,6,76,High,1,Low,Medium,Negative,2,No,High School,Moderate,Male,62,2,2,0,1,0,1,-1.3314092672913058,-1.1239193342459837
14,60,Medium,Low,Yes,7,89,Low,2,Medium,Medium,Neutral,3,No,High School,Moderate,Male,60,1,0,0,1,0,1,-0.9975273084355315,-1.7301583453437241
18,78,High,Medium,Yes,7,71,Low,3,Medium,Medium,Neutral,4,No,High School,Moderate,Male,67,2,0,0,1,0,1,-0.329763390723983,-0.1712580310923911
16,74,High,High,Yes,6,68,Low,2,Medium,Medium,Neutral,4,No,College,Near,Male,67,2,0,0,1,0,1,-0.6636453495797573,-0.5176803231482429
19,82,Medium,High,Yes,7,57,Medium,1,Medium,Medium,Neutral,3,No,High School,Near,Male,67,1,1,0,1,0,1,-0.16282241129609587,0.17516426096346072
20,68,Medium,Medium,Yes,7,80,Low,0,Low,Medium,Neutral,4,No,High School,Near,Female,63,1,0,1,0,0,1,0.0041185681317912485,-1.0373137612320207
23,94,Medium,Low,Yes,10,91,High,1,Medium,Medium,Neutral,3,No,High School,Near,Male,71,1,2,0,1,0,1,0.5049415064154527,1.2144311371310161
20,70,Medium,Medium,Yes,6,78,High,0,Medium,Medium,Positive,2,No,College,Near,Female,66,1,2,1,0,0,1,0.0041185681317912485,-0.8641026152040947
23,69,Medium,Medium,Yes,6,58,High,0,Medium,Medium,Neutral,1,No,Postgraduate,Near,Female,65,1,2,0,1,0,1,0.5049415064154527,-0.9507081882180577
20,79,High,Medium,Yes,7,83,High,2,Medium,Medium,Positive,2,No,High School,Moderate,Female,69,2,2,0,1,0,1,0.0041185681317912485,-0.08465245807842814
8,80,High,Low,No,6,52,High,2,Medium,Medium,Positive,1,No,High School,Near,Female,63,2,2,0,1,0,1,-1.9991731850028542,0.0019531149355348125
14,69,Medium,Medium,Yes,5,92,High,3,Low,Low,Negative,2,No,Postgraduate,Moderate,Female,64,1,2,0,1,0,1,-0.9975273084355315,-0.9507081882180577
19,71,High,High,No,5,96,High,2,Low,Medium,Neutral,0,Yes,College,Near,Female,67,2,2,1,0,0,1,-0.16282241129609587,-0.7774970421901317
13,67,Medium,Medium,Yes,6,80,High,1,Low,High,Negative,2,No,High School,Moderate,Male,62,1,2,0,1,0,1,-1.1644682878634187,-1.1239193342459837
24,89,Medium,Low,Yes,6,94,Low,2,Medium,Medium,Neutral,2,No,High School,Far,Male,68,1,0,0,1,0,1,0.6718824858433398,0.7814032720612014
29,91,Medium,High,No,5,54,Low,2,Low,Medium,Neutral,3,No,Postgraduate,Moderate,Male,71,1,0,0,1,0,1,1.5065873829827754,0.9546144180891273
27,78,High,Medium,No,7,61,Medium,1,Low,Medium,Negative,3,No,High School,Moderate,Female,66,2,1,0,1,1,0,1.1727054241270012,-0.1712580310923911
19,89,Medium,High,Yes,4,66,Low,1,Low,Medium,Positive,1,No,Postgraduate,Near,Female,69,1,0,0,1,0,1,-0.16282241129609587,0.7814032720612014
29,89,Medium,Low,Yes,8,89,Low,1,Medium,High,Neutral,4,No,High School,Moderate,Male,71,1,0,1,0,0,1,1.5065873829827754,0.7814032720612014
21,66,Medium,Medium,Yes,6,74,Medium,2,Medium,High,Neutral,4,No,High School,Near,Female,66,1,1,1,0,0,1,0.17105954755967837,-1.2105249072599464
18,99,Medium,Medium,No,6,67,Medium,5,Low,Medium,Positive,3,No,Postgraduate,Near,Female,72,1,1,0,1,0,1,-0.329763390723983,1.6474590022008309
16,93,Medium,Medium,Yes,8,58,Medium,1,High,High,Positive,4,No,College,Near,Female,70,1,1,0,1,0,1,-0.6636453495797573,1.1278255641170531
18,68,Low,Medium,No,8,91,High,1,Low,High,Neutral,3,No,Postgraduate,Near,Female,65,0,2,1,0,0,1,-0.329763390723983,-1.0373137612320207
18,67,High,Medium,No,6,51,Medium,0,Medium,High,Positive,2,No,College,Near,Female,64,2,1,0,1,0,1,-0.329763390723983,-1.1239193342459837
21,65,Medium,Medium,Yes,8,67,Medium,1,Low,Medium,Positive,2,No,College,Moderate,Male,63,1,1,0,1,0,1,0.17105954755967837,-1.2971304802739094
21,66,Medium,Medium,No,9,62,Low,3,Medium,Medium,Positive,2,No,High School,Near,Male,63,1,0,1,0,1,0,0.17105954755967837,-1.2105249072599464
20,90,Low,Medium,No,5,56,Medium,3,Medium,Medium,Positive,2,No,High School,Moderate,Male,66,0,1,0,1,1,0,0.0041185681317912485,0.8680088450751643
23,79,High,High,Yes,8,59,Low,1,Low,High,Negative,4,No,College,Moderate,Male,68,2,0,0,1,0,1,0.5049415064154527,-0.08465245807842814
27,91,Medium,High,Yes,5,75,Low,1,High,High,Neutral,4,No,College,Near,Male,74,1,0,0,1,0,1,1.1727054241270012,0.9546144180891273
26,90,High,High,No,9,71,Low,0,High,Low,Negative,2,No,College,Near,Female,71,2,0,1,0,0,1,1.005764444699114,0.8680088450751643
11,84,High,Medium,Yes,6,76,High,3,Low,High,Negative,3,No,High School,Moderate,Female,67,2,2,0,1,0,1,-1.498350246719193,0.34837540699138664
5,87,High,Low,No,6,86,Medium,2,Medium,High,Positive,3,No,Postgraduate,Near,Female,66,2,1,0,1,0,1,-2.4999961232865155,0.6081921260332754
26,61,High,Medium,Yes,9,95,Medium,0,Medium,Medium,Negative,6,No,College,Near,Male,67,2,1,1,0,0,1,1.005764444699114,-1.6435527723297614
12,72,Low,High,Yes,8,56,High,3,Low,Medium,Positive,1,Yes,High School,Moderate,Male,62,0,2,0,1,0,1,-1.3314092672913058,-0.6908914691761688
19,86,Medium,Low,No,6,54,Low,1,High,High,Positive,5,No,Postgraduate,Near,Male,68,1,0,1,0,0,1,-0.16282241129609587,0.5215865530193126
13,60,Medium,Medium,Yes,7,66,Medium,2,Low,Medium,Positive,3,No,Postgraduate,Near,Male,62,1,1,0,1,0,1,-1.1644682878634187,-1.7301583453437241
9,61,High,Medium,Yes,6,77,Low,1,High,Medium,Neutral,2,No,High School,Near,Male,82,2,0,1,0,1,0,-1.8322322055749671,-1.6435527723297614
23,94,High,Medium,No,5,55,High,2,Medium,Medium,Positive,2,Yes,High School,Near,Male,70,2,2,0,1,0,1,0.5049415064154527,1.2144311371310161
25,87,High,Medium,No,7,86,Medium,4,Medium,Low,Negative,2,No,College,Near,Male,72,2,1,1,0,0,1,0.8388234652712269,0.6081921260332754
17,71,Low,High,Yes,6,78,Low,0,Medium,Medium,Positive,4,No,College,Near,Female,64,0,0,0,1,0,1,-0.49670437015187013,-0.7774970421901317
4,88,Medium,High,No,6,87,Low,1,Medium,High,Neutral,4,No,College,Near,Male,66,1,0,0,1,0,1,-2.6669371027144027,0.6947976990472384
17,92,Medium,Medium,Yes,9,68,High,0,Medium,Low,Positive,3,No,College,Near,Female,68,1,2,1,0,0,1,-0.49670437015187013,1.0412199911030902
22,72,Low,Medium,No,6,70,Low,1,High,Medium,Neutral,3,No,Postgraduate,Far,Male,64,0,0,0,1,0,1,0.3380005269875655,-0.6908914691761688
11,61,Low,Medium,Yes,7,90,High,0,Medium,High,Neutral,3,No,High School,Near,Female,61,0,2,0,1,0,1,-1.498350246719193,-1.6435527723297614
21,97,Medium,Medium,Yes,9,63,Medium,0,Medium,Medium,Positive,1,No,High School,Moderate,Male,69,1,1,0,1,0,1,0.17105954755967837,1.474247856172905
20,74,High,High,No,7,69,Low,2,High,High,Neutral,2,No,College,Near,Male,68,2,0,1,0,0,1,0.0041185681317912485,-0.5176803231482429
23,64,Medium,Medium,No,6,51,Medium,1,Medium,Medium,Positive,5,No,College,Near,Male,64,1,1,0,1,0,1,0.5049415064154527,-1.3837360532878724
21,80,Medium,High,No,7,78,Medium,1,Low,High,Negative,4,No,High School,Moderate,Female,67,1,1,1,0,0,1,0.17105954755967837,0.0019531149355348125
14,91,Medium,Medium,Yes,8,93,Medium,0,Medium,Medium,Neutral,3,No,High School,Moderate,Male,67,1,1,0,1,0,1,-0.9975273084355315,0.9546144180891273
27,69,Medium,Medium,No,8,51,Medium,1,High,Medium,Negative,2,No,High School,Near,Male,65,1,1,0,1,0,1,1.1727054241270012,-0.9507081882180577
19,71,High,Medium,Yes,10,81,Medium,2,Medium,High,Positive,3,No,High School,Near,Female,68,2,1,0,1,0,1,-0.16282241129609587,-0.7774970421901317
20,70,Medium,High,Yes,6,92,Medium,2,Medium,Low,Positive,3,No,High School,Near,Male,67,1,1,0,1,0,1,0.0041185681317912485,-0.8641026152040947
14,100,Low,Medium,No,7,75,Low,1,Low,Medium,Positive,3,No,Postgraduate,Moderate,Male,67,0,0,0,1,0,1,-0.9975273084355315,1.7340645752147938
17,68,Medium,High,Yes,5,66,Medium,1,High,Medium,Negative,4,No,High School,Near,Male,64,1,1,0,1,0,1,-0.49670437015187013,-1.0373137612320207
15,83,High,High,Yes,8,100,Medium,0,Medium,Medium,Positive,3,No,College,Near,Female,70,2,1,0,1,0,1,-0.8305863290076444,0.26176983397742365
19,97,Medium,High,No,7,53,Medium,2,Low,Low,Neutral,3,No,College,Moderate,Male,69,1,1,1,0,0,1,-0.16282241129609587,1.474247856172905
30,66,Medium,High,No,7,61,Low,0,High,High,Positive,2,No,High School,Far,Male,66,1,0,1,0,0,1,1.6735283624106625,-1.2105249072599464
12,99,Low,Medium,No,6,94,Medium,2,Medium,Medium,Neutral,3,No,Postgraduate,Moderate,Male,69,0,1,0,1,0,1,-1.3314092672913058,1.6474590022008309
10,98,Low,Medium,Yes,6,65,Medium,1,Low,High,Positive,2,No,High School,Near,Male,66,0,1,1,0,0,1,-1.66529122614708,1.5608534291868679
29,95,High,Medium,Yes,7,91,Low,1,Low,Medium,Neutral,3,No,High School,Moderate,Female,73,2,0,0,1,0,1,1.5065873829827754,1.3010367101449791
19,69,Medium,Medium,Yes,6,67,Medium,4,High,High,Positive,4,No,Postgraduate,Moderate,Male,66,1,1,1,0,1,0,-0.16282241129609587,-0.9507081882180577
16,85,Medium,High,Yes,7,91,High,0,Medium,Medium,Neutral,2,No,Postgraduate,Moderate,Male,69,1,2,0,1,0,1,-0.6636453495797573,0.43498098000534957
26,90,Medium,Low,Yes,7,84,Low,1,Medium,Medium,Positive,3,No,High School,Moderate,Male,70,1,0,0,1,0,1,1.005764444699114,0.8680088450751643
16,99,High,Medium,Yes,5,73,High,1,Medium,Medium,Positive,5,Yes,College,Far,Male,71,2,2,1,0,0,1,-0.6636453495797573,1.6474590022008309
31,67,Low,High,Yes,5,76,Medium,2,Medium,High,Positive,4,No,College,Near,Male,70,0,1,0,1,0,1,1.8404693418385496,-1.1239193342459837
24,91,High,Low,Yes,6,59,Medium,0,Low,Medium,Neutral,4,No,High School,Near,Male,69,2,1,1,0,0,1,0.6718824858433398,0.9546144180891273
17,74,Medium,Medium,No,9,56,Medium,1,Medium,High,Negative,3,No,High School,Moderate,Male,63,1,1,1,0,0,1,-0.49670437015187013,-0.5176803231482429
33,67,High,Medium,Yes,6,86,Medium,4,Medium,High,Positive,3,Yes,High School,Near,Female,71,2,1,0,1,0,1,2.174351300694324,-1.1239193342459837
16,77,High,High,No,7,92,Low,2,Medium,Medium,Negative,2,No,College,Near,Male,67,2,0,0,1,0,1,-0.6636453495797573,-0.25786360410635406
24,92,Medium,Medium,Yes,5,86,High,3,Medium,High,Neutral,2,No,High School,Near,Female,73,1,2,0,1,0,1,0.6718824858433398,1.0412199911030902
22,79,Low,High,Yes,6,96,Medium,1,High,Medium,Neutral,2,No,College,Moderate,Male,68,0,1,0,1,0,1,0.3380005269875655,-0.08465245807842814
28,82,Low,Medium,Yes,5,95,Medium,0,High,Low,Neutral,3,No,High School,Near,Male,69,0,1,0,1,0,1,1.3396464035548883,0.17516426096346072
29,100,High,High,Yes,8,89,Medium,2,Medium,Medium,Neutral,3,No,High School,Moderate,Female,76,2,1,1,0,0,1,1.5065873829827754,1.7340645752147938
20,76,Low,Medium,Yes,5,95,Medium,4,Low,High,Positive,3,No,High School,Near,Male,68,0,1,0,1,0,1,0.0041185681317912485,-0.344469177120317
15,85,Medium,Medium,No,8,58,High,1,Low,Medium,Negative,3,No,College,Near,Male,65,1,2,1,0,0,1,-0.8305863290076444,0.43498098000534957
23,75,Medium,Medium,Yes,8,87,Low,0,High,Low,Positive,1,No,High School,Near,Female,66,1,0,0,1,0,1,0.5049415064154527,-0.4310747501342799
16,76,Medium,Low,No,7,88,High,0,Low,Medium,Positive,2,No,Postgraduate,Near,Male,65,1,2,0,1,0,1,-0.6636453495797573,-0.344469177120317
32,88,Low,Medium,No,8,58,Low,3,Low,High,Negative,3,No,High School,Moderate,Male,69,0,0,1,0,0,1,2.0074103212664367,0.6947976990472384
21,98,High,Medium,Yes,10,95,Medium,0,Medium,Medium,Neutral,1,No,High School,Near,Male,71,2,1,0,1,0,1,0.17105954755967837,1.5608534291868679
18,82,High,Low,Yes,8,50,Medium,1,High,Medium,Positive,3,No,High School,Moderate,Male,66,2,1,0,1,0,1,-0.329763390723983,0.17516426096346072
21,91,Medium,High,No,5,72,Medium,3,Low,Medium,Negative,3,Yes,High School,Near,Female,69,1,1,0,1,0,1,0.17105954755967837,0.9546144180891273
12,64,Medium,Medium,No,9,51,Low,2,Low,Medium,Neutral,4,No,College,Near,Male,59,1,0,0,1,1,0,-1.3314092672913058,-1.3837360532878724
14,68,Medium,High,No,7,76,Medium,2,High,Medium,Positive,3,No,High School,Near,Male,65,1,1,0,1,0,1,-0.9975273084355315,-1.0373137612320207
27,80,High,High,No,10,71,High,4,Low,Low,Neutral,2,No,College,Near,Male,72,2,2,0,1,0,1,1.1727054241270012,0.0019531149355348125
16,61,Medium,Low,Yes,6,81,Medium,0,Medium,Medium,Negative,2,No,College,Near,Male,60,1,1,0,1,0,1,-0.6636453495797573,-1.6435527723297614
14,70,Medium,Medium,Yes,9,88,Low,0,High,Medium,Positive,4,No,College,Moderate,Female,64,1,0,1,0,0,1,-0.9975273084355315,-0.8641026152040947
23,81,Medium,Medium,No,7,88,Low,1,Low,Medium,Positive,4,No,Postgraduate,Near,Male,69,1,0,0,1,0,1,0.5049415064154527,0.08855868794949777
27,61,High,High,Yes,10,86,Medium,3,Medium,High,Positive,3,No,High School,Near,Female,70,2,1,1,0,0,1,1.1727054241270012,-1.6435527723297614
24,71,Medium,High,Yes,7,55,Low,2,High,Medium,Positive,3,No,College,Far,Male,67,1,0,0,1,0,1,0.6718824858433398,-0.7774970421901317
26,81,Medium,Medium,No,10,71,Low,0,Medium,Medium,Positive,5,Yes,High School,Near,Female,67,1,0,1,0,0,1,1.005764444699114,0.08855868794949777
15,83,Medium,Low,Yes,8,91,Medium,0,Low,Medium,Neutral,3,No,College,Far,Male,64,1,1,1,0,0,1,-0.8305863290076444,0.26176983397742365
11,97,Medium,Medium,Yes,8,83,Low,4,Medium,High,Negative,2,No,High School,Far,Male,68,1,0,1,0,0,1,-1.498350246719193,1.474247856172905
29,86,Medium,High,No,10,84,Low,1,Low,High,Positive,4,No,High School,Near,Female,72,1,0,1,0,0,1,1.5065873829827754,0.5215865530193126
18,77,Medium,High,Yes,6,61,Medium,1,Low,Medium,Neutral,3,No,High School,Near,Female,65,1,1,1,0,0,1,-0.329763390723983,-0.25786360410635406
18,97,Medium,High,No,8,66,Low,2,Medium,Medium,Neutral,2,No,College,Moderate,Male,70,1,0,0,1,0,1,-0.329763390723983,1.474247856172905
28,91,High,Medium,No,7,98,Low,2,Low,Medium,Positive,5,No,Postgraduate,Near,Male,75,2,0,1,0,0,1,1.3396464035548883,0.9546144180891273
23,68,Low,Low,Yes,7,92,Medium,3,Low,High,Neutral,4,No,High School,Near,Male,65,0,1,1,0,1,0,0.5049415064154527,-1.0373137612320207
23,65,Medium,High,Yes,7,58,Low,1,Low,Medium,Neutral,3,Yes,College,Moderate,Female,63,1,0,0,1,0,1,0.5049415064154527,-1.2971304802739094
33,87,Medium,High,No,8,77,Low,0,Low,Medium,Positive,3,Yes,High School,Near,Male,71,1,0,1,0,0,1,2.174351300694324,0.6081921260332754
16,82,Medium,Low,Yes,8,75,Medium,2,Medium,Medium,Positive,2,No,College,Near,Female,66,1,1,0,1,0,1,-0.6636453495797573,0.17516426096346072
26,92,Medium,Low,Yes,6,72,Medium,1,Low,Medium,Neutral,3,No,High School,Moderate,Female,69,1,1,1,0,0,1,1.005764444699114,1.0412199911030902
20,90,High,Medium,No,7,74,Low,0,High,Low,Positive,3,No,Postgraduate,Moderate,Female,68,2,0,1,0,1,0,0.0041185681317912485,0.8680088450751643
22,85,Medium,High,No,4,82,Medium,1,Medium,High,Positive,2,No,Postgraduate,Near,Male,71,1,1,0,1,0,1,0.3380005269875655,0.43498098000534957
29,99,High,Medium,Yes,8,98,High,5,Low,Low,Neutral,2,No,Postgraduate,Near,Male,77,2,2,0,1,1,0,1.5065873829827754,1.6474590022008309
23,81,High,Low,Yes,10,94,High,1,Medium,High,Neutral,2,No,College,Near,Female,70,2,2,0,1,0,1,0.5049415064154527,0.08855868794949777
23,65,Medium,Medium,No,7,94,Medium,1,High,Medium,Negative,3,No,College,Near,Female,66,1,1,0,1,0,1,0.5049415064154527,-1.2971304802739094
26,93,High,Medium,No,5,85,Low,1,High,High,Positive,3,No,College,Moderate,Female,73,2,0,0,1,0,1,1.005764444699114,1.1278255641170531
18,70,Medium,Medium,Yes,8,51,Medium,1,Low,Medium,Negative,3,No,College,Moderate,Male,62,1,1,1,0,0,1,-0.329763390723983,-0.8641026152040947
15,91,Medium,Medium,No,6,72,Low,0,Medium,Medium,Neutral,2,No,High School,Moderate,Female,65,1,0,0,1,0,1,-0.8305863290076444,0.9546144180891273
14,98,High,High,Yes,7,76,Medium,0,Low,Medium,Neutral,2,No,Postgraduate,Near,Male,71,2,1,0,1,0,1,-0.9975273084355315,1.5608534291868679
8,88,Medium,Medium,Yes,8,92,High,1,Low,Medium,Negative,4,No,College,Near,Male,66,1,2,0,1,0,1,-1.9991731850028542,0.6947976990472384
32,84,Low,Medium,Yes,8,96,Medium,1,Low,Medium,Positive,3,No,High School,Near,Female,72,0,1,0,1,0,1,2.0074103212664367,0.34837540699138664
13,78,Medium,Medium,Yes,9,73,Medium,0,Medium,High,Negative,4,No,High School,Near,Male,64,1,1,1,0,0,1,-1.1644682878634187,-0.1712580310923911
19,75,Medium,Medium,No,7,65,Low,0,Low,Low,Neutral,4,No,High School,Near,Female,63,1,0,1,0,0,1,-0.16282241129609587,-0.4310747501342799
18,74,Low,Medium,Yes,7,67,Low,0,Low,Medium,Positive,3,No,High School,Near,Male,63,0,0,0,1,0,1,-0.329763390723983,-0.5176803231482429
22,85,High,Medium,No,8,79,High,5,Medium,High,Neutral,2,No,High School,Near,Female,72,2,2,0,1,0,1,0.3380005269875655,0.43498098000534957
25,90,Medium,Medium,Yes,7,64,Medium,2,Medium,High,Positive,2,No,High School,Moderate,Male,71,1,1,0,1,0,1,0.8388234652712269,0.8680088450751643
25,87,High,High,Yes,6,96,Low,3,Medium,Medium,Positive,2,No,High School,Moderate,Female,72,2,0,0,1,1,0,0.8388234652712269,0.6081921260332754
17,68,Medium,High,Yes,8,71,Medium,1,Medium,High,Neutral,2,No,High School,Near,Male,65,1,1,1,0,0,1,-0.49670437015187013,-1.0373137612320207
19,80,Medium,Medium,Yes,5,100,Medium,0,Medium,Medium,Neutral,3,No,High School,Near,Female,67,1,1,0,1,0,1,-0.16282241129609587,0.0019531149355348125
22,92,Low,High,Yes,7,55,Low,1,Low,Medium,Positive,4,No,High School,Moderate,Female,68,0,0,0,1,0,1,0.3380005269875655,1.0412199911030902
19,79,Medium,High,Yes,5,59,Medium,2,Low,Medium,Neutral,2,No,Postgraduate,Far,Male,66,1,1,1,0,0,1,-0.16282241129609587,-0.08465245807842814
30,81,Medium,High,No,6,76,Medium,0,High,Medium,Positive,3,No,Postgraduate,Near,Male,72,1,1,0,1,0,1,1.6735283624106625,0.08855868794949777
23,91,High,Medium,No,6,93,Medium,3,Low,Low,Neutral,3,No,High School,Moderate,Female,71,2,1,0,1,0,1,0.5049415064154527,0.9546144180891273
24,86,Medium,High,No,6,68,Low,3,Low,High,Positive,3,Yes,College,Moderate,Female,70,1,0,0,1,0,1,0.6718824858433398,0.5215865530193126
24,76,Medium,Medium,No,9,92,Medium,1,Medium,Low,Neutral,3,No,Postgraduate,Near,Female,68,1,1,0,1,0,1,0.6718824858433398,-0.344469177120317
27,96,Medium,High,No,9,71,Low,0,Low,Medium,Positive,4,No,College,Near,Female,72,1,0,1,0,0,1,1.1727054241270012,1.3876422831589421
21,67,Low,Medium,Yes,9,93,High,1,Low,High,Neutral,3,No,College,Near,Male,66,0,2,0,1,0,1,0.17105954755967837,-1.1239193342459837
12,100,Medium,Medium,No,7,64,Medium,1,Medium,High,Positive,6,No,High School,Near,Male,69,1,1,0,1,0,1,-1.3314092672913058,1.7340645752147938
22,65,Low,Medium,Yes,6,74,High,2,Medium,Medium,Positive,1,No,College,Near,Male,65,0,2,0,1,0,1,0.3380005269875655,-1.2971304802739094
16,61,High,High,No,8,64,Medium,1,Low,High,Positive,3,No,High School,Far,Male,62,2,1,0,1,0,1,-0.6636453495797573,-1.6435527723297614
17,96,High,High,No,7,61,Low,1,Low,High,Positive,1,No,College,Moderate,Female,69,2,0,0,1,0,1,-0.49670437015187013,1.3876422831589421
24,70,Medium,Medium,Yes,7,71,Medium,1,Medium,Low,Negative,4,No,High School,Near,Male,65,1,1,0,1,0,1,0.6718824858433398,-0.8641026152040947
27,89,Medium,Low,No,4,67,Medium,2,Low,Low,Neutral,4,No,College,Near,Female,69,1,1,1,0,0,1,1.1727054241270012,0.7814032720612014
20,92,Low,High,Yes,8,89,Medium,1,Low,Medium,Neutral,3,No,High School,Moderate,Female,69,0,1,0,1,0,1,0.0041185681317912485,1.0412199911030902
22,94,High,Medium,Yes,8,87,Medium,2,Low,Medium,Neutral,5,No,College,Near,Female,73,2,1,1,0,0,1,0.3380005269875655,1.2144311371310161
30,100,High,Medium,Yes,7,68,Low,2,Medium,Medium,Neutral,2,No,Postgraduate,Near,Female,75,2,0,1,0,0,1,1.6735283624106625,1.7340645752147938
21,72,High,High,Yes,8,100,Medium,3,Low,High,Positive,3,No,College,Far,Male,70,2,1,1,0,0,1,0.17105954755967837,-0.6908914691761688
36,88,Medium,High,No,8,99,High,0,Low,Medium,Negative,3,No,College,Near,Female,74,1,2,1,0,0,1,2.675174238977985,0.6947976990472384
23,65,Medium,Medium,Yes,6,96,Medium,0,Low,Low,Positive,3,No,High School,Near,Male,65,1,1,0,1,0,1,0.5049415064154527,-1.2971304802739094
9,76,Medium,Medium,No,7,79,Medium,1,Medium,Medium,Negative,3,No,College,Near,Male,63,1,1,0,1,0,1,-1.8322322055749671,-0.344469177120317
25,94,High,High,No,5,71,Low,4,Medium,High,Negative,4,No,College,Near,Female,74,2,0,0,1,0,1,0.8388234652712269,1.2144311371310161
22,75,High,High,Yes,9,66,Low,0,Low,Medium,Neutral,2,No,Postgraduate,Near,Male,67,2,0,1,0,0,1,0.3380005269875655,-0.4310747501342799
28,84,Medium,Medium,Yes,8,51,Medium,3,Medium,Medium,Positive,4,No,Postgraduate,Near,Female,71,1,1,0,1,1,0,1.3396464035548883,0.34837540699138664
24,80,High,Low,Yes,6,82,Medium,1,Low,High,Neutral,3,No,College,Moderate,Female,68,2,1,0,1,0,1,0.6718824858433398,0.0019531149355348125
19,86,High,Medium,No,8,78,Medium,2,Medium,Medium,Negative,4,No,College,Near,Female,69,2,1,0,1,0,1,-0.16282241129609587,0.5215865530193126
13,99,Medium,High,No,7,81,Medium,0,Medium,Medium,Positive,4,No,Postgraduate,Near,Male,71,1,1,0,1,0,1,-1.1644682878634187,1.6474590022008309
19,62,High,Medium,Yes,6,79,Low,7,Medium,Medium,Neutral,2,No,High School,Near,Female,66,2,0,0,1,0,1,-0.16282241129609587,-1.5569471993157984
15,83,Medium,Medium,Yes,7,57,Low,0,Medium,Medium,Positive,3,No,Postgraduate,Near,Male,65,1,0,1,0,0,1,-0.8305863290076444,0.26176983397742365
17,95,Medium,Low,Yes,8,85,Low,1,Low,High,Negative,2,No,College,Moderate,Female,66,1,0,1,0,1,0,-0.49670437015187013,1.3010367101449791
24,79,Low,Low,Yes,8,68,High,2,Low,Medium,Negative,2,No,High School,Near,Male,65,0,2,1,0,0,1,0.6718824858433398,-0.08465245807842814
30,63,Medium,Medium,No,10,76,Medium,1,Medium,Medium,Neutral,4,No,Postgraduate,Moderate,Female,67,1,1,0,1,0,1,1.6735283624106625,-1.4703416263018354
22,82,High,Medium,No,7,68,High,2,Low,Medium,Neutral,4,No,Postgraduate,Near,Male,70,2,2,1,0,0,1,0.3380005269875655,0.17516426096346072
13,73,Medium,Medium,Yes,7,51,Medium,1,Low,Medium,Positive,4,No,Postgraduate,Near,Male,63,1,1,0,1,0,1,-1.1644682878634187,-0.6042858961622058
23,66,Low,Low,No,8,94,Low,1,Medium,High,Neutral,3,No,Postgraduate,Moderate,Male,64,0,0,1,0,0,1,0.5049415064154527,-1.2105249072599464
27,94,Medium,Medium,Yes,7,57,Medium,1,Medium,Medium,Neutral,1,No,High School,Near,Male,71,1,1,1,0,0,1,1.1727054241270012,1.2144311371310161
16,81,Medium,High,Yes,6,79,Medium,2,Low,High,Positive,3,No,College,Moderate,Female,68,1,1,0,1,0,1,-0.6636453495797573,0.08855868794949777
19,97,Medium,Low,No,6,94,Medium,2,High,Medium,Neutral,4,No,Postgraduate,Near,Male,72,1,1,0,1,0,1,-0.16282241129609587,1.474247856172905
20,92,Medium,High,Yes,4,61,Medium,2,High,Medium,Neutral,4,No,College,Near,Male,71,1,1,0,1,0,1,0.0041185681317912485,1.0412199911030902
15,88,Low,Low,Yes,8,71,Medium,1,Low,Low,Positive,2,No,Postgraduate,Moderate,Male,64,0,1,1,0,1,0,-0.8305863290076444,0.6947976990472384
24,60,High,Low,Yes,5,69,Medium,1,Medium,High,Neutral,5,No,High School,Moderate,Male,64,2,1,0,1,0,1,0.6718824858433398,-1.7301583453437241
19,77,High,Medium,Yes,6,54,Low,3,High,Medium,Negative,2,No,College,Moderate,Male,66,2,0,1,0,0,1,-0.16282241129609587,-0.25786360410635406
23,68,Medium,High,Yes,7,71,High,3,Medium,Medium,Positive,3,No,High School,Moderate,Female,68,1,2,0,1,0,1,0.5049415064154527,-1.0373137612320207
15,96,High,Medium,No,7,74,Medium,2,Low,Low,Positive,2,No,High School,Far,Male,68,2,1,1,0,0,1,-0.8305863290076444,1.3876422831589421
17,67,High,Medium,Yes,10,51,Medium,3,Low,Medium,Positive,5,No,High School,Near,Male,65,2,1,0,1,0,1,-0.49670437015187013,-1.1239193342459837
24,71,Medium,Medium,Yes,5,74,Medium,1,Medium,Medium,Positive,3,No,High School,Near,Male,67,1,1,1,0,0,1,0.6718824858433398,-0.7774970421901317
18,81,Medium,Low,Yes,10,55,Low,3,Low,Medium,Negative,2,No,High School,Near,Male,64,1,0,0,1,0,1,-0.329763390723983,0.08855868794949777
30,71,High,Medium,Yes,9,95,High,1,Medium,Medium,Neutral,4,No,College,Near,Male,70,2,2,0,1,1,0,1.6735283624106625,-0.7774970421901317
18,68,Medium,High,Yes,8,83,Low,1,Low,Medium,Positive,2,No,College,Near,Male,65,1,0,0,1,0,1,-0.329763390723983,-1.0373137612320207
21,84,Medium,Low,No,9,53,Low,2,Medium,High,Negative,3,No,High School,Moderate,Female,65,1,0,0,1,0,1,0.17105954755967837,0.34837540699138664
26,64,High,Medium,No,8,91,High,1,Medium,Medium,Positive,4,No,High School,Near,Male,68,2,2,0,1,0,1,1.005764444699114,-1.3837360532878724
11,62,Medium,High,Yes,4,68,Medium,2,High,Medium,Negative,3,No,High School,Moderate,Male,61,1,1,0,1,0,1,-1.498350246719193,-1.5569471993157984
9,75,High,Low,No,8,61,High,3,Medium,Medium,Neutral,3,No,High School,Near,Male,63,2,2,0,1,0,1,-1.8322322055749671,-0.4310747501342799
11,89,Medium,Medium,Yes,5,63,Medium,0,Medium,Medium,Neutral,2,No,College,Near,Female,65,1,1,0,1,0,1,-1.498350246719193,0.7814032720612014
28,82,Medium,Medium,Yes,6,80,Medium,1,Low,Medium,Neutral,5,No,High School,Far,Female,69,1,1,1,0,0,1,1.3396464035548883,0.17516426096346072
17,77,Medium,Medium,No,7,54,Low,1,Low,High,Positive,2,No,College,Near,Male,64,1,0,0,1,0,1,-0.49670437015187013,-0.25786360410635406
35,83,Medium,Low,No,6,53,Medium,1,Low,Medium,Neutral,2,No,High School,Near,Female,69,1,1,1,0,0,1,2.508233259550098,0.26176983397742365
17,75,High,Medium,Yes,8,81,Low,3,High,Medium,Neutral,3,Yes,Postgraduate,Near,Male,67,2,0,0,1,0,1,-0.49670437015187013,-0.4310747501342799
21,97,Medium,High,Yes,7,99,High,1,Medium,High,Neutral,1,No,Postgraduate,Moderate,Male,74,1,2,0,1,0,1,0.17105954755967837,1.474247856172905
29,62,High,Medium,Yes,8,74,Medium,1,Low,Medium,Negative,3,Yes,College,Near,Male,66,2,1,1,0,0,1,1.5065873829827754,-1.5569471993157984
32,87,Medium,High,Yes,7,71,Medium,0,High,Low,Neutral,4,Yes,College,Near,Male,72,1,1,0,1,0,1,2.0074103212664367,0.6081921260332754
32,96,Medium,Low,Yes,7,97,Low,1,Low,Medium,Neutral,5,No,College,Moderate,Male,73,1,0,0,1,0,1,2.0074103212664367,1.3876422831589421
27,92,High,Medium,No,6,62,High,0,Medium,High,Positive,4,No,College,Near,Male,73,2,2,0,1,0,1,1.1727054241270012,1.0412199911030902
26,67,Low,Medium,Yes,5,62,High,0,Medium,Medium,Negative,2,No,High School,Moderate,Male,63,0,2,0,1,0,1,1.005764444699114,-1.1239193342459837
24,72,High,Medium,Yes,7,95,Medium,3,Low,Medium,Negative,2,No,Postgraduate,Near,Male,69,2,1,0,1,0,1,0.6718824858433398,-0.6908914691761688
25,89,Low,Low,Yes,6,82,High,2,Low,Medium,Neutral,6,No,Postgraduate,Near,Male,71,0,2,0,1,0,1,0.8388234652712269,0.7814032720612014
17,63,High,Medium,No,9,53,High,1,Low,High,Neutral,4,No,College,Moderate,Male,63,2,2,0,1,0,1,-0.49670437015187013,-1.4703416263018354
15,92,Medium,High,Yes,5,84,Medium,0,High,Low,Positive,5,No,High School,Moderate,Female,69,1,1,0,1,0,1,-0.8305863290076444,1.0412199911030902
20,89,High,High,Yes,10,91,Low,3,Medium,Medium,Neutral,3,No,College,Moderate,Male,72,2,0,1,0,0,1,0.0041185681317912485,0.7814032720612014
19,89,High,Low,Yes,7,64,Medium,2,Low,Medium,Positive,4,Yes,Postgraduate,Moderate,Female,68,2,1,0,1,0,1,-0.16282241129609587,0.7814032720612014
17,64,Low,High,No,7,69,Medium,1,Medium,Medium,Negative,3,No,High School,Near,Female,62,0,1,0,1,0,1,-0.49670437015187013,-1.3837360532878724
24,89,Low,High,Yes,6,60,Medium,1,Low,Medium,Neutral,2,No,High School,Near,Male,68,0,1,1,0,0,1,0.6718824858433398,0.7814032720612014
26,87,Medium,Medium,Yes,8,82,High,1,Low,Medium,Negative,2,No,Postgraduate,Near,Male,71,1,2,0,1,0,1,1.005764444699114,0.6081921260332754
21,93,Medium,Low,Yes,7,83,Low,1,High,High,Neutral,3,Yes,High School,Moderate,Male,67,1,0,0,1,1,0,0.17105954755967837,1.1278255641170531
29,62,Low,High,Yes,7,53,High,0,Low,Medium,Positive,3,No,College,Moderate,Female,65,0,2,1,0,0,1,1.5065873829827754,-1.5569471993157984
13,61,Low,Medium,Yes,8,84,High,1,Medium,High,Neutral,3,Yes,Postgraduate,Far,Male,60,0,2,0,1,1,0,-1.1644682878634187,-1.6435527723297614
19,75,Medium,High,Yes,8,83,High,2,High,Medium,Neutral,2,No,High School,Near,Male,68,1,2,0,1,0,1,-0.16282241129609587,-0.4310747501342799
16,66,Low,Medium,Yes,9,52,Medium,1,Medium,Low,Negative,3,Yes,High School,Near,Male,59,0,1,0,1,0,1,-0.6636453495797573,-1.2105249072599464
9,82,High,Medium,No,8,78,Medium,0,High,Medium,Neutral,0,No,High School,Moderate,Female,64,2,1,0,1,0,1,-1.8322322055749671,0.17516426096346072
20,97,High,Medium,Yes,6,81,High,2,Low,Low,Neutral,3,No,High School,Moderate,Male,71,2,2,0,1,0,1,0.0041185681317912485,1.474247856172905
19,76,High,High,No,4,72,Low,2,High,Medium,Neutral,2,No,College,Moderate,Female,68,2,0,0,1,0,1,-0.16282241129609587,-0.344469177120317
29,94,Low,Medium,Yes,7,95,Medium,2,Low,Medium,Neutral,3,Yes,College,Moderate,Male,70,0,1,0,1,1,0,1.5065873829827754,1.2144311371310161
24,60,Low,Low,No,7,66,Medium,1,Medium,High,Neutral,4,No,College,Near,Female,62,0,1,0,1,0,1,0.6718824858433398,-1.7301583453437241
14,67,Medium,Medium,No,10,53,Medium,2,High,Medium,Neutral,3,No,College,Near,Male,62,1,1,0,1,0,1,-0.9975273084355315,-1.1239193342459837
31,61,High,Medium,No,7,84,Medium,2,Medium,Medium,Neutral,3,No,High School,Near,Male,68,2,1,1,0,0,1,1.8404693418385496,-1.6435527723297614
27,73,Medium,Medium,No,8,80,Low,3,Medium,Medium,Negative,3,No,High School,Near,Female,68,1,0,1,0,0,1,1.1727054241270012,-0.6042858961622058
23,96,Medium,Medium,Yes,8,99,High,3,Low,Low,Positive,4,No,High School,Near,Female,74,1,2,0,1,0,1,0.5049415064154527,1.3876422831589421
19,64,Low,Medium,No,8,62,Medium,0,High,Medium,Positive,4,Yes,College,Near,Male,61,0,1,0,1,0,1,-0.16282241129609587,-1.3837360532878724
14,84,Medium,Medium,Yes,8,70,Medium,1,Low,High,Neutral,5,No,College,Near,Male,67,1,1,0,1,0,1,-0.9975273084355315,0.34837540699138664
18,78,Medium,Low,No,6,73,Medium,1,High,High,Positive,2,No,High School,Moderate,Female,65,1,1,0,1,0,1,-0.329763390723983,-0.1712580310923911
27,98,Low,Medium,Yes,6,93,Low,5,High,High,Positive,3,No,High School,Moderate,Female,100,0,0,0,1,1,0,1.1727054241270012,1.5608534291868679
31,65,Medium,Low,Yes,7,71,Medium,1,Low,Medium,Neutral,4,No,High School,Moderate,Male,65,1,1,0,1,0,1,1.8404693418385496,-1.2971304802739094
29,68,Medium,Medium,No,4,89,Medium,0,Medium,Medium,Neutral,4,Yes,College,Near,Male,67,1,1,1,0,0,1,1.5065873829827754,-1.0373137612320207
17,61,Medium,High,Yes,7,58,Low,2,Low,Medium,Positive,3,Yes,High School,Near,Female,61,1,0,0,1,0,1,-0.49670437015187013,-1.6435527723297614
13,77,Medium,Medium,No,6,70,Medium,3,Medium,High,Neutral,4,Yes,High School,Near,Male,64,1,1,0,1,0,1,-1.1644682878634187,-0.25786360410635406
21,71,High,Low,No,7,58,High,1,Medium,High,Positive,3,Yes,College,Far,Female,64,2,2,0,1,0,1,0.17105954755967837,-0.7774970421901317
9,95,Medium,Medium,Yes,7,97,Medium,1,Low,Low,Neutral,2,No,College,Near,Male,67,1,1,0,1,0,1,-1.8322322055749671,1.3010367101449791
22,84,Medium,Medium,Yes,5,59,Medium,0,High,High,Positive,3,No,College,Near,Female,69,1,1,1,0,0,1,0.3380005269875655,0.34837540699138664
19,85,High,Medium,Yes,9,71,Low,1,Medium,High,Positive,2,No,Postgraduate,Moderate,Female,69,2,0,0,1,0,1,-0.16282241129609587,0.43498098000534957
17,81,High,Medium,No,7,54,Medium,4,Low,Medium,Positive,3,No,High School,Near,Female,67,2,1,0,1,0,1,-0.49670437015187013,0.08855868794949777
10,64,Medium,High,No,8,96,Medium,1,Medium,Medium,Neutral,3,No,High School,Moderate,Male,62,1,1,0,1,0,1,-1.66529122614708,-1.3837360532878724
23,78,Low,High,No,7,81,Medium,0,Low,Medium,Neutral,1,No,High School,Near,Male,66,0,1,1,0,0,1,0.5049415064154527,-0.1712580310923911
17,100,High,Medium,No,8,98,Low,0,Medium,High,Positive,4,No,College,Near,Male,72,2,0,0,1,0,1,-0.49670437015187013,1.7340645752147938
13,93,Medium,Medium,Yes,5,52,Low,2,Medium,Medium,Positive,3,No,College,Near,Female,67,1,0,0,1,0,1,-1.1644682878634187,1.1278255641170531
3,96,High,High,Yes,9,59,Medium,2,Low,Medium,Negative,3,No,College,Moderate,Female,66,2,1,0,1,0,1,-2.8338780821422898,1.3876422831589421
20,93,Low,Low,Yes,8,69,Medium,2,Low,Medium,Neutral,4,No,High School,Moderate,Male,67,0,1,0,1,0,1,0.0041185681317912485,1.1278255641170531
31,64,High,Low,Yes,7,81,Low,1,Medium,Medium,Positive,4,No,High School,Near,Female,67,2,0,0,1,0,1,1.8404693418385496,-1.3837360532878724
30,69,Medium,Medium,Yes,7,66,Medium,0,Medium,Low,Positive,4,No,Postgraduate,Near,Female,68,1,1,0,1,0,1,1.6735283624106625,-0.9507081882180577
17,60,High,Medium,Yes,9,86,Medium,0,Low,High,Positive,2,No,High School,Near,Male,63,2,1,0,1,0,1,-0.49670437015187013,-1.7301583453437241
16,72,Medium,High,No,6,58,Low,1,Medium,Medium,Negative,2,No,High School,Far,Male,62,1,0,0,1,0,1,-0.6636453495797573,-0.6908914691761688
23,64,High,Medium,Yes,5,80,Low,3,Medium,High,Negative,2,Yes,College,Moderate,Female,65,2,0,0,1,0,1,0.5049415064154527,-1.3837360532878724
14,79,Medium,Medium,Yes,6,70,Medium,1,Low,Medium,Positive,6,No,College,Moderate,Male,65,1,1,0,1,0,1,-0.9975273084355315,-0.08465245807842814
22,87,Medium,High,Yes,7,75,Medium,0,Medium,High,Positive,2,Yes,College,Near,Female,70,1,1,0,1,0,1,0.3380005269875655,0.6081921260332754
25,95,Low,Medium,No,7,78,Medium,7,Low,Medium,Positive,4,No,High School,Near,Male,73,0,1,0,1,0,1,0.8388234652712269,1.3010367101449791
27,90,High,Medium,Yes,9,53,Medium,1,Medium,High,Positive,2,No,Postgraduate,Near,Female,73,2,1,0,1,0,1,1.1727054241270012,0.8680088450751643
19,98,Medium,Low,Yes,6,96,Medium,2,Low,Medium,Negative,2,No,High School,Moderate,Male,68,1,1,1,0,1,0,-0.16282241129609587,1.5608534291868679
19,62,Medium,Low,No,6,89,High,3,Medium,Medium,Positive,1,No,High School,Moderate,Male,63,1,2,0,1,0,1,-0.16282241129609587,-1.5569471993157984
15,60,Medium,Low,Yes,5,72,High,2,High,High,Positive,2,No,High School,Near,Male,62,1,2,0,1,0,1,-0.8305863290076444,-1.7301583453437241
15,86,High,Medium,Yes,8,77,Medium,0,Medium,Medium,Positive,3,No,Postgraduate,Near,Male,69,2,1,0,1,0,1,-0.8305863290076444,0.5215865530193126
19,72,Medium,High,No,5,52,Medium,2,Medium,Medium,Neutral,3,No,Postgraduate,Near,Male,66,1,1,0,1,0,1,-0.16282241129609587,-0.6908914691761688
22,70,Medium,High,Yes,8,75,High,0,Medium,Medium,Positive,3,No,Postgraduate,Near,Male,68,1,2,1,0,0,1,0.3380005269875655,-0.8641026152040947
25,73,High,Medium,Yes,6,71,Low,0,Low,Medium,Positive,3,No,College,Far,Female,67,2,0,1,0,0,1,0.8388234652712269,-0.6042858961622058
15,71,High,High,Yes,6,69,Low,2,Low,High,Negative,4,No,College,Near,Female,65,2,0,1,0,0,1,-0.8305863290076444,-0.7774970421901317
29,80,Low,Medium,Yes,10,91,High,1,High,Medium,Positive,3,No,College,Moderate,Male,70,0,2,0,1,1,0,1.5065873829827754,0.0019531149355348125
18,78,Low,Medium,Yes,9,59,High,0,High,High,Positive,1,No,High School,Moderate,Female,64,0,2,1,0,1,0,-0.329763390723983,-0.1712580310923911
20,80,Low,Low,Yes,7,59,High,2,Medium,High,Neutral,3,No,High School,Moderate,Male,65,0,2,1,0,0,1,0.0041185681317912485,0.0019531149355348125
16,87,Medium,Medium,No,5,76,High,1,Low,High,Neutral,2,No,Postgraduate,Far,Female,67,1,2,1,0,0,1,-0.6636453495797573,0.6081921260332754
5,75,Medium,Low,Yes,10,84,Medium,0,High,Medium,Neutral,4,No,Postgraduate,Moderate,Female,62,1,1,1,0,0,1,-2.4999961232865155,-0.4310747501342799
25,70,Medium,Medium,Yes,7,51,High,3,Low,Medium,Positive,4,No,High School,Moderate,Male,66,1,2,0,1,0,1,0.8388234652712269,-0.8641026152040947
24,67,High,High,Yes,7,77,Low,0,High,Medium,Positive,2,No,College,Near,Female,68,2,0,0,1,0,1,0.6718824858433398,-1.1239193342459837
18,74,Medium,Low,No,8,65,High,0,Medium,High,Positive,4,No,College,Moderate,Female,64,1,2,0,1,0,1,-0.329763390723983,-0.5176803231482429
20,90,High,Low,No,4,88,Medium,3,Low,Medium,Negative,3,No,High School,Moderate,Male,69,2,1,0,1,0,1,0.0041185681317912485,0.8680088450751643
23,90,Medium,Medium,Yes,6,73,Low,1,High,Medium,Positive,2,No,High School,Near,Female,69,1,0,1,0,1,0,0.5049415064154527,0.8680088450751643
11,87,Medium,Medium,Yes,7,92,Medium,1,Medium,Medium,Positive,5,No,High School,Moderate,Female,67,1,1,0,1,0,1,-1.498350246719193,0.6081921260332754
17,69,Medium,Medium,Yes,7,70,Low,0,Low,High,Neutral,3,Yes,College,Moderate,Male,61,1,0,0,1,0,1,-0.49670437015187013,-0.9507081882180577
25,84,High,Medium,Yes,5,91,Low,1,Medium,Medium,Positive,4,Yes,Postgraduate,Moderate,Female,70,2,0,0,1,0,1,0.8388234652712269,0.34837540699138664
12,83,Low,Medium,Yes,7,86,Low,1,High,Medium,Negative,4,No,College,Near,Female,65,0,0,0,1,0,1,-1.3314092672913058,0.26176983397742365
22,79,Medium,Medium,Yes,7,91,Low,0,Low,Medium,Positive,4,Yes,College,Moderate,Male,66,1,0,0,1,0,1,0.3380005269875655,-0.08465245807842814
12,82,Low,Medium,Yes,10,91,Medium,3,Low,Medium,Negative,3,No,Postgraduate,Near,Male,66,0,1,0,1,0,1,-1.3314092672913058,0.17516426096346072
23,80,Medium,High,Yes,9,74,Medium,4,Medium,Medium,Negative,3,No,High School,Moderate,Male,69,1,1,0,1,0,1,0.5049415064154527,0.0019531149355348125
20,83,Medium,Medium,Yes,7,68,High,1,Medium,Medium,Positive,1,No,High School,Near,Female,67,1,2,0,1,0,1,0.0041185681317912485,0.26176983397742365
10,89,High,High,Yes,7,88,Medium,2,High,Medium,Positive,2,No,Postgraduate,Near,Female,71,2,1,1,0,0,1,-1.66529122614708,0.7814032720612014
27,64,High,High,Yes,9,68,High,1,Low,High,Neutral,4,No,High School,Near,Male,68,2,2,1,0,0,1,1.1727054241270012,-1.3837360532878724
16,90,Medium,Medium,No,7,54,High,2,Medium,Medium,Positive,3,No,High School,Near,Female,67,1,2,0,1,1,0,-0.6636453495797573,0.8680088450751643
15,65,High,Medium,No,5,93,Low,2,Low,Medium,Neutral,4,Yes,High School,Near,Female,63,2,0,0,1,0,1,-0.8305863290076444,-1.2971304802739094
21,63,Medium,Medium,No,10,70,Low,1,High,High,Positive,2,No,College,Near,Female,64,1,0,1,0,0,1,0.17105954755967837,-1.4703416263018354
27,99,High,Medium,Yes,6,57,Medium,3,Low,Medium,Neutral,3,No,College,Moderate,Male,73,2,1,0,1,0,1,1.1727054241270012,1.6474590022008309
14,98,Medium,Medium,Yes,10,82,High,1,Low,Medium,Positive,3,No,High School,Moderate,Male,69,1,2,1,0,0,1,-0.9975273084355315,1.5608534291868679
20,62,High,Low,No,8,94,High,1,Medium,Medium,Positive,3,No,High School,Near,Female,65,2,2,0,1,0,1,0.0041185681317912485,-1.5569471993157984
23,78,High,Low,Yes,6,93,Medium,0,Medium,High,Positive,5,No,Postgraduate,Near,Male,70,2,1,1,0,0,1,0.5049415064154527,-0.1712580310923911
24,67,High,Medium,Yes,4,78,Low,1,Low,High,Positive,2,No,High School,Near,Female,67,2,0,0,1,0,1,0.6718824858433398,-1.1239193342459837
21,79,Medium,Low,Yes,8,54,High,3,Low,Medium,Positive,3,No,Postgraduate,Moderate,Female,67,1,2,0,1,0,1,0.17105954755967837,-0.08465245807842814
18,93,Medium,High,Yes,5,85,Medium,0,Low,Medium,Positive,3,No,High School,Near,Male,70,1,1,0,1,0,1,-0.329763390723983,1.1278255641170531
15,98,High,Low,No,8,80,Low,2,High,High,Negative,2,No,Postgraduate,Near,Female,69,2,0,0,1,1,0,-0.8305863290076444,1.5608534291868679
21,85,High,Medium,No,10,61,High,2,Medium,Medium,Neutral,2,Yes,High School,Near,Male,68,2,2,0,1,0,1,0.17105954755967837,0.43498098000534957
14,74,Medium,High,No,5,95,High,1,Low,High,Positive,3,Yes,College,Near,Male,66,1,2,0,1,0,1,-0.9975273084355315,-0.5176803231482429
2,84,Low,High,No,8,54,Low,3,Low,Low,Positive,4,No,High School,Near,Male,62,0,0,0,1,0,1,-3.000819061570177,0.34837540699138664
23,72,Medium,Medium,Yes,6,69,Low,2,High,Medium,Positive,4,No,High School,Near,Male,67,1,0,0,1,0,1,0.5049415064154527,-0.6908914691761688
25,96,Medium,Low,Yes,9,55,High,2,Medium,High,Neutral,4,No,High School,Moderate,Male,71,1,2,0,1,0,1,0.8388234652712269,1.3876422831589421
6,95,High,Medium,Yes,7,96,Medium,4,Low,Medium,Neutral,2,No,High School,Moderate,Female,68,2,1,0,1,0,1,-2.3330551438586284,1.3010367101449791
14,82,High,Medium,Yes,7,52,High,3,Low,Medium,Negative,2,No,High School,Near,Female,66,2,2,0,1,0,1,-0.9975273084355315,0.17516426096346072
24,73,Low,Medium,Yes,9,71,High,0,Low,Medium,Neutral,3,No,High School,Moderate,Male,64,0,2,0,1,0,1,0.6718824858433398,-0.6042858961622058
32,72,High,Medium,Yes,8,93,Low,1,Low,Medium,Neutral,4,No,Postgraduate,Near,Female,71,2,0,1,0,0,1,2.0074103212664367,-0.6908914691761688
20,61,Low,Low,Yes,6,63,Medium,1,Medium,High,Positive,4,No,College,Far,Male,61,0,1,0,1,0,1,0.0041185681317912485,-1.6435527723297614
16,93,Medium,High,No,10,55,Medium,2,Low,Medium,Neutral,2,No,College,Near,Male,67,1,1,0,1,1,0,-0.6636453495797573,1.1278255641170531
19,78,Medium,Low,Yes,5,56,Low,3,High,Medium,Neutral,4,No,College,Moderate,Female,65,1,0,0,1,0,1,-0.16282241129609587,-0.1712580310923911
28,73,High,Medium,Yes,7,70,Low,0,Low,Medium,Negative,6,No,College,Moderate,Female,66,2,0,1,0,1,0,1.3396464035548883,-0.6042858961622058
16,79,High,High,Yes,6,71,Medium,2,Low,High,Neutral,4,No,High School,Near,Female,68,2,1,0,1,0,1,-0.6636453495797573,-0.08465245807842814
15,93,Medium,Medium,No,5,86,Medium,0,Low,Medium,Neutral,2,No,College,Far,Male,66,1,1,0,1,0,1,-0.8305863290076444,1.1278255641170531
17,65,Medium,Medium,No,5,62,Medium,2,Medium,Medium,Positive,4,No,High School,Near,Female,63,1,1,0,1,0,1,-0.49670437015187013,-1.2971304802739094
14,94,Low,Low,Yes,7,85,Low,1,High,Medium,Neutral,3,No,High School,Moderate,Female,66,0,0,0,1,0,1,-0.9975273084355315,1.2144311371310161
21,96,Medium,High,No,8,100,Medium,1,High,Medium,Positive,2,No,College,Near,Female,73,1,1,1,0,0,1,0.17105954755967837,1.3876422831589421
30,98,Medium,Low,Yes,9,93,Medium,1,Low,Low,Positive,3,No,High School,Near,Male,88,1,1,1,0,0,1,1.6735283624106625,1.5608534291868679
22,76,Medium,Medium,No,9,82,High,0,Medium,High,Neutral,4,No,High School,Near,Male,67,1,2,1,0,0,1,0.3380005269875655,-0.344469177120317
18,69,High,High,Yes,7,97,Medium,2,Medium,Medium,Positive,2,No,College,Near,Female,69,2,1,0,1,0,1,-0.329763390723983,-0.9507081882180577
18,75,Medium,Low,Yes,6,100,High,2,Low,Medium,Positive,3,No,High School,Near,Female,67,1,2,0,1,0,1,-0.329763390723983,-0.4310747501342799
11,73,Medium,High,Yes,9,79,Medium,1,Low,High,Neutral,2,No,High School,Near,Male,64,1,1,0,1,0,1,-1.498350246719193,-0.6042858961622058
25,67,Medium,High,Yes,6,64,Medium,0,Low,Medium,Neutral,2,No,High School,Moderate,Male,64,1,1,0,1,1,0,0.8388234652712269,-1.1239193342459837
20,84,Low,Medium,No,5,96,Low,1,Low,Medium,Negative,2,No,High School,Near,Male,65,0,0,0,1,0,1,0.0041185681317912485,0.34837540699138664
19,79,Medium,Medium,No,8,92,High,1,Medium,High,Positive,2,No,High School,Near,Male,68,1,2,0,1,0,1,-0.16282241129609587,-0.08465245807842814
39,95,Medium,High,Yes,9,54,High,2,Medium,Medium,Positive,3,No,High School,Moderate,Male,77,1,2,1,0,0,1,3.1759971772616464,1.3010367101449791
22,61,Medium,Medium,Yes,6,97,High,0,Low,High,Negative,2,Yes,High School,Near,Male,63,1,2,0,1,0,1,0.3380005269875655,-1.6435527723297614
15,86,High,High,Yes,10,68,Medium,0,High,Medium,Neutral,5,No,College,Near,Male,69,2,1,0,1,0,1,-0.8305863290076444,0.5215865530193126
17,91,Medium,Medium,Yes,8,66,Medium,3,Medium,Low,Positive,2,No,College,Near,Male,69,1,1,0,1,0,1,-0.49670437015187013,0.9546144180891273
27,90,Medium,Low,No,8,67,Medium,2,Medium,Medium,Negative,3,No,Postgraduate,Near,Male,70,1,1,0,1,0,1,1.1727054241270012,0.8680088450751643
21,95,High,Medium,Yes,6,66,High,1,Medium,High,Positive,4,No,College,Near,Male,73,2,2,0,1,0,1,0.17105954755967837,1.3010367101449791
11,89,Medium,Low,Yes,9,76,Medium,1,Medium,High,Neutral,3,No,Postgraduate,Far,Male,66,1,1,0,1,0,1,-1.498350246719193,0.7814032720612014
26,97,Medium,Low,No,5,79,High,2,Low,Low,Positive,3,No,High School,Near,Female,71,1,2,1,0,0,1,1.005764444699114,1.474247856172905
16,73,Medium,Low,Yes,6,71,Medium,2,High,High,Positive,5,No,College,Near,Male,66,1,1,0,1,0,1,-0.6636453495797573,-0.6042858961622058
31,80,Medium,Medium,Yes,6,71,High,2,Low,High,Neutral,3,No,High School,Near,Female,71,1,2,0,1,0,1,1.8404693418385496,0.0019531149355348125
26,61,Medium,Low,Yes,5,87,Medium,3,High,High,Positive,2,Yes,High School,Near,Male,66,1,1,0,1,0,1,1.005764444699114,-1.6435527723297614
17,60,Medium,High,Yes,8,50,High,0,Low,High,Positive,4,No,High School,Near,Female,63,1,2,0,1,0,1,-0.49670437015187013,-1.7301583453437241
28,70,High,High,Yes,8,97,Medium,5,Low,Low,Negative,5,Yes,High School,Near,Male,70,2,1,0,1,0,1,1.3396464035548883,-0.8641026152040947
20,64,High,Medium,Yes,8,86,Medium,1,Medium,Medium,Neutral,2,No,Postgraduate,Near,Male,66,2,1,0,1,0,1,0.0041185681317912485,-1.3837360532878724
25,70,Medium,Medium,No,7,85,Medium,1,Medium,Medium,Negative,4,No,High School,Near,Male,66,1,1,0,1,0,1,0.8388234652712269,-0.8641026152040947
23,67,Medium,Medium,No,8,71,High,2,Medium,Medium,Neutral,4,No,College,Moderate,Female,66,1,2,0,1,0,1,0.5049415064154527,-1.1239193342459837
15,61,Medium,Medium,No,7,98,Medium,1,Medium,Medium,Neutral,3,No,High School,Near,Male,62,1,1,0,1,0,1,-0.8305863290076444,-1.6435527723297614
16,96,Medium,Medium,No,6,50,High,1,Medium,High,Positive,3,No,College,Near,Male,69,1,2,0,1,0,1,-0.6636453495797573,1.3876422831589421
26,60,Low,High,Yes,6,54,Low,1,Low,Medium,Positive,1,No,Postgraduate,Moderate,Male,63,0,0,1,0,0,1,1.005764444699114,-1.7301583453437241
18,89,Medium,Low,Yes,4,90,Low,1,High,Medium,Positive,2,Yes,Postgraduate,Near,Female,68,1,0,0,1,0,1,-0.329763390723983,0.7814032720612014
18,66,Medium,High,No,9,87,Medium,1,Medium,Low,Positive,3,No,High School,Moderate,Male,64,1,1,1,0,0,1,-0.329763390723983,-1.2105249072599464
14,96,Low,High,Yes,9,64,High,2,Low,High,Neutral,3,No,Postgraduate,Moderate,Male,69,0,2,0,1,0,1,-0.9975273084355315,1.3876422831589421
23,96,Low,Medium,Yes,10,80,Low,3,Low,High,Positive,3,No,High School,Near,Male,71,0,0,0,1,0,1,0.5049415064154527,1.3876422831589421
32,86,Medium,Medium,Yes,6,77,Medium,2,Medium,Low,Negative,4,No,High School,Near,Male,71,1,1,1,0,1,0,2.0074103212664367,0.5215865530193126
14,87,Medium,Medium,No,6,76,Medium,1,Low,Medium,Positive,4,No,College,Far,Female,66,1,1,1,0,0,1,-0.9975273084355315,0.6081921260332754
20,60,Medium,Medium,Yes,4,80,Low,2,High,Medium,Positive,3,Yes,College,Moderate,Male,63,1,0,1,0,0,1,0.0041185681317912485,-1.7301583453437241
28,99,Low,Medium,Yes,8,100,Low,0,Medium,Medium,Positive,2,No,High School,Far,Male,72,0,0,0,1,0,1,1.3396464035548883,1.6474590022008309
20,95,Medium,Medium,Yes,8,99,Low,1,Low,Medium,Neutral,3,No,College,Near,Female,70,1,0,1,0,1,0,0.0041185681317912485,1.3010367101449791
23,96,Medium,Low,No,9,99,Medium,0,High,Medium,Neutral,2,No,College,Near,Female,71,1,1,1,0,0,1,0.5049415064154527,1.3876422831589421
14,86,Low,Low,Yes,6,77,Medium,3,High,Medium,Neutral,3,No,High School,Far,Male,65,0,1,1,0,0,1,-0.9975273084355315,0.5215865530193126
23,74,Medium,Low,Yes,8,66,Low,0,High,Medium,Negative,4,No,Postgraduate,Near,Female,65,1,0,0,1,0,1,0.5049415064154527,-0.5176803231482429
19,96,Low,Medium,No,6,78,High,1,Low,Low,Positive,2,No,High School,Far,Male,67,0,2,0,1,0,1,-0.16282241129609587,1.3876422831589421
26,72,High,Medium,No,9,81,High,0,Medium,High,Neutral,3,No,High School,Near,Male,68,2,2,0,1,0,1,1.005764444699114,-0.6908914691761688
27,83,Medium,Medium,Yes,8,66,Medium,3,Medium,Medium,Positive,4,No,College,Far,Female,70,1,1,0,1,0,1,1.1727054241270012,0.26176983397742365
36,64,Medium,Medium,Yes,5,82,Medium,2,Medium,High,Positive,2,No,High School,Near,Female,70,1,1,1,0,0,1,2.675174238977985,-1.3837360532878724
23,97,Low,High,Yes,7,81,Low,2,Medium,High,Neutral,3,No,High School,Near,Male,72,0,0,0,1,0,1,0.5049415064154527,1.474247856172905
22,66,Medium,High,No,4,95,Medium,1,Low,Low,Neutral,5,No,College,Moderate,Male,65,1,1,0,1,0,1,0.3380005269875655,-1.2105249072599464
21,69,Medium,Medium,Yes,5,62,High,2,Low,Medium,Positive,3,No,High School,Near,Male,65,1,2,0,1,0,1,0.17105954755967837,-0.9507081882180577
18,82,High,Medium,Yes,5,85,High,3,Medium,High,Neutral,4,No,Postgraduate,Near,Male,71,2,2,1,0,0,1,-0.329763390723983,0.17516426096346072
22,91,High,High,Yes,6,73,Low,3,High,Medium,Positive,4,No,Postgraduate,Near,Male,74,2,0,0,1,0,1,0.3380005269875655,0.9546144180891273
18,85,Low,Medium,No,7,56,Low,0,Low,Medium,Positive,4,No,High School,Moderate,Male,64,0,0,1,0,0,1,-0.329763390723983,0.43498098000534957
21,69,Medium,Medium,No,7,66,High,1,Medium,Medium,Neutral,4,No,High School,Far,Female,64,1,2,1,0,0,1,0.17105954755967837,-0.9507081882180577
28,60,Medium,High,Yes,7,53,Low,3,Low,Medium,Neutral,3,No,High School,Near,Female,65,1,0,1,0,0,1,1.3396464035548883,-1.7301583453437241
14,90,Low,Medium,Yes,7,66,Medium,1,Medium,Medium,Neutral,5,No,College,Near,Male,67,0,1,0,1,0,1,-0.9975273084355315,0.8680088450751643
27,99,High,Medium,No,7,53,Low,2,Low,High,Neutral,3,No,College,Near,Male,73,2,0,0,1,0,1,1.1727054241270012,1.6474590022008309
28,92,Low,High,No,5,96,High,1,Medium,Low,Neutral,3,No,College,Moderate,Male,72,0,2,0,1,0,1,1.3396464035548883,1.0412199911030902
19,78,Medium,Medium,No,7,55,Low,0,Medium,Medium,Positive,3,No,College,Near,Male,65,1,0,0,1,0,1,-0.16282241129609587,-0.1712580310923911
7,96,Medium,High,No,9,91,Medium,0,Low,Medium,Neutral,4,No,College,Near,Male,67,1,1,0,1,0,1,-2.1661141644307413,1.3876422831589421
16,76,Medium,Medium,Yes,7,95,Low,2,Medium,Medium,Negative,3,No,High School,Near,Female,66,1,0,0,1,0,1,-0.6636453495797573,-0.344469177120317
28,81,High,Medium,Yes,8,73,Low,0,Medium,High,Negative,3,No,Postgraduate,Near,Male,70,2,0,0,1,0,1,1.3396464035548883,0.08855868794949777
20,79,High,Medium,No,8,53,Medium,2,Medium,Medium,Neutral,3,No,High School,Moderate,Female,66,2,1,1,0,0,1,0.0041185681317912485,-0.08465245807842814
14,78,High,High,Yes,8,80,Low,1,Medium,Medium,Neutral,1,No,High School,Near,Female,66,2,0,0,1,0,1,-0.9975273084355315,-0.1712580310923911
17,91,Medium,Low,Yes,7,62,Low,3,High,Medium,Negative,3,No,Postgraduate,Near,Male,68,1,0,0,1,0,1,-0.49670437015187013,0.9546144180891273
25,81,Low,Medium,Yes,8,59,Low,3,Low,Medium,Positive,4,No,College,Near,Male,68,0,0,0,1,0,1,0.8388234652712269,0.08855868794949777
23,73,High,High,No,8,78,Low,0,High,Medium,Neutral,4,No,High School,Moderate,Female,67,2,0,0,1,0,1,0.5049415064154527,-0.6042858961622058
19,70,High,Medium,Yes,8,68,High,1,Low,Medium,Positive,3,No,College,Near,Female,65,2,2,0,1,1,0,-0.16282241129609587,-0.8641026152040947
18,62,Medium,Low,Yes,8,87,Medium,4,Low,Medium,Positive,4,No,College,Near,Female,64,1,1,0,1,0,1,-0.329763390723983,-1.5569471993157984
18,83,High,Medium,No,5,80,High,1,High,High,Positive,2,No,College,Near,Male,70,2,2,0,1,0,1,-0.329763390723983,0.26176983397742365
14,69,Low,Medium,No,5,91,Medium,0,High,Medium,Positive,3,No,College,Moderate,Male,63,0,1,0,1,0,1,-0.9975273084355315,-0.9507081882180577
30,66,Medium,High,No,6,53,Low,2,Low,Medium,Positive,2,No,High School,Near,Male,65,1,0,0,1,1,0,1.6735283624106625,-1.2105249072599464
18,86,Low,Medium,Yes,9,62,Medium,4,Medium,Medium,Negative,2,Yes,Postgraduate,Near,Female,67,0,1,0,1,0,1,-0.329763390723983,0.5215865530193126
27,87,Medium,Medium,Yes,7,78,Low,3,Low,Medium,Negative,5,No,High School,Near,Female,71,1,0,1,0,0,1,1.1727054241270012,0.6081921260332754
29,90,High,Medium,Yes,7,94,Medium,1,Low,Low,Neutral,4,No,High School,Near,Female,73,2,1,1,0,0,1,1.5065873829827754,0.8680088450751643
26,80,Medium,Medium,No,4,91,Low,1,Low,Medium,Neutral,3,No,High School,Far,Male,67,1,0,1,0,0,1,1.005764444699114,0.0019531149355348125
17,96,High,Medium,Yes,7,84,Medium,2,Low,High,Positive,3,No,College,Near,Female,72,2,1,1,0,0,1,-0.49670437015187013,1.3876422831589421
22,97,Medium,Medium,No,7,79,High,2,Medium,High,Positive,0,No,High School,Far,Male,71,1,2,0,1,0,1,0.3380005269875655,1.474247856172905
20,92,Medium,High,Yes,4,82,High,0,Medium,Medium,Neutral,4,No,Postgraduate,Near,Male,72,1,2,0,1,0,1,0.0041185681317912485,1.0412199911030902
15,85,High,High,Yes,7,61,Medium,1,Medium,High,Negative,3,No,High School,Near,Male,68,2,1,0,1,0,1,-0.8305863290076444,0.43498098000534957
22,72,Low,Low,Yes,5,80,Medium,2,Low,High,Neutral,3,No,College,Near,Female,65,0,1,0,1,0,1,0.3380005269875655,-0.6908914691761688
13,99,High,Medium,No,6,75,Low,1,Medium,Medium,Positive,4,Yes,College,Far,Female,68,2,0,0,1,0,1,-1.1644682878634187,1.6474590022008309
27,71,Medium,Low,No,8,69,Medium,1,High,Medium,Positive,4,No,College,Near,Male,67,1,1,0,1,0,1,1.1727054241270012,-0.7774970421901317
17,68,Medium,Medium,No,7,94,High,1,High,Medium,Neutral,4,No,College,Moderate,Female,66,1,2,1,0,0,1,-0.49670437015187013,-1.0373137612320207
21,78,Medium,Low,Yes,6,91,Medium,0,Medium,Low,Neutral,1,Yes,High School,Near,Male,64,1,1,1,0,0,1,0.17105954755967837,-0.1712580310923911
22,62,High,Medium,No,6,54,Medium,3,Low,Medium,Neutral,3,No,Postgraduate,Near,Male,65,2,1,1,0,0,1,0.3380005269875655,-1.5569471993157984
18,99,Medium,Medium,No,6,99,Medium,0,Low,Medium,Neutral,3,No,High School,Moderate,Male,69,1,1,0,1,0,1,-0.329763390723983,1.6474590022008309
24,84,Medium,Medium,Yes,7,61,Medium,2,Medium,Medium,Positive,2,No,High School,Far,Male,68,1,1,0,1,0,1,0.6718824858433398,0.34837540699138664
17,82,High,High,No,5,61,Medium,3,Medium,Medium,Neutral,4,No,Postgraduate,Near,Male,69,2,1,0,1,0,1,-0.49670437015187013,0.17516426096346072
25,86,Medium,Medium,Yes,9,97,Low,1,High,Medium,Neutral,3,No,High School,Moderate,Male,70,1,0,1,0,0,1,0.8388234652712269,0.5215865530193126
12,80,High,Medium,No,5,72,Medium,1,High,Medium,Positive,4,Yes,High School,Near,Female,65,2,1,1,0,0,1,-1.3314092672913058,0.0019531149355348125
21,61,Medium,Medium,No,4,90,Low,2,Medium,Low,Neutral,3,No,High School,Near,Male,63,1,0,0,1,0,1,0.17105954755967837,-1.6435527723297614
32,84,Low,Medium,Yes,8,64,Medium,1,Low,High,Positive,3,No,College,Near,Female,71,0,1,1,0,0,1,2.0074103212664367,0.34837540699138664
14,89,Medium,High,Yes,6,94,Low,0,Low,Medium,Neutral,2,No,Postgraduate,Near,Male,68,1,0,1,0,0,1,-0.9975273084355315,0.7814032720612014
16,77,Medium,Medium,Yes,7,92,High,5,Low,High,Positive,3,No,Postgraduate,Near,Female,70,1,2,0,1,0,1,-0.6636453495797573,-0.25786360410635406
23,90,Medium,High,Yes,8,76,High,2,Medium,Low,Positive,3,No,High School,Near,Female,72,1,2,0,1,0,1,0.5049415064154527,0.8680088450751643
21,69,Medium,Medium,Yes,6,85,Medium,3,Low,Low,Neutral,1,No,College,Far,Female,64,1,1,0,1,0,1,0.17105954755967837,-0.9507081882180577
22,69,Low,Medium,No,7,98,Low,0,Low,Medium,Positive,2,No,Postgraduate,Moderate,Male,64,0,0,0,1,0,1,0.3380005269875655,-0.9507081882180577
23,66,Medium,Low,Yes,8,73,High,2,High,Medium,Positive,2,No,College,Near,Female,66,1,2,0,1,0,1,0.5049415064154527,-1.2105249072599464
24,75,Medium,High,Yes,9,75,High,0,Medium,High,Positive,3,No,College,Far,Male,69,1,2,0,1,0,1,0.6718824858433398,-0.4310747501342799
27,94,Medium,Low,No,6,86,Medium,2,Medium,Medium,Neutral,2,No,High School,Near,Female,71,1,1,1,0,0,1,1.1727054241270012,1.2144311371310161
22,93,Medium,High,Yes,6,69,High,0,High,Low,Negative,3,Yes,High School,Near,Male,69,1,2,0,1,0,1,0.3380005269875655,1.1278255641170531
19,75,High,Medium,No,8,98,Low,1,Low,Medium,Neutral,3,No,Postgraduate,Moderate,Male,67,2,0,0,1,0,1,-0.16282241129609587,-0.4310747501342799
24,84,Low,Medium,Yes,7,52,Medium,0,Low,High,Neutral,3,No,High School,Near,Male,66,0,1,0,1,0,1,0.6718824858433398,0.34837540699138664
31,89,Medium,Medium,No,7,70,Medium,2,Low,High,Positive,2,No,High School,Moderate,Female,71,1,1,0,1,0,1,1.8404693418385496,0.7814032720612014
19,70,Medium,Low,Yes,9,86,Low,2,High,Medium,Neutral,2,Yes,High School,Near,Male,63,1,0,0,1,0,1,-0.16282241129609587,-0.8641026152040947
14,67,Medium,Low,No,4,71,Medium,0,High,Medium,Neutral,4,No,College,Near,Female,62,1,1,0,1,0,1,-0.9975273084355315,-1.1239193342459837
27,99,Medium,High,No,5,63,Medium,0,Medium,High,Neutral,4,No,High School,Near,Female,73,1,1,0,1,0,1,1.1727054241270012,1.6474590022008309
19,85,High,Medium,No,4,71,Low,1,Medium,High,Negative,3,No,High School,Far,Female,66,2,0,0,1,0,1,-0.16282241129609587,0.43498098000534957
7,99,High,Medium,Yes,9,94,Medium,3,High,High,Positive,2,No,Postgraduate,Moderate,Male,72,2,1,0,1,0,1,-2.1661141644307413,1.6474590022008309
25,74,High,Low,Yes,8,77,Low,1,Low,Medium,Neutral,2,No,Postgraduate,Moderate,Female,67,2,0,0,1,0,1,0.8388234652712269,-0.5176803231482429
17,88,Low,Low,No,5,67,Medium,0,Medium,High,Neutral,3,No,Postgraduate,Near,Male,65,0,1,0,1,1,0,-0.49670437015187013,0.6947976990472384
19,69,Medium,Medium,Yes,7,84,Medium,2,Medium,Medium,Neutral,4,No,High School,Near,Male,66,1,1,0,1,0,1,-0.16282241129609587,-0.9507081882180577
22,70,High,Medium,Yes,7,81,Low,3,Medium,Medium,Neutral,2,No,Postgraduate,Moderate,Female,68,2,0,0,1,0,1,0.3380005269875655,-0.8641026152040947
21,80,Medium,High,Yes,4,78,Medium,1,Medium,High,Neutral,4,No,High School,Near,Female,69,1,1,1,0,0,1,0.17105954755967837,0.0019531149355348125
24,73,High,Medium,Yes,7,70,Medium,0,High,Medium,Negative,3,No,Postgraduate,Near,Female,68,2,1,0,1,0,1,0.6718824858433398,-0.6042858961622058
17,67,Medium,High,Yes,5,54,Medium,0,Low,Medium,Negative,2,No,High School,Moderate,Male,61,1,1,0,1,0,1,-0.49670437015187013,-1.1239193342459837
23,71,High,Low,Yes,8,81,Medium,3,Medium,High,Positive,2,No,High School,Near,Male,68,2,1,1,0,0,1,0.5049415064154527,-0.7774970421901317
18,61,High,Low,Yes,5,71,Low,3,High,High,Neutral,3,No,College,Near,Male,64,2,0,1,0,0,1,-0.329763390723983,-1.6435527723297614
24,88,Medium,Low,Yes,7,71,Low,1,Low,High,Neutral,3,No,College,Moderate,Male,67,1,0,0,1,1,0,0.6718824858433398,0.6947976990472384
24,80,Low,High,Yes,9,62,High,3,High,Low,Neutral,3,No,High School,Moderate,Male,68,0,2,0,1,0,1,0.6718824858433398,0.0019531149355348125
14,64,Medium,High,No,8,62,Low,1,Medium,High,Positive,4,Yes,High School,Moderate,Male,61,1,0,0,1,0,1,-0.9975273084355315,-1.3837360532878724
27,67,High,Low,No,8,89,Low,1,Low,Low,Positive,3,No,Postgraduate,Near,Female,66,2,0,0,1,0,1,1.1727054241270012,-1.1239193342459837
17,64,High,Low,Yes,7,74,Low,2,Medium,Low,Positive,2,No,Postgraduate,Near,Female,64,2,0,0,1,0,1,-0.49670437015187013,-1.3837360532878724
25,85,Low,Medium,No,5,55,Low,3,High,Medium,Negative,3,No,High School,Moderate,Female,67,0,0,0,1,0,1,0.8388234652712269,0.43498098000534957
22,64,Medium,High,No,6,52,Low,2,High,Medium,Negative,4,No,College,Moderate,Female,64,1,0,1,0,0,1,0.3380005269875655,-1.3837360532878724
31,90,High,High,No,7,61,Low,0,Low,Medium,Positive,3,No,High School,Near,Male,72,2,0,0,1,0,1,1.8404693418385496,0.8680088450751643
19,61,Medium,Medium,No,7,74,Low,2,High,Medium,Negative,3,No,Postgraduate,Far,Male,62,1,0,0,1,0,1,-0.16282241129609587,-1.6435527723297614
18,70,High,Medium,Yes,5,81,Low,2,Low,Medium,Negative,2,No,High School,Far,Female,63,2,0,1,0,0,1,-0.329763390723983,-0.8641026152040947
20,96,High,High,No,8,57,Low,1,Low,Medium,Neutral,4,No,High School,Near,Male,70,2,0,1,0,0,1,0.0041185681317912485,1.3876422831589421
18,89,High,Medium,No,5,72,Low,3,Medium,Medium,Positive,3,No,College,Moderate,Male,69,2,0,0,1,0,1,-0.329763390723983,0.7814032720612014
25,63,Low,Medium,Yes,9,54,Medium,3,Medium,Low,Positive,2,No,High School,Near,Male,64,0,1,0,1,0,1,0.8388234652712269,-1.4703416263018354
10,93,Low,Medium,No,7,52,Medium,2,Medium,Medium,Positive,3,No,Postgraduate,Near,Male,66,0,1,0,1,0,1,-1.66529122614708,1.1278255641170531
14,80,Low,Medium,Yes,8,93,Medium,3,Low,High,Positive,4,No,High School,Near,Female,67,0,1,1,0,0,1,-0.9975273084355315,0.0019531149355348125
14,94,High,High,Yes,8,83,Medium,4,Medium,Low,Negative,5,Yes,Postgraduate,Near,Female,71,2,1,0,1,0,1,-0.9975273084355315,1.2144311371310161
26,84,Medium,High,Yes,10,89,Medium,0,Low,High,Positive,1,No,High School,Far,Female,70,1,1,1,0,0,1,1.005764444699114,0.34837540699138664
30,87,Low,Medium,No,7,59,Medium,2,Medium,Medium,Neutral,3,No,High School,Moderate,Male,69,0,1,0,1,0,1,1.6735283624106625,0.6081921260332754
19,100,Medium,Low,No,6,66,High,0,Low,Medium,Neutral,3,No,High School,Moderate,Male,68,1,2,0,1,0,1,-0.16282241129609587,1.7340645752147938
19,69,Medium,High,Yes,6,72,Medium,1,Low,Medium,Neutral,1,No,College,Near,Female,64,1,1,0,1,1,0,-0.16282241129609587,-0.9507081882180577
20,85,High,Medium,Yes,9,83,Low,3,Medium,Medium,Positive,3,Yes,College,Near,Male,70,2,0,0,1,0,1,0.0041185681317912485,0.43498098000534957
27,78,High,Low,Yes,5,77,Medium,0,Medium,Low,Neutral,3,No,Postgraduate,Near,Male,69,2,1,1,0,0,1,1.1727054241270012,-0.1712580310923911
14,62,Medium,Medium,Yes,6,78,Medium,0,High,Medium,Positive,2,No,College,Near,Female,63,1,1,0,1,0,1,-0.9975273084355315,-1.5569471993157984
21,61,Low,Medium,No,7,58,Medium,1,Medium,Low,Negative,3,No,High School,Near,Female,60,0,1,0,1,0,1,0.17105954755967837,-1.6435527723297614
26,65,High,Low,No,7,74,Medium,2,Low,Medium,Negative,4,No,High School,Near,Female,65,2,1,0,1,0,1,1.005764444699114,-1.2971304802739094
23,86,Medium,Medium,No,8,91,Medium,0,Low,Medium,Negative,0,No,High School,Near,Male,67,1,1,0,1,0,1,0.5049415064154527,0.5215865530193126
21,83,Medium,Low,No,5,75,Low,1,Medium,Medium,Negative,4,No,College,Near,Male,66,1,0,0,1,0,1,0.17105954755967837,0.26176983397742365
26,82,Low,High,No,7,60,Medium,3,Low,Medium,Neutral,3,No,Postgraduate,Near,Female,68,0,1,0,1,1,0,1.005764444699114,0.17516426096346072
4,61,Low,High,Yes,7,71,High,0,Low,Low,Positive,1,No,Postgraduate,Near,Male,58,0,2,0,1,0,1,-2.6669371027144027,-1.6435527723297614
24,79,Low,High,Yes,5,88,Medium,0,Medium,Medium,Neutral,3,No,High School,Moderate,Female,67,0,1,0,1,0,1,0.6718824858433398,-0.08465245807842814
16,97,Medium,Medium,Yes,8,57,Low,0,Medium,Medium,Positive,4,Yes,High School,Near,Male,68,1,0,0,1,0,1,-0.6636453495797573,1.474247856172905
9,76,Medium,Medium,Yes,7,79,Medium,1,Low,Medium,Neutral,3,No,High School,Near,Female,62,1,1,0,1,0,1,-1.8322322055749671,-0.344469177120317
23,85,Low,High,No,7,98,High,2,Low,Medium,Negative,3,No,Postgraduate,Moderate,Female,69,0,2,0,1,1,0,0.5049415064154527,0.43498098000534957
28,91,Medium,High,Yes,6,69,High,1,Medium,High,Neutral,4,No,High School,Far,Male,73,1,2,1,0,0,1,1.3396464035548883,0.9546144180891273
19,91,High,Low,No,6,52,Medium,2,Low,Medium,Negative,4,Yes,High School,Moderate,Male,66,2,1,0,1,0,1,-0.16282241129609587,0.9546144180891273
26,81,Low,Medium,Yes,5,82,Medium,0,Medium,Medium,Negative,5,Yes,Postgraduate,Near,Female,67,0,1,0,1,0,1,1.005764444699114,0.08855868794949777
30,94,Medium,Medium,No,8,52,Medium,1,Medium,Low,Neutral,4,No,High School,Near,Female,71,1,1,0,1,0,1,1.6735283624106625,1.2144311371310161
28,76,Medium,Medium,Yes,9,60,Medium,1,Low,Medium,Neutral,2,No,High School,Far,Male,66,1,1,0,1,0,1,1.3396464035548883,-0.344469177120317
30,96,High,Medium,Yes,10,52,Medium,0,High,High,Positive,4,No,College,Moderate,Female,74,2,1,0,1,0,1,1.6735283624106625,1.3876422831589421
24,70,Medium,High,No,8,59,Low,2,Low,High,Positive,5,No,High School,Near,Male,67,1,0,0,1,0,1,0.6718824858433398,-0.8641026152040947
20,71,High,Medium,No,6,93,High,2,Medium,High,Negative,2,No,Postgraduate,Near,Male,68,2,2,0,1,0,1,0.0041185681317912485,-0.7774970421901317
10,62,Medium,Medium,No,6,87,High,2,Low,High,Neutral,3,No,High School,Near,Male,61,1,2,0,1,0,1,-1.66529122614708,-1.5569471993157984
19,92,Medium,High,No,8,67,Medium,2,Medium,Medium,Negative,2,No,High School,Near,Female,69,1,1,1,0,0,1,-0.16282241129609587,1.0412199911030902
15,77,Low,Medium,Yes,7,95,Low,4,Low,Medium,Positive,4,No,High School,Moderate,Male,65,0,0,0,1,0,1,-0.8305863290076444,-0.25786360410635406
33,69,Medium,High,Yes,7,83,Medium,2,Medium,Low,Neutral,2,No,Postgraduate,Near,Male,71,1,1,0,1,0,1,2.174351300694324,-0.9507081882180577
19,69,Medium,Low,No,7,72,Medium,1,Low,Low,Positive,2,No,High School,Far,Female,61,1,1,0,1,0,1,-0.16282241129609587,-0.9507081882180577
21,96,Medium,High,Yes,9,53,Medium,0,Low,High,Neutral,3,No,College,Near,Male,70,1,1,0,1,0,1,0.17105954755967837,1.3876422831589421
23,93,Medium,Low,No,6,87,Medium,2,Medium,Medium,Neutral,3,No,High School,Moderate,Male,70,1,1,1,0,0,1,0.5049415064154527,1.1278255641170531
20,82,Medium,High,Yes,9,69,Low,1,Medium,Medium,Positive,3,No,College,Near,Male,69,1,0,0,1,0,1,0.0041185681317912485,0.17516426096346072
30,85,High,Low,Yes,7,65,High,2,Low,Medium,Negative,3,No,High School,Near,Female,70,2,2,0,1,0,1,1.6735283624106625,0.43498098000534957
16,79,High,Medium,Yes,6,64,Medium,4,Low,Low,Positive,4,Yes,College,Near,Male,67,2,1,0,1,0,1,-0.6636453495797573,-0.08465245807842814
21,76,Low,Medium,No,6,50,Low,2,Low,Medium,Negative,4,No,Postgraduate,Moderate,Female,63,0,0,0,1,0,1,0.17105954755967837,-0.344469177120317
16,97,Medium,Medium,No,7,87,Medium,1,High,Medium,Neutral,3,No,High School,Near,Female,70,1,1,0,1,0,1,-0.6636453495797573,1.474247856172905
12,65,Medium,Medium,No,8,57,Medium,1,High,High,Positive,5,Yes,High School,Near,Female,61,1,1,1,0,0,1,-1.3314092672913058,-1.2971304802739094
16,77,Low,High,Yes,6,76,Low,1,Low,Medium,Neutral,1,No,Postgraduate,Moderate,Female,64,0,0,0,1,0,1,-0.6636453495797573,-0.25786360410635406
20,74,Medium,Medium,Yes,8,51,High,2,Medium,Medium,Negative,3,No,College,Near,Male,65,1,2,0,1,0,1,0.0041185681317912485,-0.5176803231482429
17,80,Medium,Medium,No,6,81,Medium,1,Medium,High,Neutral,1,No,College,Far,Male,65,1,1,0,1,0,1,-0.49670437015187013,0.0019531149355348125
16,78,Medium,Low,Yes,7,68,High,3,Low,High,Positive,3,No,Postgraduate,Far,Female,66,1,2,1,0,0,1,-0.6636453495797573,-0.1712580310923911
12,81,High,High,Yes,5,82,Low,1,Medium,High,Positive,3,No,High School,Far,Female,66,2,0,0,1,0,1,-1.3314092672913058,0.08855868794949777
20,66,Low,Medium,Yes,8,54,Medium,2,Medium,Low,Positive,2,No,Postgraduate,Near,Male,63,0,1,0,1,0,1,0.0041185681317912485,-1.2105249072599464
11,81,Low,High,Yes,7,63,Medium,3,Medium,Medium,Neutral,2,No,Postgraduate,Near,Male,66,0,1,0,1,0,1,-1.498350246719193,0.08855868794949777
25,70,Medium,Medium,Yes,9,56,High,0,Low,Medium,Positive,1,No,High School,Far,Male,64,1,2,0,1,0,1,0.8388234652712269,-0.8641026152040947
20,67,High,Low,No,8,82,Medium,3,Low,High,Neutral,4,Yes,High School,Near,Male,65,2,1,0,1,0,1,0.0041185681317912485,-1.1239193342459837
11,63,High,Medium,No,7,55,Low,3,High,Medium,Positive,1,No,Postgraduate,Near,Male,62,2,0,1,0,0,1,-1.498350246719193,-1.4703416263018354
18,91,Low,High,Yes,9,81,High,4,High,Medium,Neutral,5,No,High School,Moderate,Male,71,0,2,0,1,0,1,-0.329763390723983,0.9546144180891273
15,77,Medium,Medium,Yes,8,57,Low,1,Low,Medium,Neutral,2,No,College,Near,Male,63,1,0,0,1,0,1,-0.8305863290076444,-0.25786360410635406
22,85,Medium,High,No,9,97,High,0,Medium,High,Negative,3,No,College,Moderate,Male,70,1,2,0,1,0,1,0.3380005269875655,0.43498098000534957
28,89,Medium,Low,Yes,6,71,Low,2,Low,Medium,Neutral,4,No,College,Moderate,Male,70,1,0,1,0,0,1,1.3396464035548883,0.7814032720612014
9,87,Medium,Medium,No,8,56,Medium,1,Medium,High,Positive,3,No,College,Moderate,Female,65,1,1,0,1,0,1,-1.8322322055749671,0.6081921260332754
21,79,High,High,Yes,8,52,Medium,1,Low,Medium,Neutral,3,Yes,High School,Near,Female,66,2,1,0,1,0,1,0.17105954755967837,-0.08465245807842814
19,76,Medium,Low,Yes,5,66,Medium,2,Medium,Medium,Positive,4,No,College,Near,Female,66,1,1,1,0,0,1,-0.16282241129609587,-0.344469177120317
24,75,Medium,Low,No,9,95,High,0,Medium,High,Positive,2,No,College,Near,Male,68,1,2,0,1,0,1,0.6718824858433398,-0.4310747501342799
21,86,High,High,No,5,57,Medium,1,Low,Medium,Negative,3,No,High School,Near,Male,68,2,1,1,0,0,1,0.17105954755967837,0.5215865530193126
15,80,High,Medium,Yes,5,90,Medium,4,Medium,High,Neutral,3,No,High School,Near,Female,69,2,1,1,0,0,1,-0.8305863290076444,0.0019531149355348125
18,94,Medium,Medium,Yes,4,71,Medium,3,High,Low,Positive,3,No,College,Near,Female,71,1,1,0,1,0,1,-0.329763390723983,1.2144311371310161
15,95,Medium,Medium,Yes,8,90,Low,2,Low,Medium,Negative,1,No,Postgraduate,Near,Male,69,1,0,1,0,0,1,-0.8305863290076444,1.3010367101449791
26,67,Medium,High,Yes,5,94,Medium,0,Medium,Medium,Positive,2,No,College,Near,Male,68,1,1,0,1,0,1,1.005764444699114,-1.1239193342459837
20,65,Medium,High,Yes,6,100,Medium,2,Low,High,Neutral,5,No,High School,Moderate,Male,67,1,1,0,1,0,1,0.0041185681317912485,-1.2971304802739094
31,85,High,Medium,No,8,53,Medium,2,Low,High,Positive,3,No,High School,Near,Male,72,2,1,0,1,0,1,1.8404693418385496,0.43498098000534957
20,72,High,Medium,Yes,7,90,High,2,Medium,Medium,Neutral,3,No,High School,Near,Male,68,2,2,0,1,0,1,0.0041185681317912485,-0.6908914691761688
16,61,High,Medium,Yes,6,53,Low,0,High,Medium,Positive,4,Yes,High School,Moderate,Female,60,2,0,0,1,0,1,-0.6636453495797573,-1.6435527723297614
11,96,Medium,High,No,5,66,High,2,Low,Medium,Neutral,4,No,High School,Moderate,Male,68,1,2,0,1,0,1,-1.498350246719193,1.3876422831589421
9,69,High,Medium,Yes,7,82,High,1,High,High,Positive,2,No,High School,Near,Female,65,2,2,0,1,0,1,-1.8322322055749671,-0.9507081882180577
10,97,Low,High,No,8,72,High,0,Low,Medium,Neutral,3,No,Postgraduate,Moderate,Female,67,0,2,0,1,0,1,-1.66529122614708,1.474247856172905
22,89,Low,Medium,No,8,78,Low,4,High,Medium,Positive,3,No,High School,Near,Female,70,0,0,1,0,0,1,0.3380005269875655,0.7814032720612014
23,91,Medium,Low,Yes,10,98,High,0,Low,High,Negative,3,No,High School,Near,Female,70,1,2,1,0,0,1,0.5049415064154527,0.9546144180891273
11,68,Medium,Medium,No,6,91,Low,3,Low,High,Negative,2,No,College,Far,Female,61,1,0,0,1,0,1,-1.498350246719193,-1.0373137612320207
25,69,High,Low,Yes,5,68,Medium,2,High,High,Positive,4,No,College,Far,Male,68,2,1,0,1,0,1,0.8388234652712269,-0.9507081882180577
17,81,Medium,High,No,7,80,High,1,Low,Medium,Negative,3,No,Postgraduate,Near,Female,67,1,2,0,1,0,1,-0.49670437015187013,0.08855868794949777
21,67,Medium,High,No,7,52,Medium,3,Low,Medium,Negative,3,Yes,High School,Moderate,Female,62,1,1,0,1,0,1,0.17105954755967837,-1.1239193342459837
30,72,Medium,Low,No,7,73,Medium,0,High,Medium,Neutral,4,No,High School,Moderate,Male,66,1,1,0,1,0,1,1.6735283624106625,-0.6908914691761688
25,73,High,Medium,Yes,6,80,Medium,3,High,Medium,Positive,2,No,High School,Far,Female,69,2,1,0,1,0,1,0.8388234652712269,-0.6042858961622058
18,66,Medium,High,Yes,4,86,Medium,2,Medium,Medium,Negative,4,No,College,Near,Female,66,1,1,0,1,0,1,-0.329763390723983,-1.2105249072599464
15,68,Medium,Medium,Yes,5,95,Medium,0,High,Medium,Negative,5,No,College,Near,Female,64,1,1,0,1,0,1,-0.8305863290076444,-1.0373137612320207
7,92,High,Medium,No,8,64,High,1,Low,Low,Neutral,4,No,Postgraduate,Near,Male,66,2,2,0,1,0,1,-2.1661141644307413,1.0412199911030902
16,67,Medium,Medium,No,7,95,Low,2,Medium,Medium,Neutral,5,Yes,High School,Near,Male,63,1,0,0,1,0,1,-0.6636453495797573,-1.1239193342459837
19,61,Low,High,Yes,8,83,Low,1,Medium,Medium,Negative,3,No,High School,Near,Male,62,0,0,1,0,0,1,-0.16282241129609587,-1.6435527723297614
14,85,Medium,Medium,Yes,8,54,Low,1,High,Medium,Negative,4,No,Postgraduate,Moderate,Male,65,1,0,1,0,0,1,-0.9975273084355315,0.43498098000534957
19,99,Low,High,No,8,69,Low,0,High,Medium,Negative,2,No,High School,Moderate,Male,68,0,0,1,0,0,1,-0.16282241129609587,1.6474590022008309
20,73,High,High,Yes,8,74,Low,1,Low,Low,Negative,4,No,High School,Moderate,Male,65,2,0,1,0,0,1,0.0041185681317912485,-0.6042858961622058
19,65,Medium,High,Yes,7,68,Low,1,Low,Low,Neutral,4,No,College,Near,Female,63,1,0,0,1,0,1,-0.16282241129609587,-1.2971304802739094
16,83,High,High,Yes,7,56,Medium,3,Medium,Medium,Negative,2,No,High School,Near,Male,68,2,1,0,1,0,1,-0.6636453495797573,0.26176983397742365
21,96,Medium,High,Yes,4,78,Low,2,High,Medium,Positive,2,No,High School,Near,Male,72,1,0,1,0,0,1,0.17105954755967837,1.3876422831589421
23,91,High,Low,No,6,57,Medium,2,Low,Medium,Positive,3,No,High School,Near,Male,69,2,1,1,0,0,1,0.5049415064154527,0.9546144180891273
13,85,Low,Medium,No,6,96,Low,1,Low,High,Positive,5,No,Postgraduate,Far,Male,66,0,0,0,1,0,1,-1.1644682878634187,0.43498098000534957
28,73,Low,Low,Yes,7,93,High,2,Low,High,Neutral,3,No,College,Near,Male,68,0,2,1,0,0,1,1.3396464035548883,-0.6042858961622058
19,82,Low,Low,No,6,74,Medium,1,Medium,High,Neutral,2,No,High School,Moderate,Male,64,0,1,0,1,0,1,-0.16282241129609587,0.17516426096346072
20,64,Medium,Low,Yes,8,53,Low,1,Low,Medium,Positive,2,No,High School,Near,Male,61,1,0,0,1,0,1,0.0041185681317912485,-1.3837360532878724
24,87,Low,Medium,No,6,78,High,0,Low,Low,Neutral,2,Yes,Postgraduate,Near,Male,67,0,2,0,1,0,1,0.6718824858433398,0.6081921260332754
21,89,Medium,Low,Yes,9,80,Medium,0,Medium,Low,Neutral,3,No,Postgraduate,Moderate,Male,68,1,1,0,1,0,1,0.17105954755967837,0.7814032720612014
26,99,Medium,Medium,No,6,94,High,2,Medium,Medium,Positive,3,No,High School,Near,Male,74,1,2,0,1,0,1,1.005764444699114,1.6474590022008309
22,70,Medium,High,Yes,6,53,Medium,3,Medium,High,Positive,2,No,High School,Near,Female,67,1,1,0,1,0,1,0.3380005269875655,-0.8641026152040947
16,61,Medium,High,Yes,6,85,Medium,2,Medium,Medium,Positive,3,No,High School,Near,Male,64,1,1,1,0,0,1,-0.6636453495797573,-1.6435527723297614
22,82,Low,High,No,6,78,Medium,3,Medium,High,Neutral,3,No,High School,Moderate,Male,69,0,1,0,1,0,1,0.3380005269875655,0.17516426096346072
13,88,High,Medium,Yes,9,59,Medium,0,Low,Medium,Negative,3,Yes,High School,Far,Female,63,2,1,1,0,0,1,-1.1644682878634187,0.6947976990472384
21,92,Medium,Medium,No,7,56,Medium,0,Low,Medium,Neutral,4,No,High School,Moderate,Female,67,1,1,1,0,0,1,0.17105954755967837,1.0412199911030902
20,68,High,Medium,Yes,7,85,Medium,1,Medium,Medium,Neutral,3,No,College,Far,Male,65,2,1,0,1,0,1,0.0041185681317912485,-1.0373137612320207
19,70,Medium,Medium,Yes,6,67,Medium,5,Medium,Low,Positive,4,No,Postgraduate,Moderate,Female,67,1,1,0,1,0,1,-0.16282241129609587,-0.8641026152040947
19,81,High,Medium,No,7,100,Medium,1,Low,Medium,Negative,5,No,Postgraduate,Moderate,Female,68,2,1,1,0,0,1,-0.16282241129609587,0.08855868794949777
9,73,Medium,Low,Yes,7,95,Medium,3,Low,Medium,Negative,3,No,Postgraduate,Near,Male,62,1,1,1,0,1,0,-1.8322322055749671,-0.6042858961622058
17,94,High,Medium,Yes,7,78,Medium,1,Low,High,Neutral,3,No,College,Near,Female,70,2,1,0,1,0,1,-0.49670437015187013,1.2144311371310161
21,79,Low,High,Yes,7,82,Medium,1,High,Medium,Negative,3,No,High School,Near,Female,67,0,1,0,1,0,1,0.17105954755967837,-0.08465245807842814
21,92,High,High,Yes,9,58,Medium,2,High,Medium,Neutral,5,No,High School,Moderate,Female,89,2,1,0,1,0,1,0.17105954755967837,1.0412199911030902
14,83,High,Medium,Yes,7,95,Low,1,Low,Medium,Neutral,2,Yes,High School,Near,Female,65,2,0,1,0,0,1,-0.9975273084355315,0.26176983397742365
28,91,Low,Medium,Yes,5,73,Medium,2,Medium,Medium,Neutral,2,No,High School,Near,Female,69,0,1,0,1,1,0,1.3396464035548883,0.9546144180891273
15,73,Medium,Medium,No,7,76,High,2,Low,Medium,Positive,4,No,High School,Far,Female,64,1,2,0,1,0,1,-0.8305863290076444,-0.6042858961622058
26,93,High,Low,No,6,94,Medium,6,High,Medium,Negative,4,No,High School,Near,Female,74,2,1,1,0,0,1,1.005764444699114,1.1278255641170531
23,71,Medium,High,No,8,50,Medium,0,High,Medium,Positive,2,No,High School,Far,Female,64,1,1,0,1,0,1,0.5049415064154527,-0.7774970421901317
16,82,Low,High,No,7,75,Medium,0,Low,Medium,Negative,2,No,Postgraduate,Moderate,Female,64,0,1,0,1,0,1,-0.6636453495797573,0.17516426096346072
31,69,Medium,Low,Yes,9,81,Medium,2,Medium,Medium,Negative,2,No,College,Near,Male,67,1,1,1,0,0,1,1.8404693418385496,-0.9507081882180577
13,79,Low,Low,Yes,6,58,High,2,Medium,Medium,Positive,4,No,College,Moderate,Male,63,0,2,0,1,0,1,-1.1644682878634187,-0.08465245807842814
26,73,High,Medium,Yes,7,53,Low,3,Medium,High,Neutral,5,No,High School,Moderate,Female,68,2,0,1,0,0,1,1.005764444699114,-0.6042858961622058
26,71,Low,Medium,Yes,5,77,Low,0,Medium,Medium,Neutral,5,No,Postgraduate,Near,Male,66,0,0,0,1,0,1,1.005764444699114,-0.7774970421901317
16,99,Low,High,Yes,7,77,High,0,Low,Medium,Neutral,3,Yes,High School,Moderate,Female,68,0,2,0,1,0,1,-0.6636453495797573,1.6474590022008309
28,66,Medium,High,No,5,67,Medium,1,High,Medium,Positive,1,No,Postgraduate,Moderate,Female,68,1,1,1,0,0,1,1.3396464035548883,-1.2105249072599464
18,91,Medium,Medium,No,7,94,Medium,3,Low,Medium,Neutral,2,No,High School,Near,Female,69,1,1,1,0,0,1,-0.329763390723983,0.9546144180891273
22,99,High,Low,No,7,65,Medium,3,Low,Low,Neutral,3,No,Postgraduate,Near,Female,71,2,1,0,1,0,1,0.3380005269875655,1.6474590022008309
22,61,Low,High,Yes,7,76,Medium,1,High,Medium,Positive,3,No,College,Near,Female,65,0,1,0,1,0,1,0.3380005269875655,-1.6435527723297614
19,88,Low,Medium,Yes,8,59,Medium,2,Medium,Medium,Neutral,4,No,High School,Near,Male,67,0,1,1,0,0,1,-0.16282241129609587,0.6947976990472384
25,70,Medium,Medium,No,7,51,Medium,1,High,Medium,Negative,4,No,College,Near,Female,65,1,1,0,1,0,1,0.8388234652712269,-0.8641026152040947
25,62,High,Medium,No,5,71,Medium,0,Low,High,Positive,4,No,High School,Moderate,Male,65,2,1,1,0,0,1,0.8388234652712269,-1.5569471993157984
10,76,Medium,Low,No,6,76,Medium,1,High,High,Negative,2,No,Postgraduate,Near,Male,80,1,1,0,1,0,1,-1.66529122614708,-0.344469177120317
28,97,Medium,Medium,Yes,7,88,High,2,Medium,Medium,Neutral,2,No,High School,Moderate,Male,74,1,2,0,1,0,1,1.3396464035548883,1.474247856172905
10,60,Medium,Medium,No,7,72,Low,3,Medium,Low,Positive,3,No,High School,Near,Male,59,1,0,0,1,1,0,-1.66529122614708,-1.7301583453437241
26,84,Medium,Medium,No,7,64,Low,2,High,High,Neutral,3,No,High School,Near,Male,69,1,0,0,1,0,1,1.005764444699114,0.34837540699138664
27,80,Medium,Low,Yes,9,80,Medium,0,High,Medium,Neutral,2,Yes,High School,Moderate,Male,66,1,1,0,1,0,1,1.1727054241270012,0.0019531149355348125
13,95,Medium,Medium,Yes,7,69,Medium,1,Low,Low,Positive,2,Yes,Postgraduate,Moderate,Female,66,1,1,0,1,0,1,-1.1644682878634187,1.3010367101449791
18,63,High,High,No,8,62,Medium,2,High,Medium,Positive,4,No,High School,Near,Female,65,2,1,0,1,0,1,-0.329763390723983,-1.4703416263018354
13,87,High,Medium,Yes,4,96,Low,3,Low,Low,Neutral,3,Yes,College,Near,Male,67,2,0,0,1,0,1,-1.1644682878634187,0.6081921260332754
19,87,High,High,No,8,77,Low,3,Low,Medium,Neutral,4,No,High School,Moderate,Male,69,2,0,1,0,0,1,-0.16282241129609587,0.6081921260332754
18,87,Medium,Low,Yes,10,60,High,2,Medium,Medium,Positive,3,No,High School,Near,Female,68,1,2,0,1,0,1,-0.329763390723983,0.6081921260332754
25,98,Medium,Medium,Yes,9,84,Medium,1,Medium,High,Neutral,2,No,Postgraduate,Near,Female,73,1,1,1,0,0,1,0.8388234652712269,1.5608534291868679
28,93,Low,High,Yes,6,90,Medium,1,Low,Medium,Positive,2,Yes,High School,Near,Female,71,0,1,0,1,0,1,1.3396464035548883,1.1278255641170531
28,62,High,Medium,Yes,10,88,Medium,0,Low,High,Positive,2,Yes,Postgraduate,Moderate,Male,67,2,1,0,1,0,1,1.3396464035548883,-1.5569471993157984
17,79,Medium,Medium,Yes,7,80,Low,1,High,High,Positive,3,No,College,Near,Female,67,1,0,0,1,0,1,-0.49670437015187013,-0.08465245807842814
19,76,High,Low,No,7,76,Medium,0,High,High,Neutral,2,No,Postgraduate,Near,Male,66,2,1,0,1,0,1,-0.16282241129609587,-0.344469177120317
10,72,Medium,Low,No,7,89,Medium,3,Medium,Medium,Negative,4,No,College,Near,Female,63,1,1,0,1,0,1,-1.66529122614708,-0.6908914691761688
15,78,High,High,No,7,85,Medium,1,High,Medium,Negative,1,No,High School,Far,Male,65,2,1,0,1,1,0,-0.8305863290076444,-0.1712580310923911
26,75,Medium,Low,Yes,4,79,Medium,2,High,Medium,Negative,1,No,College,Near,Male,67,1,1,0,1,0,1,1.005764444699114,-0.4310747501342799
30,77,Medium,Low,Yes,8,83,Medium,1,Low,Low,Positive,3,No,College,Near,Male,69,1,1,0,1,0,1,1.6735283624106625,-0.25786360410635406
13,99,Medium,Medium,Yes,7,58,Medium,1,Low,Medium,Neutral,2,No,High School,Near,Male,67,1,1,0,1,0,1,-1.1644682878634187,1.6474590022008309
16,64,High,Medium,Yes,7,51,High,4,High,High,Neutral,3,No,College,Near,Male,66,2,2,0,1,0,1,-0.6636453495797573,-1.3837360532878724
20,97,High,High,Yes,7,97,Low,2,Medium,High,Neutral,4,No,High School,Moderate,Female,74,2,0,1,0,0,1,0.0041185681317912485,1.474247856172905
22,79,High,Medium,No,6,97,Medium,2,High,Medium,Positive,2,No,College,Moderate,Female,69,2,1,0,1,1,0,0.3380005269875655,-0.08465245807842814
15,85,Low,Medium,Yes,7,89,High,0,Medium,Medium,Negative,4,No,College,Moderate,Female,66,0,2,0,1,0,1,-0.8305863290076444,0.43498098000534957
23,93,High,Low,Yes,9,69,Low,0,Medium,Medium,Positive,3,Yes,Postgraduate,Moderate,Male,69,2,0,1,0,0,1,0.5049415064154527,1.1278255641170531
17,74,Medium,Medium,Yes,8,58,Low,1,High,Medium,Neutral,2,No,College,Far,Male,63,1,0,0,1,0,1,-0.49670437015187013,-0.5176803231482429
20,77,Medium,Low,Yes,7,68,Medium,0,Medium,High,Positive,3,No,College,Near,Female,65,1,1,1,0,1,0,0.0041185681317912485,-0.25786360410635406
23,76,Low,Medium,No,7,86,Low,1,Low,Medium,Positive,4,No,College,Far,Male,64,0,0,1,0,1,0,0.5049415064154527,-0.344469177120317
20,75,Low,Medium,No,7,67,High,0,Medium,Medium,Neutral,4,No,High School,Near,Male,64,0,2,1,0,0,1,0.0041185681317912485,-0.4310747501342799
17,97,Low,High,Yes,6,90,Low,2,Medium,Low,Negative,2,No,High School,Moderate,Male,69,0,0,0,1,0,1,-0.49670437015187013,1.474247856172905
19,93,High,High,No,7,84,Medium,5,Low,High,Negative,3,No,High School,Near,Female,73,2,1,0,1,0,1,-0.16282241129609587,1.1278255641170531
19,64,Medium,Medium,Yes,8,81,High,1,Medium,Medium,Negative,3,Yes,High School,Moderate,Male,62,1,2,0,1,0,1,-0.16282241129609587,-1.3837360532878724
18,64,Low,Low,Yes,7,97,Low,2,Medium,Low,Neutral,4,No,College,Near,Male,62,0,0,1,0,0,1,-0.329763390723983,-1.3837360532878724
18,77,Medium,Medium,Yes,6,95,High,0,Medium,High,Positive,2,No,Postgraduate,Moderate,Female,68,1,2,1,0,0,1,-0.329763390723983,-0.25786360410635406
30,64,Medium,Medium,No,7,86,Low,1,Medium,Medium,Positive,3,No,Postgraduate,Far,Female,66,1,0,1,0,0,1,1.6735283624106625,-1.3837360532878724
23,85,Low,High,Yes,8,60,High,2,Medium,Medium,Positive,1,Yes,College,Moderate,Female,68,0,2,0,1,0,1,0.5049415064154527,0.43498098000534957
18,66,Low,High,Yes,5,97,Medium,4,Medium,Medium,Neutral,4,No,High School,Moderate,Male,66,0,1,0,1,0,1,-0.329763390723983,-1.2105249072599464
24,81,Low,Medium,Yes,6,61,Low,3,Medium,Medium,Positive,3,No,Postgraduate,Near,Male,69,0,0,0,1,0,1,0.6718824858433398,0.08855868794949777
18,60,Medium,Medium,Yes,5,69,Medium,0,Medium,Medium,Neutral,2,No,Postgraduate,Near,Female,62,1,1,0,1,0,1,-0.329763390723983,-1.7301583453437241
27,73,Low,Medium,No,7,91,Medium,2,High,Medium,Neutral,4,No,College,Far,Female,68,0,1,0,1,0,1,1.1727054241270012,-0.6042858961622058
22,87,Medium,Medium,No,8,60,Low,2,Medium,High,Negative,2,No,College,Moderate,Male,67,1,0,0,1,0,1,0.3380005269875655,0.6081921260332754
19,79,Low,Medium,No,9,82,Medium,1,Low,Medium,Neutral,4,No,High School,Near,Male,65,0,1,1,0,0,1,-0.16282241129609587,-0.08465245807842814
23,99,Low,Medium,No,9,73,Medium,0,Low,Medium,Negative,4,No,College,Near,Male,69,0,1,0,1,0,1,0.5049415064154527,1.6474590022008309
11,95,Medium,Medium,No,6,81,High,2,Low,Low,Positive,3,No,High School,Near,Male,67,1,2,0,1,0,1,-1.498350246719193,1.3010367101449791
13,74,Low,Low,Yes,7,98,High,0,Medium,Medium,Positive,3,No,Postgraduate,Near,Female,64,0,2,0,1,0,1,-1.1644682878634187,-0.5176803231482429
13,62,Low,Medium,Yes,6,90,Medium,3,High,High,Neutral,3,Yes,Postgraduate,Near,Female,62,0,1,1,0,1,0,-1.1644682878634187,-1.5569471993157984
21,94,Medium,Medium,Yes,9,65,Low,5,High,High,Neutral,3,Yes,High School,Near,Male,71,1,0,1,0,0,1,0.17105954755967837,1.2144311371310161
30,96,Medium,High,Yes,9,53,Medium,0,Medium,Medium,Neutral,3,No,High School,Near,Male,72,1,1,1,0,1,0,1.6735283624106625,1.3876422831589421
33,93,High,High,Yes,7,98,Low,0,Medium,Medium,Negative,2,Yes,High School,Near,Female,74,2,0,0,1,0,1,2.174351300694324,1.1278255641170531
24,65,Low,High,No,6,79,Low,1,Medium,High,Neutral,2,No,Postgraduate,Near,Male,66,0,0,0,1,0,1,0.6718824858433398,-1.2971304802739094
23,100,High,Low,Yes,4,59,Medium,2,Medium,Medium,Positive,4,No,High School,Near,Female,72,2,1,0,1,0,1,0.5049415064154527,1.7340645752147938
9,70,High,Medium,No,5,81,Medium,1,High,High,Neutral,4,No,Postgraduate,Near,Female,65,2,1,1,0,0,1,-1.8322322055749671,-0.8641026152040947
17,89,High,Medium,Yes,4,52,High,0,Low,Medium,Positive,3,No,College,Far,Female,67,2,2,0,1,0,1,-0.49670437015187013,0.7814032720612014
15,96,Medium,High,Yes,5,59,High,2,Medium,High,Neutral,2,No,High School,Near,Male,70,1,2,1,0,0,1,-0.8305863290076444,1.3876422831589421
16,69,High,Medium,Yes,10,82,Medium,0,Low,High,Negative,1,Yes,High School,Moderate,Male,62,2,1,0,1,0,1,-0.6636453495797573,-0.9507081882180577
19,96,Low,Low,Yes,5,70,High,0,Low,Medium,Positive,2,No,High School,Far,Male,66,0,2,0,1,0,1,-0.16282241129609587,1.3876422831589421
17,72,Low,Medium,Yes,5,66,Medium,2,High,High,Negative,3,No,College,Near,Male,65,0,1,0,1,0,1,-0.49670437015187013,-0.6908914691761688
8,99,Low,High,Yes,6,83,High,2,Medium,High,Positive,4,Yes,Postgraduate,Near,Male,70,0,2,0,1,0,1,-1.9991731850028542,1.6474590022008309
24,71,High,High,Yes,10,93,Low,2,Medium,Medium,Positive,2,Yes,College,Near,Female,69,2,0,1,0,0,1,0.6718824858433398,-0.7774970421901317
14,98,Medium,Medium,Yes,7,84,Low,3,High,Medium,Neutral,3,No,High School,Near,Female,70,1,0,0,1,0,1,-0.9975273084355315,1.5608534291868679
21,62,High,High,No,8,73,Medium,2,High,Medium,Negative,2,No,College,Near,Female,66,2,1,1,0,0,1,0.17105954755967837,-1.5569471993157984
32,88,Medium,Low,Yes,7,83,Low,1,Low,High,Positive,4,No,Postgraduate,Near,Male,73,1,0,1,0,0,1,2.0074103212664367,0.6947976990472384
14,81,High,Medium,No,4,85,Low,3,Medium,High,Positive,4,No,Postgraduate,Moderate,Female,69,2,0,0,1,0,1,-0.9975273084355315,0.08855868794949777
5,79,High,High,Yes,9,89,Low,3,Medium,Medium,Neutral,3,No,College,Near,Female,66,2,0,1,0,0,1,-2.4999961232865155,-0.08465245807842814
18,69,High,Medium,Yes,8,65,Medium,4,Medium,Medium,Neutral,4,No,High School,Far,Male,65,2,1,0,1,0,1,-0.329763390723983,-0.9507081882180577
27,88,Medium,Low,No,7,56,High,2,Low,Medium,Neutral,4,No,Postgraduate,Near,Female,70,1,2,0,1,0,1,1.1727054241270012,0.6947976990472384
32,68,High,High,No,10,84,Medium,0,Medium,High,Positive,2,No,Postgraduate,Far,Male,70,2,1,1,0,0,1,2.0074103212664367,-1.0373137612320207
13,82,High,Medium,No,6,56,High,2,Low,High,Neutral,4,No,Postgraduate,Near,Male,67,2,2,0,1,0,1,-1.1644682878634187,0.17516426096346072
23,70,Medium,High,Yes,7,73,High,1,Low,Medium,Positive,3,No,Postgraduate,Near,Male,68,1,2,1,0,0,1,0.5049415064154527,-0.8641026152040947
17,98,Medium,Low,Yes,6,62,Low,1,Medium,Medium,Neutral,2,No,College,Near,Female,68,1,0,1,0,0,1,-0.49670437015187013,1.5608534291868679
19,61,High,Medium,No,9,67,Medium,0,Low,Medium,Negative,2,No,College,Far,Female,61,2,1,0,1,0,1,-0.16282241129609587,-1.6435527723297614
36,68,Medium,Medium,Yes,8,74,High,2,Medium,Medium,Negative,3,No,High School,Near,Male,70,1,2,0,1,0,1,2.675174238977985,-1.0373137612320207
11,70,High,High,No,7,95,High,0,Low,High,Negative,5,No,College,Moderate,Male,65,2,2,0,1,0,1,-1.498350246719193,-0.8641026152040947
22,77,Low,Medium,Yes,5,84,Medium,3,High,Medium,Positive,2,No,High School,Moderate,Male,66,0,1,0,1,1,0,0.3380005269875655,-0.25786360410635406
23,69,Medium,Medium,Yes,6,59,Medium,3,High,Medium,Neutral,3,No,Postgraduate,Moderate,Male,67,1,1,0,1,0,1,0.5049415064154527,-0.9507081882180577
27,80,Low,Low,Yes,5,94,High,3,High,Medium,Negative,3,No,High School,Near,Male,69,0,2,0,1,0,1,1.1727054241270012,0.0019531149355348125
21,95,Medium,High,No,9,75,Medium,1,Low,Medium,Neutral,2,No,College,Far,Male,69,1,1,0,1,0,1,0.17105954755967837,1.3010367101449791
22,88,Medium,Medium,Yes,5,60,Low,1,Low,Medium,Neutral,2,No,High School,Moderate,Male,67,1,0,0,1,0,1,0.3380005269875655,0.6947976990472384
18,83,High,Low,No,9,76,Medium,0,Medium,Low,Neutral,4,No,High School,Near,Female,66,2,1,1,0,0,1,-0.329763390723983,0.26176983397742365
22,64,Low,Medium,Yes,9,60,Medium,1,High,High,Neutral,2,No,High School,Near,Male,63,0,1,1,0,0,1,0.3380005269875655,-1.3837360532878724
18,88,High,Medium,No,6,68,Low,0,Medium,High,Neutral,4,No,High School,Far,Female,67,2,0,0,1,0,1,-0.329763390723983,0.6947976990472384
24,67,High,Low,Yes,6,90,Medium,0,Low,Medium,Neutral,1,No,College,Far,Male,64,2,1,0,1,0,1,0.6718824858433398,-1.1239193342459837
18,91,Medium,Low,No,6,83,Medium,2,Low,Medium,Neutral,4,No,High School,Near,Male,68,1,1,1,0,0,1,-0.329763390723983,0.9546144180891273
22,70,Medium,High,Yes,8,74,Low,2,Low,High,Negative,2,No,High School,Moderate,Male,65,1,0,0,1,0,1,0.3380005269875655,-0.8641026152040947
20,77,Medium,Low,No,9,61,Medium,2,Medium,Medium,Neutral,3,No,High School,Near,Male,65,1,1,0,1,0,1,0.0041185681317912485,-0.25786360410635406
27,74,Medium,Low,Yes,9,64,High,1,Low,Medium,Neutral,3,No,High School,Near,Male,65,1,2,0,1,1,0,1.1727054241270012,-0.5176803231482429
20,94,Low,Medium,Yes,6,99,Medium,0,Medium,Medium,Negative,4,No,College,Near,Female,70,0,1,0,1,0,1,0.0041185681317912485,1.2144311371310161
9,65,Medium,High,Yes,9,67,Medium,1,High,Medium,Neutral,3,No,High School,Near,Female,62,1,1,0,1,0,1,-1.8322322055749671,-1.2971304802739094
28,83,High,Low,No,9,81,Medium,0,Low,Medium,Neutral,4,No,High School,Moderate,Male,68,2,1,0,1,0,1,1.3396464035548883,0.26176983397742365
15,66,Low,High,Yes,7,75,Low,0,High,High,Negative,3,No,College,Near,Male,62,0,0,0,1,0,1,-0.8305863290076444,-1.2105249072599464
16,88,Medium,High,Yes,7,51,Medium,0,Medium,Medium,Positive,3,No,College,Near,Female,68,1,1,0,1,0,1,-0.6636453495797573,0.6947976990472384
16,96,High,Medium,Yes,9,97,Medium,0,Medium,High,Neutral,5,No,College,Near,Male,72,2,1,1,0,0,1,-0.6636453495797573,1.3876422831589421
28,77,High,Medium,Yes,9,54,Low,1,High,Medium,Positive,3,No,Postgraduate,Near,Female,70,2,0,0,1,0,1,1.3396464035548883,-0.25786360410635406
7,80,High,Medium,No,9,83,Low,3,Medium,Medium,Neutral,3,No,High School,Far,Female,62,2,0,0,1,1,0,-2.1661141644307413,0.0019531149355348125
39,97,High,High,Yes,10,91,Medium,2,Low,Medium,Positive,3,No,High School,Moderate,Female,79,2,1,0,1,0,1,3.1759971772616464,1.474247856172905
26,81,Medium,High,Yes,8,87,Medium,2,High,High,Neutral,1,No,Postgraduate,Near,Male,73,1,1,0,1,0,1,1.005764444699114,0.08855868794949777
21,80,High,High,Yes,7,90,High,1,Low,Low,Negative,2,No,College,Far,Male,68,2,2,0,1,0,1,0.17105954755967837,0.0019531149355348125
20,83,High,Medium,Yes,9,87,Low,0,High,Medium,Neutral,2,No,High School,Near,Male,68,2,0,0,1,0,1,0.0041185681317912485,0.26176983397742365
22,88,Medium,Medium,Yes,10,72,Medium,2,Low,High,Neutral,2,No,High School,Moderate,Female,69,1,1,0,1,0,1,0.3380005269875655,0.6947976990472384
23,64,Medium,Low,Yes,6,95,High,1,Low,Medium,Positive,2,Yes,College,Far,Female,63,1,2,0,1,0,1,0.5049415064154527,-1.3837360532878724
24,93,Medium,Medium,Yes,7,96,Medium,5,High,Medium,Negative,4,No,Postgraduate,Near,Female,74,1,1,0,1,1,0,0.6718824858433398,1.1278255641170531
23,77,Medium,Medium,Yes,5,72,Medium,2,High,High,Negative,5,No,College,Moderate,Female,69,1,1,0,1,0,1,0.5049415064154527,-0.25786360410635406
21,63,Medium,Low,No,8,74,Medium,0,Low,Medium,Negative,3,No,High School,Near,Female,61,1,1,0,1,0,1,0.17105954755967837,-1.4703416263018354
19,91,Medium,Low,Yes,8,74,Low,4,Medium,Medium,Neutral,2,Yes,Postgraduate,Near,Female,69,1,0,0,1,0,1,-0.16282241129609587,0.9546144180891273
19,75,Medium,Low,No,6,64,High,2,Low,Medium,Neutral,3,No,High School,Near,Female,64,1,2,0,1,0,1,-0.16282241129609587,-0.4310747501342799
19,64,Medium,Medium,Yes,9,56,Low,2,Low,Medium,Positive,4,No,Postgraduate,Far,Female,63,1,0,0,1,0,1,-0.16282241129609587,-1.3837360532878724
27,85,Low,High,No,6,63,Low,1,Low,Medium,Negative,2,No,College,Near,Male,68,0,0,0,1,0,1,1.1727054241270012,0.43498098000534957
24,95,High,Medium,Yes,6,92,Medium,2,Low,Medium,Neutral,3,No,High School,Far,Male,72,2,1,0,1,0,1,0.6718824858433398,1.3010367101449791
2,96,Low,High,Yes,9,77,Medium,3,Medium,Medium,Neutral,2,No,High School,Far,Female,65,0,1,0,1,0,1,-3.000819061570177,1.3876422831589421
24,98,Low,Low,No,6,93,Low,2,Low,Low,Positive,4,No,College,Near,Male,69,0,0,0,1,1,0,0.6718824858433398,1.5608534291868679
21,95,Medium,Low,No,5,87,Low,2,Medium,Medium,Neutral,4,No,High School,Near,Male,70,1,0,1,0,0,1,0.17105954755967837,1.3010367101449791
20,60,Medium,Medium,Yes,8,67,Low,1,Medium,Medium,Neutral,4,No,Postgraduate,Moderate,Female,63,1,0,0,1,0,1,0.0041185681317912485,-1.7301583453437241
18,75,Low,Medium,Yes,7,59,Low,0,Medium,Medium,Positive,2,Yes,High School,Near,Female,62,0,0,0,1,0,1,-0.329763390723983,-0.4310747501342799
27,93,Medium,Medium,Yes,9,78,Low,1,Low,Medium,Positive,2,No,Postgraduate,Near,Female,72,1,0,0,1,0,1,1.1727054241270012,1.1278255641170531
26,75,High,High,No,8,97,Medium,1,Low,Medium,Neutral,4,No,High School,Far,Male,69,2,1,0,1,0,1,1.005764444699114,-0.4310747501342799
15,84,Medium,Medium,No,4,92,Low,2,Medium,Medium,Negative,3,No,High School,Moderate,Female,66,1,0,0,1,0,1,-0.8305863290076444,0.34837540699138664
22,84,Medium,Medium,Yes,9,88,Medium,2,Low,High,Neutral,4,No,Postgraduate,Near,Male,71,1,1,1,0,0,1,0.3380005269875655,0.34837540699138664
14,75,Low,Low,No,10,88,Medium,2,Low,Medium,Negative,3,No,College,Moderate,Female,62,0,1,1,0,0,1,-0.9975273084355315,-0.4310747501342799
12,96,Medium,Low,Yes,9,76,Medium,2,Medium,High,Positive,2,No,High School,Near,Male,68,1,1,0,1,0,1,-1.3314092672913058,1.3876422831589421
16,80,High,Low,No,9,58,Low,0,Medium,Medium,Neutral,2,No,High School,Near,Female,63,2,0,0,1,0,1,-0.6636453495797573,0.0019531149355348125
25,79,Medium,Medium,Yes,7,64,Medium,0,Low,Medium,Neutral,3,No,College,Far,Female,66,1,1,0,1,0,1,0.8388234652712269,-0.08465245807842814
26,100,High,Medium,Yes,6,79,High,1,Medium,High,Positive,3,No,College,Moderate,Male,75,2,2,0,1,0,1,1.005764444699114,1.7340645752147938
23,80,Medium,Low,Yes,7,66,High,1,High,High,Positive,4,No,College,Near,Female,69,1,2,1,0,0,1,0.5049415064154527,0.0019531149355348125
24,67,High,Medium,No,8,89,Medium,2,High,Low,Positive,3,No,High School,Near,Female,68,2,1,1,0,0,1,0.6718824858433398,-1.1239193342459837
23,81,High,Medium,No,8,69,Medium,5,Medium,Medium,Negative,2,No,High School,Moderate,Male,69,2,1,0,1,0,1,0.5049415064154527,0.08855868794949777
16,93,High,Low,No,6,56,Medium,2,Low,Medium,Positive,4,No,High School,Near,Male,67,2,1,0,1,0,1,-0.6636453495797573,1.1278255641170531
23,91,High,Medium,Yes,6,89,Medium,3,Medium,Medium,Negative,3,No,Postgraduate,Near,Male,73,2,1,1,0,0,1,0.5049415064154527,0.9546144180891273
25,92,Medium,High,Yes,5,85,Low,1,Low,Medium,Negative,1,No,College,Near,Male,71,1,0,0,1,0,1,0.8388234652712269,1.0412199911030902
25,88,High,Medium,Yes,8,63,Medium,2,High,Medium,Positive,3,No,High School,Moderate,Female,71,2,1,0,1,0,1,0.8388234652712269,0.6947976990472384
27,70,Medium,Medium,No,6,99,High,2,Low,Medium,Neutral,2,No,High School,Near,Female,68,1,2,1,0,0,1,1.1727054241270012,-0.8641026152040947
24,94,High,Low,No,7,70,Medium,1,High,Medium,Neutral,1,No,High School,Near,Male,70,2,1,0,1,0,1,0.6718824858433398,1.2144311371310161
22,96,Low,High,Yes,10,84,Low,1,High,High,Negative,3,No,High School,Near,Male,71,0,0,0,1,0,1,0.3380005269875655,1.3876422831589421
26,68,Medium,High,No,8,96,High,1,Medium,High,Neutral,2,No,High School,Near,Male,69,1,2,0,1,0,1,1.005764444699114,-1.0373137612320207
20,65,High,Medium,No,7,58,Medium,3,Low,Medium,Neutral,4,No,High School,Near,Male,63,2,1,1,0,1,0,0.0041185681317912485,-1.2971304802739094
15,99,Low,Medium,Yes,8,94,Medium,2,Medium,Medium,Neutral,3,No,Postgraduate,Near,Male,71,0,1,1,0,0,1,-0.8305863290076444,1.6474590022008309
19,95,Medium,Medium,Yes,9,85,Medium,2,Low,Medium,Negative,3,No,College,Near,Male,69,1,1,0,1,1,0,-0.16282241129609587,1.3010367101449791
16,96,High,Medium,Yes,5,58,Medium,2,High,Low,Positive,5,No,Postgraduate,Moderate,Male,71,2,1,0,1,0,1,-0.6636453495797573,1.3876422831589421
16,95,Medium,Low,No,6,83,Low,2,Low,High,Neutral,3,No,High School,Near,Female,68,1,0,1,0,0,1,-0.6636453495797573,1.3010367101449791
19,82,Medium,Medium,No,7,94,Medium,1,Medium,Medium,Positive,3,No,High School,Near,Female,68,1,1,0,1,0,1,-0.16282241129609587,0.17516426096346072
15,86,Medium,Low,No,6,90,Medium,0,Medium,High,Neutral,3,No,Postgraduate,Far,Male,66,1,1,0,1,0,1,-0.8305863290076444,0.5215865530193126
18,82,Medium,Medium,No,7,88,Medium,3,Low,Medium,Negative,3,No,College,Moderate,Female,67,1,1,0,1,0,1,-0.329763390723983,0.17516426096346072
9,62,Low,High,Yes,5,58,Low,0,Medium,High,Positive,5,No,College,Moderate,Female,59,0,0,1,0,0,1,-1.8322322055749671,-1.5569471993157984
21,90,Low,Medium,No,8,60,Medium,1,Low,Medium,Negative,2,No,College,Near,Female,66,0,1,0,1,0,1,0.17105954755967837,0.8680088450751643
20,80,Low,Low,No,6,77,Low,0,Medium,High,Negative,3,No,High School,Near,Male,64,0,0,1,0,0,1,0.0041185681317912485,0.0019531149355348125
15,86,Medium,Medium,No,7,79,Medium,1,Low,Medium,Neutral,3,Yes,High School,Moderate,Female,64,1,1,0,1,0,1,-0.8305863290076444,0.5215865530193126
24,80,Medium,High,Yes,7,97,Medium,0,Low,High,Neutral,4,No,High School,Moderate,Female,69,1,1,1,0,0,1,0.6718824858433398,0.0019531149355348125
26,80,High,Low,No,8,73,High,1,Medium,Medium,Neutral,3,No,High School,Near,Male,69,2,2,0,1,0,1,1.005764444699114,0.0019531149355348125
10,67,Medium,Medium,No,4,65,Medium,3,Medium,Medium,Positive,3,No,High School,Near,Male,61,1,1,0,1,1,0,-1.66529122614708,-1.1239193342459837
15,71,High,High,No,8,60,Medium,0,Low,High,Negative,3,No,High School,Far,Female,62,2,1,1,0,0,1,-0.8305863290076444,-0.7774970421901317
15,66,Low,Medium,No,7,53,Medium,2,Medium,High,Negative,3,No,College,Near,Female,61,0,1,0,1,0,1,-0.8305863290076444,-1.2105249072599464
14,68,Medium,Medium,Yes,8,53,High,1,Medium,High,Positive,2,No,College,Near,Female,63,1,2,1,0,0,1,-0.9975273084355315,-1.0373137612320207
25,99,Medium,Low,No,5,79,Low,2,Low,Medium,Positive,4,No,College,Near,Female,71,1,0,0,1,0,1,0.8388234652712269,1.6474590022008309
19,66,High,High,Yes,8,59,Medium,1,Medium,Low,Positive,2,No,Postgraduate,Moderate,Female,65,2,1,0,1,0,1,-0.16282241129609587,-1.2105249072599464
18,71,High,High,Yes,9,93,Medium,1,Low,High,Neutral,4,No,College,Moderate,Male,68,2,1,1,0,0,1,-0.329763390723983,-0.7774970421901317
8,84,High,High,No,7,80,Medium,1,High,High,Positive,4,No,High School,Moderate,Male,67,2,1,0,1,0,1,-1.9991731850028542,0.34837540699138664
24,84,Low,High,Yes,6,93,High,2,Low,Medium,Neutral,1,No,High School,Near,Female,70,0,2,0,1,0,1,0.6718824858433398,0.34837540699138664
13,66,High,Medium,Yes,6,71,Medium,3,Medium,Medium,Neutral,3,No,High School,Near,Male,64,2,1,0,1,0,1,-1.1644682878634187,-1.2105249072599464
20,92,Medium,High,No,8,80,High,0,Medium,Medium,Neutral,3,No,College,Near,Male,71,1,2,1,0,0,1,0.0041185681317912485,1.0412199911030902
22,91,High,Medium,Yes,8,76,Low,2,Medium,Medium,Neutral,3,No,College,Moderate,Female,71,2,0,0,1,0,1,0.3380005269875655,0.9546144180891273
28,69,Medium,High,No,8,99,Low,0,High,Medium,Negative,3,No,High School,Moderate,Female,67,1,0,1,0,0,1,1.3396464035548883,-0.9507081882180577
12,72,Medium,Low,Yes,7,90,Medium,0,High,Medium,Positive,3,No,Postgraduate,Far,Male,63,1,1,0,1,0,1,-1.3314092672913058,-0.6908914691761688
2,98,Low,High,Yes,7,80,High,2,Low,High,Neutral,1,No,High School,Near,Male,66,0,2,0,1,0,1,-3.000819061570177,1.5608534291868679
21,93,Medium,Low,Yes,7,80,Medium,3,High,Medium,Neutral,1,No,High School,Moderate,Male,70,1,1,0,1,0,1,0.17105954755967837,1.1278255641170531
31,88,Medium,Low,No,6,62,Medium,2,Low,Medium,Positive,4,No,High School,Near,Male,70,1,1,1,0,0,1,1.8404693418385496,0.6947976990472384
27,63,Low,Medium,Yes,8,87,Medium,3,Low,High,Positive,3,No,High School,Near,Female,67,0,1,1,0,0,1,1.1727054241270012,-1.4703416263018354
21,77,Low,Medium,No,7,99,High,3,Medium,High,Neutral,3,No,Postgraduate,Near,Male,69,0,2,0,1,0,1,0.17105954755967837,-0.25786360410635406
17,82,High,Low,No,9,56,Low,3,High,Medium,Positive,2,No,High School,Near,Female,66,2,0,0,1,0,1,-0.49670437015187013,0.17516426096346072
25,67,Medium,High,No,9,82,Medium,1,Medium,Medium,Positive,3,No,Postgraduate,Far,Female,67,1,1,0,1,0,1,0.8388234652712269,-1.1239193342459837
14,78,High,Medium,Yes,7,76,Medium,0,High,Medium,Negative,2,Yes,College,Near,Female,65,2,1,0,1,0,1,-0.9975273084355315,-0.1712580310923911
23,84,High,High,Yes,8,93,Medium,1,High,Medium,Positive,3,No,Postgraduate,Far,Male,72,2,1,0,1,0,1,0.5049415064154527,0.34837540699138664
23,73,High,High,No,6,50,Medium,1,Medium,Medium,Positive,3,No,College,Near,Male,68,2,1,0,1,0,1,0.5049415064154527,-0.6042858961622058
26,91,High,Medium,Yes,7,57,Low,3,Medium,Medium,Negative,3,No,College,Near,Male,72,2,0,0,1,0,1,1.005764444699114,0.9546144180891273
37,94,High,Medium,Yes,8,52,High,1,Low,Medium,Positive,3,No,Postgraduate,Near,Male,76,2,2,1,0,0,1,2.8421152184058722,1.2144311371310161
22,73,Medium,Low,Yes,5,58,Medium,4,Low,Medium,Positive,3,Yes,College,Near,Female,65,1,1,0,1,0,1,0.3380005269875655,-0.6042858961622058
17,94,Low,Medium,No,8,85,Medium,1,Medium,Low,Positive,4,No,High School,Near,Male,68,0,1,0,1,0,1,-0.49670437015187013,1.2144311371310161
20,64,Medium,Medium,Yes,6,57,Medium,3,Low,High,Neutral,4,No,College,Near,Female,65,1,1,0,1,0,1,0.0041185681317912485,-1.3837360532878724
9,94,Medium,Medium,Yes,6,81,Low,0,Low,High,Positive,3,No,High School,Near,Male,66,1,0,0,1,0,1,-1.8322322055749671,1.2144311371310161
16,66,Low,Medium,No,6,93,Medium,7,Low,Medium,Negative,2,No,High School,Far,Male,63,0,1,0,1,0,1,-0.6636453495797573,-1.2105249072599464
18,63,Medium,Low,No,7,52,Medium,2,High,High,Positive,3,No,Postgraduate,Moderate,Female,63,1,1,0,1,0,1,-0.329763390723983,-1.4703416263018354
17,86,Medium,Medium,Yes,5,51,Medium,2,Low,Medium,Neutral,2,No,Postgraduate,Moderate,Male,66,1,1,1,0,0,1,-0.49670437015187013,0.5215865530193126
21,79,High,Low,Yes,8,99,Medium,2,Low,High,Positive,4,No,High School,Near,Male,69,2,1,0,1,0,1,0.17105954755967837,-0.08465245807842814
15,96,Medium,High,Yes,7,84,High,3,Medium,Low,Positive,1,No,Postgraduate,Near,Male,72,1,2,0,1,0,1,-0.8305863290076444,1.3876422831589421
27,75,Medium,Low,Yes,10,57,Medium,3,High,Low,Negative,3,No,High School,Near,Male,66,1,1,0,1,0,1,1.1727054241270012,-0.4310747501342799
20,71,Medium,Medium,Yes,7,65,Medium,2,Medium,Medium,Negative,4,No,High School,Moderate,Female,64,1,1,0,1,1,0,0.0041185681317912485,-0.7774970421901317
20,80,Medium,Low,Yes,8,99,Low,0,Low,High,Positive,3,No,High School,Near,Male,67,1,0,1,0,0,1,0.0041185681317912485,0.0019531149355348125
18,78,High,High,Yes,6,61,Low,1,Low,Medium,Positive,5,No,High School,Near,Male,67,2,0,1,0,0,1,-0.329763390723983,-0.1712580310923911
21,74,Low,Medium,Yes,5,88,Medium,1,Medium,High,Neutral,1,No,College,Near,Male,66,0,1,0,1,0,1,0.17105954755967837,-0.5176803231482429
25,88,Medium,Low,Yes,8,62,Low,2,Low,Medium,Neutral,2,No,High School,Near,Female,68,1,0,0,1,0,1,0.8388234652712269,0.6947976990472384
15,90,Medium,Medium,No,5,70,Medium,0,Medium,Medium,Neutral,2,No,High School,Moderate,Male,65,1,1,1,0,0,1,-0.8305863290076444,0.8680088450751643
16,94,Medium,High,Yes,8,94,High,2,Low,High,Negative,3,No,High School,Near,Male,71,1,2,1,0,0,1,-0.6636453495797573,1.2144311371310161
18,99,Medium,High,Yes,10,51,Medium,1,Medium,Low,Neutral,4,No,Postgraduate,Near,Male,71,1,1,0,1,0,1,-0.329763390723983,1.6474590022008309
12,71,Medium,Medium,Yes,8,65,Medium,1,Medium,High,Neutral,2,No,High School,Moderate,Male,62,1,1,1,0,0,1,-1.3314092672913058,-0.7774970421901317
15,89,Medium,High,Yes,8,74,Low,2,Medium,High,Positive,2,No,College,Near,Male,69,1,0,0,1,0,1,-0.8305863290076444,0.7814032720612014
17,76,Medium,Low,No,7,81,Low,4,High,Medium,Neutral,2,No,High School,Near,Male,65,1,0,1,0,0,1,-0.49670437015187013,-0.344469177120317
25,87,High,Low,No,6,51,Low,3,Medium,Medium,Neutral,3,No,Postgraduate,Near,Male,70,2,0,0,1,0,1,0.8388234652712269,0.6081921260332754
22,79,Medium,Medium,Yes,7,71,Medium,2,Low,Medium,Neutral,2,No,College,Moderate,Male,66,1,1,1,0,0,1,0.3380005269875655,-0.08465245807842814
21,100,Medium,Medium,No,6,67,Medium,0,High,Medium,Positive,3,No,High School,Far,Male,70,1,1,0,1,0,1,0.17105954755967837,1.7340645752147938
25,89,Medium,High,No,5,51,Low,2,Medium,High,Negative,2,No,Postgraduate,Moderate,Female,70,1,0,1,0,0,1,0.8388234652712269,0.7814032720612014
19,98,Low,High,Yes,7,68,Medium,1,Low,Medium,Neutral,4,No,High School,Moderate,Female,69,0,1,1,0,0,1,-0.16282241129609587,1.5608534291868679
22,93,High,Low,Yes,9,97,Medium,2,Medium,Medium,Neutral,3,Yes,High School,Near,Male,71,2,1,0,1,0,1,0.3380005269875655,1.1278255641170531
19,96,Medium,Medium,No,5,64,Medium,1,Medium,Medium,Neutral,3,No,High School,Near,Male,69,1,1,0,1,0,1,-0.16282241129609587,1.3876422831589421
22,93,High,Medium,No,9,79,Medium,2,Medium,High,Positive,2,No,Postgraduate,Near,Female,73,2,1,0,1,0,1,0.3380005269875655,1.1278255641170531
17,78,Medium,Medium,Yes,9,65,Low,1,Medium,High,Neutral,4,No,High School,Moderate,Female,65,1,0,0,1,0,1,-0.49670437015187013,-0.1712580310923911
5,70,High,High,Yes,8,55,Medium,3,Low,Medium,Neutral,3,No,High School,Near,Male,62,2,1,0,1,0,1,-2.4999961232865155,-0.8641026152040947
19,75,Medium,High,No,8,64,Medium,2,High,Low,Negative,5,No,Postgraduate,Moderate,Female,67,1,1,0,1,0,1,-0.16282241129609587,-0.4310747501342799
29,61,Low,Medium,Yes,7,74,High,1,Medium,Medium,Neutral,3,No,Postgraduate,Moderate,Male,65,0,2,0,1,0,1,1.5065873829827754,-1.6435527723297614
26,81,Low,Medium,No,7,65,Low,1,Medium,Medium,Neutral,3,No,High School,Far,Male,65,0,0,0,1,0,1,1.005764444699114,0.08855868794949777
26,80,Medium,High,Yes,6,81,Medium,0,Medium,Medium,Neutral,2,No,College,Near,Female,70,1,1,0,1,0,1,1.005764444699114,0.0019531149355348125
27,81,Medium,Medium,Yes,7,97,Low,1,Medium,Medium,Neutral,2,No,College,Near,Female,70,1,0,0,1,0,1,1.1727054241270012,0.08855868794949777
21,99,Medium,High,Yes,7,53,Medium,0,Medium,Low,Neutral,4,No,Postgraduate,Near,Female,71,1,1,0,1,0,1,0.17105954755967837,1.6474590022008309
21,96,High,Low,No,10,86,Low,1,Low,High,Neutral,3,No,College,Near,Male,71,2,0,0,1,0,1,0.17105954755967837,1.3876422831589421
16,66,Medium,Medium,Yes,8,50,Low,1,Medium,High,Neutral,4,No,High School,Moderate,Male,62,1,0,0,1,0,1,-0.6636453495797573,-1.2105249072599464
18,75,Medium,Low,No,7,50,Medium,4,Low,Medium,Positive,2,No,Postgraduate,Near,Female,65,1,1,0,1,0,1,-0.329763390723983,-0.4310747501342799
24,77,High,Medium,Yes,7,57,Medium,3,Medium,High,Positive,2,No,College,Far,Male,84,2,1,0,1,0,1,0.6718824858433398,-0.25786360410635406
27,74,Medium,Medium,Yes,6,74,Medium,2,Medium,High,Neutral,2,No,College,Far,Male,68,1,1,0,1,0,1,1.1727054241270012,-0.5176803231482429
19,92,High,Medium,Yes,6,52,Medium,3,High,Medium,Positive,1,No,High School,Near,Male,70,2,1,0,1,0,1,-0.16282241129609587,1.0412199911030902
17,81,Medium,High,No,8,86,Medium,1,Medium,Medium,Neutral,3,No,Postgraduate,Near,Male,68,1,1,1,0,0,1,-0.49670437015187013,0.08855868794949777
20,83,Medium,Medium,No,6,51,Medium,2,Low,High,Negative,4,No,Postgraduate,Near,Male,67,1,1,0,1,0,1,0.0041185681317912485,0.26176983397742365
24,94,Low,Medium,Yes,6,75,Low,1,Low,High,Negative,4,No,High School,Near,Female,69,0,0,0,1,0,1,0.6718824858433398,1.2144311371310161
11,92,High,High,Yes,6,84,Medium,2,Low,Low,Negative,1,No,High School,Near,Female,68,2,1,0,1,0,1,-1.498350246719193,1.0412199911030902
6,65,High,High,No,6,62,Medium,3,Low,Low,Neutral,1,No,High School,Near,Male,59,2,1,0,1,1,0,-2.3330551438586284,-1.2971304802739094
17,89,High,Low,Yes,9,79,Medium,0,Medium,Medium,Positive,2,No,College,Near,Female,67,2,1,0,1,1,0,-0.49670437015187013,0.7814032720612014
13,77,Medium,High,Yes,7,63,Low,0,High,Low,Positive,1,No,High School,Moderate,Male,63,1,0,0,1,0,1,-1.1644682878634187,-0.25786360410635406
17,72,High,High,Yes,7,61,Low,1,Medium,Medium,Negative,4,No,High School,Near,Female,65,2,0,0,1,0,1,-0.49670437015187013,-0.6908914691761688
19,62,Medium,Medium,No,7,91,Low,1,Low,Medium,Positive,3,No,College,Near,Male,63,1,0,0,1,0,1,-0.16282241129609587,-1.5569471993157984
17,79,Medium,Medium,No,7,67,Low,1,Low,Medium,Positive,3,No,High School,Near,Female,64,1,0,1,0,0,1,-0.49670437015187013,-0.08465245807842814
29,74,High,Medium,Yes,6,91,High,3,Low,High,Positive,4,No,College,Far,Female,72,2,2,0,1,0,1,1.5065873829827754,-0.5176803231482429
22,70,Low,Medium,Yes,5,61,High,1,Low,Medium,Negative,3,No,College,Moderate,Male,63,0,2,0,1,0,1,0.3380005269875655,-0.8641026152040947
22,88,Medium,Medium,No,9,68,Medium,2,Medium,Medium,Neutral,2,Yes,High School,Near,Male,66,1,1,0,1,1,0,0.3380005269875655,0.6947976990472384
24,91,Medium,Medium,Yes,8,55,Low,0,Medium,Low,Neutral,2,No,College,Moderate,Female,67,1,0,1,0,0,1,0.6718824858433398,0.9546144180891273
13,70,High,High,Yes,8,75,High,1,High,Medium,Positive,2,Yes,Postgraduate,Moderate,Male,66,2,2,0,1,0,1,-1.1644682878634187,-0.8641026152040947
26,62,Medium,Medium,Yes,8,69,Medium,2,Medium,High,Positive,3,No,College,Moderate,Female,66,1,1,0,1,0,1,1.005764444699114,-1.5569471993157984
20,94,Medium,Medium,Yes,10,50,Low,1,Low,High,Negative,4,Yes,Postgraduate,Near,Female,68,1,0,1,0,0,1,0.0041185681317912485,1.2144311371310161
24,60,High,High,No,6,73,Medium,1,Low,Medium,Positive,5,No,Postgraduate,Moderate,Male,66,2,1,1,0,0,1,0.6718824858433398,-1.7301583453437241
14,97,Medium,Medium,Yes,5,54,Medium,3,Medium,Medium,Negative,2,No,College,Near,Female,68,1,1,0,1,0,1,-0.9975273084355315,1.474247856172905
11,85,Medium,Medium,Yes,8,92,Low,2,Medium,Medium,Negative,4,No,High School,Far,Female,65,1,0,0,1,0,1,-1.498350246719193,0.43498098000534957
25,73,Medium,Medium,Yes,5,75,Low,0,Medium,Medium,Positive,2,No,College,Near,Female,67,1,0,1,0,0,1,0.8388234652712269,-0.6042858961622058
22,70,High,Low,No,7,85,Medium,0,High,Medium,Negative,3,No,High School,Far,Male,64,2,1,1,0,0,1,0.3380005269875655,-0.8641026152040947
15,60,Low,High,No,7,91,Low,0,Low,Medium,Negative,2,No,College,Far,Male,59,0,0,1,0,0,1,-0.8305863290076444,-1.7301583453437241
15,69,Medium,Medium,Yes,8,53,Low,0,High,Medium,Negative,3,No,High School,Near,Male,60,1,0,1,0,1,0,-0.8305863290076444,-0.9507081882180577
27,66,Low,High,No,6,67,Low,1,High,High,Negative,4,No,College,Far,Female,65,0,0,0,1,0,1,1.1727054241270012,-1.2105249072599464
13,84,Medium,Medium,Yes,9,51,High,0,Low,Medium,Negative,4,No,High School,Near,Female,64,1,2,0,1,0,1,-1.1644682878634187,0.34837540699138664
30,67,Medium,High,No,6,52,Medium,1,Low,Medium,Neutral,1,No,High School,Near,Female,66,1,1,0,1,0,1,1.6735283624106625,-1.1239193342459837
15,81,Medium,Medium,Yes,8,52,Medium,0,Medium,Medium,Neutral,2,No,Postgraduate,Near,Male,65,1,1,0,1,0,1,-0.8305863290076444,0.08855868794949777
24,84,Medium,Medium,Yes,6,74,Medium,2,Medium,High,Positive,2,No,High School,Far,Male,69,1,1,0,1,0,1,0.6718824858433398,0.34837540699138664
18,72,High,High,Yes,8,73,Medium,0,Medium,Medium,Positive,4,Yes,High School,Near,Female,66,2,1,1,0,0,1,-0.329763390723983,-0.6908914691761688
24,61,High,Medium,Yes,5,53,Medium,1,Low,High,Neutral,5,No,College,Near,Female,65,2,1,1,0,0,1,0.6718824858433398,-1.6435527723297614
17,61,High,Medium,No,7,63,Low,1,Medium,Medium,Positive,4,No,College,Moderate,Female,62,2,0,0,1,0,1,-0.49670437015187013,-1.6435527723297614
19,61,Medium,Low,No,9,62,Medium,2,Medium,Medium,Neutral,2,No,High School,Far,Female,60,1,1,0,1,0,1,-0.16282241129609587,-1.6435527723297614
20,90,Low,Medium,No,7,65,Low,4,Low,High,Positive,4,No,College,Moderate,Female,68,0,0,0,1,1,0,0.0041185681317912485,0.8680088450751643
14,73,Medium,High,Yes,9,82,Medium,1,Medium,Medium,Negative,3,No,High School,Near,Female,64,1,1,0,1,0,1,-0.9975273084355315,-0.6042858961622058
24,92,High,High,No,7,85,High,0,Medium,Medium,Positive,3,No,College,Near,Female,73,2,2,0,1,0,1,0.6718824858433398,1.0412199911030902
17,77,Medium,Medium,Yes,6,67,Low,1,Low,Medium,Positive,1,No,College,Near,Male,64,1,0,0,1,0,1,-0.49670437015187013,-0.25786360410635406
19,78,High,High,No,7,89,Medium,2,Medium,Medium,Neutral,4,No,High School,Moderate,Female,69,2,1,0,1,0,1,-0.16282241129609587,-0.1712580310923911
14,81,Low,Medium,No,8,71,Low,1,Low,High,Neutral,3,Yes,Postgraduate,Near,Female,63,0,0,0,1,0,1,-0.9975273084355315,0.08855868794949777
5,89,Medium,Medium,Yes,4,76,High,2,Medium,Medium,Neutral,3,No,College,Near,Male,65,1,2,0,1,0,1,-2.4999961232865155,0.7814032720612014
19,71,Medium,Medium,No,8,57,Medium,2,Medium,High,Positive,4,No,High School,Moderate,Male,65,1,1,0,1,0,1,-0.16282241129609587,-0.7774970421901317
34,65,Medium,Medium,Yes,6,62,High,0,Medium,High,Negative,3,No,High School,Near,Male,67,1,2,0,1,0,1,2.341292280122211,-1.2971304802739094
25,82,Medium,Medium,Yes,5,86,Medium,0,Low,Low,Positive,4,No,High School,Near,Male,67,1,1,0,1,1,0,0.8388234652712269,0.17516426096346072
20,73,Medium,Medium,No,8,99,Low,1,Medium,Medium,Positive,3,No,High School,Near,Male,66,1,0,1,0,0,1,0.0041185681317912485,-0.6042858961622058
18,78,Medium,High,Yes,9,85,High,1,Low,High,Negative,2,No,Postgraduate,Near,Male,68,1,2,1,0,0,1,-0.329763390723983,-0.1712580310923911
20,86,Medium,Low,Yes,7,53,Medium,1,Low,High,Negative,2,No,High School,Near,Male,65,1,1,0,1,0,1,0.0041185681317912485,0.5215865530193126
23,80,Low,Low,Yes,5,57,Medium,1,Low,Medium,Neutral,4,No,Postgraduate,Near,Male,66,0,1,0,1,0,1,0.5049415064154527,0.0019531149355348125
13,85,High,Low,Yes,6,72,Medium,2,Low,Medium,Positive,1,No,College,Moderate,Female,66,2,1,0,1,0,1,-1.1644682878634187,0.43498098000534957
27,82,Medium,Medium,Yes,6,87,Low,2,Low,High,Positive,2,No,High School,Near,Male,69,1,0,0,1,1,0,1.1727054241270012,0.17516426096346072
24,90,Medium,Medium,No,7,58,Medium,2,Low,Medium,Neutral,2,No,Postgraduate,Near,Male,70,1,1,1,0,0,1,0.6718824858433398,0.8680088450751643
24,88,Medium,Low,Yes,7,88,Medium,2,Medium,High,Neutral,2,No,Postgraduate,Moderate,Male,71,1,1,1,0,0,1,0.6718824858433398,0.6947976990472384
23,81,High,Medium,No,8,78,High,4,Low,Low,Positive,3,No,High School,Moderate,Male,70,2,2,0,1,0,1,0.5049415064154527,0.08855868794949777
20,87,Medium,Medium,No,8,89,Low,2,Medium,Medium,Neutral,3,No,High School,Moderate,Male,68,1,0,0,1,0,1,0.0041185681317912485,0.6081921260332754
24,95,High,High,Yes,8,78,Medium,2,Low,High,Negative,2,No,Postgraduate,Far,Female,73,2,1,0,1,0,1,0.6718824858433398,1.3010367101449791
24,77,Medium,High,No,8,80,High,1,Low,High,Positive,2,Yes,High School,Moderate,Female,68,1,2,0,1,0,1,0.6718824858433398,-0.25786360410635406
18,77,Medium,Medium,Yes,7,62,Low,2,High,Medium,Neutral,4,No,College,Near,Male,66,1,0,1,0,0,1,-0.329763390723983,-0.25786360410635406
17,91,Medium,Low,Yes,10,86,Low,1,Medium,Medium,Neutral,3,Yes,Postgraduate,Moderate,Female,67,1,0,0,1,0,1,-0.49670437015187013,0.9546144180891273
21,83,Medium,Low,Yes,8,92,Low,2,Medium,Medium,Negative,4,Yes,High School,Near,Male,66,1,0,1,0,0,1,0.17105954755967837,0.26176983397742365
29,63,Medium,High,Yes,8,94,Medium,0,Medium,High,Positive,2,No,Postgraduate,Near,Female,69,1,1,1,0,0,1,1.5065873829827754,-1.4703416263018354
13,96,Medium,Medium,No,10,51,Medium,1,Low,Low,Positive,3,No,Postgraduate,Near,Female,67,1,1,0,1,0,1,-1.1644682878634187,1.3876422831589421
11,61,Medium,Low,Yes,7,81,High,5,Medium,Low,Positive,4,Yes,High School,Near,Male,61,1,2,0,1,0,1,-1.498350246719193,-1.6435527723297614
21,90,Medium,Medium,No,6,99,Medium,2,Low,Medium,Negative,3,No,College,Near,Female,70,1,1,1,0,0,1,0.17105954755967837,0.8680088450751643
20,90,High,High,No,9,79,Medium,2,Low,Medium,Negative,2,No,High School,Near,Female,70,2,1,0,1,0,1,0.0041185681317912485,0.8680088450751643
21,98,Medium,Medium,Yes,9,59,High,3,Medium,Medium,Neutral,3,Yes,College,Near,Female,70,1,2,0,1,1,0,0.17105954755967837,1.5608534291868679
21,62,Medium,Medium,No,7,94,Low,1,Low,High,Positive,3,No,College,Moderate,Female,64,1,0,1,0,0,1,0.17105954755967837,-1.5569471993157984
19,84,High,Medium,No,10,63,Medium,0,Low,Medium,Negative,3,No,College,Far,Female,65,2,1,0,1,0,1,-0.16282241129609587,0.34837540699138664
29,77,Medium,Medium,No,7,52,Medium,5,Low,Medium,Positive,4,No,College,Near,Female,70,1,1,0,1,0,1,1.5065873829827754,-0.25786360410635406
10,73,Low,High,Yes,8,72,Low,1,Low,High,Positive,2,No,College,Moderate,Female,62,0,0,0,1,0,1,-1.66529122614708,-0.6042858961622058
15,64,High,High,Yes,9,55,High,1,Medium,Low,Neutral,3,No,College,Near,Female,64,2,2,0,1,0,1,-0.8305863290076444,-1.3837360532878724
19,83,Medium,High,Yes,7,56,Medium,1,Medium,Low,Positive,3,No,College,Far,Female,67,1,1,1,0,0,1,-0.16282241129609587,0.26176983397742365
10,79,High,Medium,No,8,73,High,1,Low,Low,Neutral,4,No,High School,Near,Female,63,2,2,0,1,1,0,-1.66529122614708,-0.08465245807842814
19,64,Low,Medium,Yes,9,81,High,0,Medium,High,Neutral,3,Yes,High School,Near,Male,62,0,2,0,1,0,1,-0.16282241129609587,-1.3837360532878724
30,84,Low,Medium,No,6,95,Medium,2,High,High,Negative,2,No,College,Near,Male,72,0,1,0,1,0,1,1.6735283624106625,0.34837540699138664
20,90,Low,Medium,No,6,85,High,3,Low,High,Neutral,2,No,College,Near,Male,69,0,2,1,0,1,0,0.0041185681317912485,0.8680088450751643
21,91,Medium,High,Yes,9,92,Medium,5,Low,Medium,Negative,2,No,High School,Near,Male,72,1,1,1,0,0,1,0.17105954755967837,0.9546144180891273
12,96,Low,Medium,Yes,7,71,High,2,Medium,Medium,Positive,2,No,College,Near,Male,68,0,2,1,0,0,1,-1.3314092672913058,1.3876422831589421
16,76,Low,Medium,No,6,66,Low,1,Medium,Medium,Neutral,3,No,Postgraduate,Near,Female,64,0,0,1,0,0,1,-0.6636453495797573,-0.344469177120317
18,98,High,High,Yes,7,80,Low,3,Low,Medium,Neutral,1,No,College,Near,Female,72,2,0,1,0,0,1,-0.329763390723983,1.5608534291868679
18,95,High,High,Yes,8,85,Low,2,Low,High,Positive,3,No,College,Near,Female,73,2,0,0,1,0,1,-0.329763390723983,1.3010367101449791
28,72,High,Medium,Yes,5,78,Low,5,Medium,Low,Negative,2,No,College,Far,Male,67,2,0,1,0,1,0,1.3396464035548883,-0.6908914691761688
23,66,High,Low,Yes,8,63,Medium,0,Low,Medium,Negative,4,No,College,Near,Female,64,2,1,0,1,0,1,0.5049415064154527,-1.2105249072599464
13,77,Medium,Medium,Yes,8,68,Low,3,High,Medium,Neutral,3,No,High School,Near,Female,65,1,0,1,0,0,1,-1.1644682878634187,-0.25786360410635406
21,76,High,High,Yes,9,72,Low,1,Low,High,Neutral,3,No,High School,Moderate,Female,67,2,0,0,1,0,1,0.17105954755967837,-0.344469177120317
23,83,Medium,Medium,Yes,7,51,Low,3,Medium,High,Neutral,2,No,College,Moderate,Male,68,1,0,0,1,0,1,0.5049415064154527,0.26176983397742365
27,83,Medium,High,Yes,9,94,Medium,2,Low,High,Positive,2,No,High School,Near,Male,72,1,1,0,1,0,1,1.1727054241270012,0.26176983397742365
29,90,High,Low,Yes,7,76,Low,1,Medium,Low,Positive,3,No,High School,Moderate,Female,71,2,0,0,1,0,1,1.5065873829827754,0.8680088450751643
14,80,Medium,Medium,Yes,7,88,Medium,1,Medium,Medium,Neutral,3,No,High School,Near,Male,66,1,1,1,0,0,1,-0.9975273084355315,0.0019531149355348125
15,64,High,Medium,No,7,59,Low,0,Low,Medium,Neutral,3,Yes,High School,Near,Female,59,2,0,0,1,0,1,-0.8305863290076444,-1.3837360532878724
12,94,Medium,Medium,Yes,10,78,Medium,1,Medium,High,Neutral,2,No,High School,Near,Female,68,1,1,0,1,0,1,-1.3314092672913058,1.2144311371310161
19,72,Low,High,Yes,5,96,Low,3,Low,Low,Positive,2,No,High School,Moderate,Female,64,0,0,0,1,1,0,-0.16282241129609587,-0.6908914691761688
23,99,Low,Medium,No,8,61,Low,2,High,High,Positive,3,Yes,High School,Near,Female,70,0,0,1,0,0,1,0.5049415064154527,1.6474590022008309
26,65,Low,Medium,Yes,7,67,Medium,4,High,Medium,Negative,3,No,High School,Moderate,Female,65,0,1,1,0,0,1,1.005764444699114,-1.2971304802739094
20,98,High,Medium,Yes,7,69,High,2,High,High,Negative,2,No,College,Near,Female,72,2,2,0,1,1,0,0.0041185681317912485,1.5608534291868679
18,64,High,High,No,8,69,Medium,3,High,Medium,Positive,3,No,College,Moderate,Male,66,2,1,0,1,0,1,-0.329763390723983,-1.3837360532878724
21,69,Medium,Medium,Yes,9,80,High,2,Medium,High,Positive,5,No,College,Near,Male,68,1,2,0,1,0,1,0.17105954755967837,-0.9507081882180577
15,62,Medium,High,No,8,70,Medium,1,Low,Medium,Positive,3,No,College,Near,Male,62,1,1,1,0,0,1,-0.8305863290076444,-1.5569471993157984
33,88,Medium,Low,No,9,84,Medium,1,Low,Medium,Negative,3,No,High School,Near,Male,70,1,1,0,1,0,1,2.174351300694324,0.6947976990472384
10,94,High,Medium,Yes,7,74,High,3,High,Medium,Positive,3,No,College,Moderate,Male,70,2,2,0,1,0,1,-1.66529122614708,1.2144311371310161
21,77,Medium,Low,Yes,7,58,Medium,0,Low,High,Negative,3,No,College,Near,Male,64,1,1,0,1,0,1,0.17105954755967837,-0.25786360410635406
32,97,High,Low,Yes,5,97,Low,1,Low,High,Positive,5,No,College,Moderate,Female,76,2,0,0,1,0,1,2.0074103212664367,1.474247856172905
20,84,Medium,Medium,Yes,10,62,High,1,Medium,Medium,Neutral,2,No,College,Moderate,Male,67,1,2,0,1,0,1,0.0041185681317912485,0.34837540699138664
19,85,High,High,No,7,78,Low,2,Low,High,Negative,3,No,College,Near,Male,69,2,0,1,0,0,1,-0.16282241129609587,0.43498098000534957
18,94,Medium,Low,Yes,7,53,Medium,4,Medium,High,Positive,3,No,High School,Far,Female,68,1,1,0,1,0,1,-0.329763390723983,1.2144311371310161
19,72,Medium,Medium,Yes,8,96,Low,1,Medium,High,Positive,2,No,Postgraduate,Moderate,Female,67,1,0,0,1,0,1,-0.16282241129609587,-0.6908914691761688
28,74,Medium,Medium,Yes,9,96,Low,0,High,High,Neutral,3,No,High School,Near,Female,69,1,0,1,0,0,1,1.3396464035548883,-0.5176803231482429
7,96,High,Medium,Yes,6,68,Medium,2,Low,High,Neutral,1,No,High School,Near,Female,67,2,1,0,1,0,1,-2.1661141644307413,1.3876422831589421
29,96,High,High,Yes,9,56,Low,0,Low,High,Neutral,4,No,High School,Near,Male,73,2,0,1,0,0,1,1.5065873829827754,1.3876422831589421
11,99,Medium,High,Yes,7,88,High,4,Medium,Low,Neutral,3,No,College,Near,Male,71,1,2,1,0,1,0,-1.498350246719193,1.6474590022008309
18,96,Medium,Low,No,9,63,Medium,4,Low,Medium,Neutral,3,No,Postgraduate,Near,Male,70,1,1,1,0,0,1,-0.329763390723983,1.3876422831589421
17,65,High,Medium,Yes,6,85,Medium,1,Low,Medium,Neutral,3,No,High School,Near,Male,65,2,1,1,0,0,1,-0.49670437015187013,-1.2971304802739094
24,93,High,Medium,Yes,8,96,Medium,0,Medium,Medium,Positive,1,No,Postgraduate,Moderate,Male,73,2,1,0,1,0,1,0.6718824858433398,1.1278255641170531
10,76,Medium,Medium,Yes,7,80,Medium,1,Low,High,Positive,4,No,Postgraduate,Near,Female,65,1,1,0,1,0,1,-1.66529122614708,-0.344469177120317
23,100,Low,Medium,Yes,5,93,Medium,4,Low,Medium,Neutral,3,No,Postgraduate,Moderate,Male,73,0,1,1,0,0,1,0.5049415064154527,1.7340645752147938
32,79,Low,High,Yes,5,61,Medium,0,Low,High,Positive,3,No,College,Near,Male,70,0,1,0,1,0,1,2.0074103212664367,-0.08465245807842814
12,82,High,Medium,Yes,6,96,High,0,Low,Low,Positive,4,Yes,College,Near,Male,66,2,2,1,0,0,1,-1.3314092672913058,0.17516426096346072
21,81,Low,Medium,Yes,8,61,High,3,Medium,Low,Negative,5,No,High School,Moderate,Female,66,0,2,0,1,0,1,0.17105954755967837,0.08855868794949777
16,73,Medium,Medium,Yes,4,61,Low,4,Low,High,Neutral,5,No,High School,Moderate,Male,64,1,0,1,0,0,1,-0.6636453495797573,-0.6042858961622058
23,63,Medium,Medium,Yes,8,94,High,2,Medium,Medium,Neutral,5,No,Postgraduate,Near,Male,68,1,2,0,1,0,1,0.5049415064154527,-1.4703416263018354
20,96,Medium,Medium,No,7,78,Medium,1,High,High,Neutral,2,No,High School,Near,Male,70,1,1,0,1,0,1,0.0041185681317912485,1.3876422831589421
16,92,Medium,Medium,Yes,4,90,High,6,High,Medium,Neutral,3,No,High School,Near,Male,72,1,2,1,0,0,1,-0.6636453495797573,1.0412199911030902
23,66,Medium,High,No,6,90,Medium,2,Low,Medium,Neutral,3,No,High School,Near,Male,66,1,1,0,1,0,1,0.5049415064154527,-1.2105249072599464
31,91,Medium,Medium,Yes,6,82,Medium,2,Medium,High,Positive,3,No,High School,Near,Male,74,1,1,0,1,0,1,1.8404693418385496,0.9546144180891273
19,85,High,Medium,No,7,59,Low,0,Medium,High,Negative,4,No,College,Moderate,Male,67,2,0,1,0,0,1,-0.16282241129609587,0.43498098000534957
24,76,High,High,Yes,9,85,Medium,2,Low,Medium,Positive,2,No,Postgraduate,Near,Female,71,2,1,1,0,0,1,0.6718824858433398,-0.344469177120317
12,70,Low,High,Yes,9,53,Medium,2,Low,Medium,Neutral,2,Yes,High School,Near,Male,60,0,1,0,1,0,1,-1.3314092672913058,-0.8641026152040947
14,94,Low,Medium,No,6,60,Medium,3,High,Medium,Neutral,3,No,College,Near,Female,68,0,1,0,1,0,1,-0.9975273084355315,1.2144311371310161
23,88,Medium,Medium,No,6,82,Medium,0,Medium,Medium,Negative,3,No,College,Near,Male,69,1,1,1,0,0,1,0.5049415064154527,0.6947976990472384
29,82,High,High,No,5,95,Medium,2,Medium,High,Neutral,3,No,College,Near,Male,74,2,1,0,1,0,1,1.5065873829827754,0.17516426096346072
22,84,High,Medium,Yes,6,89,Medium,2,Medium,Medium,Neutral,3,No,High School,Near,Male,71,2,1,0,1,0,1,0.3380005269875655,0.34837540699138664
18,64,High,Medium,Yes,6,67,High,0,Low,Medium,Negative,4,No,College,Near,Male,63,2,2,1,0,0,1,-0.329763390723983,-1.3837360532878724
20,79,High,Low,Yes,7,91,High,2,Low,Medium,Negative,4,Yes,College,Moderate,Male,66,2,2,1,0,1,0,0.0041185681317912485,-0.08465245807842814
12,68,Medium,High,No,7,98,Medium,1,Medium,High,Neutral,4,No,High School,Near,Male,65,1,1,1,0,0,1,-1.3314092672913058,-1.0373137612320207
24,68,Low,Low,No,6,67,High,0,Low,High,Positive,3,Yes,High School,Far,Female,60,0,2,1,0,1,0,0.6718824858433398,-1.0373137612320207
25,86,Medium,Low,Yes,6,59,Medium,3,Low,Medium,Positive,3,No,High School,Near,Female,69,1,1,0,1,0,1,0.8388234652712269,0.5215865530193126
17,96,High,Medium,No,6,60,Medium,1,Low,Medium,Neutral,3,No,College,Near,Female,69,2,1,0,1,0,1,-0.49670437015187013,1.3876422831589421
17,76,Medium,High,Yes,6,70,Low,2,High,Medium,Neutral,4,No,Postgraduate,Moderate,Male,67,1,0,0,1,0,1,-0.49670437015187013,-0.344469177120317
22,68,High,Medium,Yes,9,53,High,1,Medium,Medium,Neutral,2,No,High School,Moderate,Female,65,2,2,0,1,0,1,0.3380005269875655,-1.0373137612320207
17,86,High,High,Yes,8,74,Medium,1,Low,High,Neutral,4,No,College,Near,Male,70,2,1,1,0,0,1,-0.49670437015187013,0.5215865530193126
20,95,High,Medium,Yes,8,87,Low,0,Low,Medium,Positive,3,No,Postgraduate,Moderate,Female,71,2,0,1,0,0,1,0.0041185681317912485,1.3010367101449791
33,90,Low,Medium,Yes,9,77,Medium,3,Medium,High,Negative,6,Yes,Postgraduate,Moderate,Male,73,0,1,0,1,0,1,2.174351300694324,0.8680088450751643
19,95,Low,High,Yes,8,99,Medium,0,Low,Medium,Neutral,2,No,Postgraduate,Moderate,Male,70,0,1,0,1,0,1,-0.16282241129609587,1.3010367101449791
18,81,High,Low,Yes,9,73,High,1,Medium,High,Neutral,2,No,High School,Near,Female,67,2,2,0,1,0,1,-0.329763390723983,0.08855868794949777
16,90,Low,High,Yes,8,51,Medium,1,High,Medium,Neutral,5,No,High School,Moderate,Female,67,0,1,0,1,0,1,-0.6636453495797573,0.8680088450751643
24,66,Low,High,No,7,74,Medium,0,High,High,Neutral,2,No,College,Moderate,Male,65,0,1,0,1,0,1,0.6718824858433398,-1.2105249072599464
19,74,High,High,Yes,6,96,Medium,2,High,Medium,Neutral,3,No,College,Near,Male,69,2,1,0,1,0,1,-0.16282241129609587,-0.5176803231482429
16,76,High,High,Yes,6,55,Medium,1,Low,Medium,Positive,1,No,Postgraduate,Near,Male,65,2,1,0,1,1,0,-0.6636453495797573,-0.344469177120317
28,80,Medium,High,Yes,8,61,Low,1,Low,Medium,Negative,3,No,College,Far,Female,68,1,0,1,0,0,1,1.3396464035548883,0.0019531149355348125
29,97,High,Medium,No,7,86,Medium,0,Medium,Medium,Positive,3,No,College,Near,Female,74,2,1,0,1,0,1,1.5065873829827754,1.474247856172905
16,95,Low,Medium,Yes,5,65,High,0,Medium,Medium,Neutral,3,No,College,Near,Female,68,0,2,1,0,0,1,-0.6636453495797573,1.3010367101449791
9,65,Medium,Medium,No,4,88,Low,1,Low,Medium,Positive,3,No,College,Near,Male,61,1,0,0,1,0,1,-1.8322322055749671,-1.2971304802739094
26,67,Medium,Low,Yes,10,71,High,3,Low,Medium,Neutral,3,No,Postgraduate,Near,Male,67,1,2,0,1,0,1,1.005764444699114,-1.1239193342459837
16,74,High,High,Yes,6,90,Medium,1,Low,Medium,Negative,4,Yes,High School,Near,Female,66,2,1,1,0,0,1,-0.6636453495797573,-0.5176803231482429
25,72,Low,Low,Yes,6,78,Low,8,Medium,High,Positive,4,No,High School,Near,Male,69,0,0,0,1,0,1,0.8388234652712269,-0.6908914691761688
8,85,Medium,Low,Yes,9,54,Low,1,Low,High,Positive,3,No,High School,Near,Male,62,1,0,1,0,0,1,-1.9991731850028542,0.43498098000534957
25,96,Medium,High,Yes,5,69,Low,0,Low,Medium,Neutral,4,No,High School,Moderate,Male,71,1,0,0,1,0,1,0.8388234652712269,1.3876422831589421
13,98,High,High,Yes,8,67,Medium,1,Medium,Medium,Positive,4,No,Postgraduate,Moderate,Female,71,2,1,1,0,0,1,-1.1644682878634187,1.5608534291868679
24,86,Medium,High,Yes,10,91,Low,0,Low,High,Positive,4,No,College,Near,Female,72,1,0,1,0,0,1,0.6718824858433398,0.5215865530193126
20,94,Medium,High,Yes,10,81,Low,1,Medium,High,Neutral,5,Yes,High School,Far,Female,69,1,0,0,1,0,1,0.0041185681317912485,1.2144311371310161
14,81,Low,Medium,No,6,89,Medium,6,Low,High,Neutral,3,No,College,Near,Female,67,0,1,1,0,1,0,-0.9975273084355315,0.08855868794949777
18,68,Medium,High,No,7,69,Medium,1,Low,High,Neutral,4,Yes,High School,Moderate,Female,63,1,1,0,1,0,1,-0.329763390723983,-1.0373137612320207
24,81,Medium,Medium,Yes,6,85,Medium,1,Medium,High,Neutral,4,No,College,Moderate,Male,68,1,1,0,1,1,0,0.6718824858433398,0.08855868794949777
21,82,High,High,Yes,7,53,Low,0,High,Medium,Positive,2,No,Postgraduate,Near,Male,69,2,0,0,1,0,1,0.17105954755967837,0.17516426096346072
24,90,Medium,Low,Yes,9,52,Low,0,Low,Medium,Negative,3,Yes,College,Near,Female,65,1,0,0,1,0,1,0.6718824858433398,0.8680088450751643
32,69,High,High,Yes,5,64,Medium,0,Medium,Medium,Negative,3,No,Postgraduate,Near,Female,70,2,1,0,1,0,1,2.0074103212664367,-0.9507081882180577
11,75,Medium,Medium,No,8,89,Medium,2,High,High,Positive,4,No,College,Moderate,Male,65,1,1,1,0,0,1,-1.498350246719193,-0.4310747501342799
30,75,Medium,Medium,No,7,77,Medium,0,Low,Medium,Positive,2,No,High School,Moderate,Male,67,1,1,0,1,0,1,1.6735283624106625,-0.4310747501342799
21,98,Medium,High,Yes,9,70,Medium,0,Low,High,Positive,1,No,College,Near,Male,72,1,1,0,1,0,1,0.17105954755967837,1.5608534291868679
15,78,Medium,High,Yes,9,95,High,1,High,High,Positive,3,No,High School,Near,Male,69,1,2,0,1,0,1,-0.8305863290076444,-0.1712580310923911
12,90,High,High,Yes,6,75,Low,2,Medium,Medium,Neutral,3,No,Postgraduate,Near,Male,69,2,0,0,1,1,0,-1.3314092672913058,0.8680088450751643
19,90,High,Low,No,7,81,Medium,4,High,High,Neutral,4,Yes,College,Near,Female,71,2,1,0,1,0,1,-0.16282241129609587,0.8680088450751643
26,71,Medium,Low,Yes,8,99,Medium,1,Medium,High,Positive,3,No,High School,Far,Male,67,1,1,0,1,0,1,1.005764444699114,-0.7774970421901317
19,83,Low,Low,No,8,76,Low,3,Low,Low,Neutral,3,No,Postgraduate,Near,Female,65,0,0,0,1,0,1,-0.16282241129609587,0.26176983397742365
29,96,Low,Low,No,4,89,Medium,2,Low,High,Neutral,2,No,High School,Far,Female,70,0,1,0,1,0,1,1.5065873829827754,1.3876422831589421
11,79,Medium,Medium,No,8,71,Low,1,Medium,Medium,Positive,2,No,College,Moderate,Female,63,1,0,1,0,0,1,-1.498350246719193,-0.08465245807842814
20,98,High,High,Yes,9,52,Medium,0,Medium,Medium,Positive,3,No,College,Far,Male,71,2,1,1,0,0,1,0.0041185681317912485,1.5608534291868679
12,69,High,Medium,Yes,7,92,Low,1,Medium,Medium,Neutral,3,No,College,Near,Female,64,2,0,0,1,0,1,-1.3314092672913058,-0.9507081882180577
22,63,Medium,High,Yes,8,97,High,5,Medium,Medium,Neutral,3,No,High School,Near,Male,69,1,2,1,0,0,1,0.3380005269875655,-1.4703416263018354
25,96,Low,Medium,No,9,72,Low,0,Low,Medium,Positive,3,No,High School,Near,Male,69,0,0,1,0,0,1,0.8388234652712269,1.3876422831589421
17,94,Medium,Medium,Yes,7,75,Medium,1,Low,High,Positive,3,No,Postgraduate,Moderate,Male,70,1,1,0,1,0,1,-0.49670437015187013,1.2144311371310161
4,100,High,Low,No,8,71,Low,2,Low,Medium,Negative,4,No,High School,Moderate,Female,64,2,0,1,0,0,1,-2.6669371027144027,1.7340645752147938
21,87,Medium,High,No,7,100,Low,1,Low,Medium,Positive,3,No,High School,Near,Male,70,1,0,0,1,0,1,0.17105954755967837,0.6081921260332754
23,97,Medium,High,No,7,95,Medium,0,Medium,High,Positive,4,No,Postgraduate,Moderate,Female,74,1,1,1,0,0,1,0.5049415064154527,1.474247856172905
22,93,Medium,Medium,Yes,6,52,Medium,1,Low,Medium,Negative,3,No,College,Near,Female,69,1,1,0,1,0,1,0.3380005269875655,1.1278255641170531
27,94,Low,Medium,Yes,7,89,Medium,3,Low,Medium,Positive,2,No,College,Near,Female,73,0,1,1,0,0,1,1.1727054241270012,1.2144311371310161
14,83,Medium,Medium,Yes,10,80,Medium,1,Medium,High,Neutral,3,Yes,College,Near,Female,66,1,1,1,0,0,1,-0.9975273084355315,0.26176983397742365
24,75,High,High,Yes,6,51,High,1,Medium,High,Negative,3,No,High School,Near,Male,67,2,2,0,1,1,0,0.6718824858433398,-0.4310747501342799
27,97,High,High,No,8,72,Medium,6,Low,Medium,Neutral,2,No,College,Near,Female,76,2,1,0,1,0,1,1.1727054241270012,1.474247856172905
9,77,Medium,Medium,No,7,57,Low,2,Medium,Low,Negative,3,No,High School,Near,Male,61,1,0,0,1,0,1,-1.8322322055749671,-0.25786360410635406
22,82,Low,Medium,Yes,9,94,High,0,Medium,Medium,Positive,4,No,High School,Moderate,Female,68,0,2,0,1,0,1,0.3380005269875655,0.17516426096346072
17,78,Medium,Low,Yes,9,51,High,1,Low,Medium,Neutral,3,No,High School,Moderate,Male,63,1,2,1,0,0,1,-0.49670437015187013,-0.1712580310923911
20,83,High,Low,Yes,6,94,Medium,1,Low,Medium,Neutral,2,No,High School,Near,Male,67,2,1,0,1,0,1,0.0041185681317912485,0.26176983397742365
22,79,Low,Low,Yes,6,97,Low,3,High,Medium,Negative,3,No,High School,Moderate,Male,66,0,0,0,1,0,1,0.3380005269875655,-0.08465245807842814
17,62,High,Low,Yes,6,54,Low,2,Medium,High,Neutral,3,No,College,Near,Male,62,2,0,0,1,0,1,-0.49670437015187013,-1.5569471993157984
16,95,High,Low,Yes,6,86,Medium,0,Low,High,Neutral,3,No,High School,Near,Male,69,2,1,1,0,0,1,-0.6636453495797573,1.3010367101449791
20,78,Medium,Medium,No,6,77,Medium,3,Medium,Medium,Positive,3,No,High School,Moderate,Male,67,1,1,1,0,0,1,0.0041185681317912485,-0.1712580310923911
13,84,Medium,Medium,No,8,98,Low,2,Medium,Medium,Positive,2,No,College,Moderate,Female,66,1,0,0,1,1,0,-1.1644682878634187,0.34837540699138664
13,66,High,Medium,Yes,6,90,Medium,2,Low,Medium,Positive,3,Yes,High School,Moderate,Male,63,2,1,0,1,0,1,-1.1644682878634187,-1.2105249072599464
24,60,Medium,Medium,No,6,85,Low,1,High,Medium,Neutral,2,No,Postgraduate,Moderate,Male,64,1,0,0,1,0,1,0.6718824858433398,-1.7301583453437241
13,70,Low,Medium,Yes,6,96,High,2,Medium,Medium,Negative,5,No,Postgraduate,Moderate,Male,64,0,2,1,0,0,1,-1.1644682878634187,-0.8641026152040947
24,88,Low,Medium,No,8,58,Medium,1,Low,High,Negative,3,No,High School,Near,Male,67,0,1,0,1,0,1,0.6718824858433398,0.6947976990472384
23,64,Low,Medium,Yes,7,69,High,4,High,Medium,Positive,3,No,High School,Moderate,Male,66,0,2,0,1,0,1,0.5049415064154527,-1.3837360532878724
10,96,High,High,Yes,7,92,Medium,1,Low,Low,Neutral,1,No,High School,Near,Female,68,2,1,0,1,0,1,-1.66529122614708,1.3876422831589421
16,69,Medium,High,Yes,6,55,Medium,1,Medium,High,Negative,1,No,High School,Moderate,Male,62,1,1,0,1,0,1,-0.6636453495797573,-0.9507081882180577
27,68,Medium,Medium,Yes,5,97,Low,1,Medium,Medium,Negative,4,No,College,Near,Male,68,1,0,0,1,0,1,1.1727054241270012,-1.0373137612320207
14,67,High,Low,No,9,87,Medium,1,Medium,Medium,Positive,3,No,High School,Near,Male,63,2,1,1,0,0,1,-0.9975273084355315,-1.1239193342459837
17,61,Medium,High,No,7,72,Low,1,Medium,High,Neutral,2,No,High School,Moderate,Male,62,1,0,0,1,0,1,-0.49670437015187013,-1.6435527723297614
23,91,High,High,No,10,67,High,2,Low,Medium,Positive,2,No,College,Near,Male,72,2,2,0,1,0,1,0.5049415064154527,0.9546144180891273
25,95,Medium,Low,No,8,57,Low,4,Low,Medium,Neutral,3,No,High School,Moderate,Female,69,1,0,0,1,0,1,0.8388234652712269,1.3010367101449791
18,85,Medium,Low,Yes,10,55,High,3,Medium,High,Neutral,3,No,High School,Near,Male,67,1,2,0,1,0,1,-0.329763390723983,0.43498098000534957
16,68,Medium,High,Yes,8,71,Medium,1,High,High,Neutral,3,No,High School,Moderate,Male,65,1,1,1,0,0,1,-0.6636453495797573,-1.0373137612320207
29,71,High,Medium,No,7,92,Low,1,Low,Medium,Positive,3,No,High School,Near,Female,69,2,0,0,1,0,1,1.5065873829827754,-0.7774970421901317
30,79,High,High,Yes,6,77,Medium,1,Low,Medium,Positive,2,No,High School,Near,Male,72,2,1,0,1,0,1,1.6735283624106625,-0.08465245807842814
26,98,Low,Medium,Yes,6,73,Medium,2,Low,Low,Negative,3,No,High School,Near,Female,70,0,1,0,1,0,1,1.005764444699114,1.5608534291868679
21,70,High,High,No,9,66,Medium,1,Medium,Low,Neutral,4,No,College,Moderate,Male,91,2,1,0,1,0,1,0.17105954755967837,-0.8641026152040947
15,89,High,Low,Yes,7,58,Low,2,Low,Medium,Negative,3,No,High School,Moderate,Male,65,2,0,0,1,0,1,-0.8305863290076444,0.7814032720612014
15,78,Low,Medium,Yes,8,100,Low,0,Low,Medium,Negative,3,Yes,High School,Near,Female,62,0,0,0,1,0,1,-0.8305863290076444,-0.1712580310923911
23,72,Low,High,Yes,8,51,Medium,2,Low,Medium,Positive,3,No,College,Far,Male,65,0,1,1,0,0,1,0.5049415064154527,-0.6908914691761688
23,78,Medium,Medium,Yes,8,66,Medium,1,Medium,High,Neutral,1,No,College,Moderate,Female,67,1,1,0,1,0,1,0.5049415064154527,-0.1712580310923911
28,63,Medium,Low,No,6,88,High,4,Medium,High,Neutral,4,No,High School,Far,Male,67,1,2,0,1,0,1,1.3396464035548883,-1.4703416263018354
24,92,Medium,High,No,9,76,Medium,2,High,Medium,Positive,2,No,High School,Near,Female,72,1,1,0,1,0,1,0.6718824858433398,1.0412199911030902
11,70,Medium,Low,Yes,7,66,Low,1,Medium,High,Negative,3,No,High School,Near,Female,60,1,0,0,1,0,1,-1.498350246719193,-0.8641026152040947
26,89,Medium,Low,No,7,100,Low,0,Medium,Low,Neutral,3,No,High School,Near,Female,69,1,0,0,1,0,1,1.005764444699114,0.7814032720612014
14,63,Medium,Medium,No,8,81,Low,0,Medium,Low,Positive,5,No,High School,Near,Female,61,1,0,1,0,0,1,-0.9975273084355315,-1.4703416263018354
18,98,Low,Medium,Yes,7,65,Medium,1,High,Medium,Neutral,4,No,Postgraduate,Near,Female,70,0,1,1,0,0,1,-0.329763390723983,1.5608534291868679
22,68,Medium,High,No,4,92,High,2,High,Medium,Neutral,3,No,High School,Near,Male,68,1,2,0,1,0,1,0.3380005269875655,-1.0373137612320207
32,95,Medium,High,Yes,9,58,Medium,2,Medium,Medium,Positive,4,No,High School,Near,Male,75,1,1,1,0,0,1,2.0074103212664367,1.3010367101449791
39,92,Medium,Medium,No,9,73,Medium,1,Medium,Medium,Negative,4,No,Postgraduate,Moderate,Male,75,1,1,0,1,0,1,3.1759971772616464,1.0412199911030902
24,99,High,Medium,No,4,92,Low,2,High,Medium,Neutral,3,No,High School,Far,Male,72,2,0,1,0,0,1,0.6718824858433398,1.6474590022008309
19,79,Low,Medium,Yes,5,99,High,1,Low,Medium,Negative,4,No,College,Moderate,Female,66,0,2,1,0,0,1,-0.16282241129609587,-0.08465245807842814
23,89,Low,High,No,10,69,Low,5,Medium,Medium,Neutral,4,No,High School,Near,Male,71,0,0,0,1,0,1,0.5049415064154527,0.7814032720612014
25,75,Low,High,No,7,57,High,4,Low,High,Positive,5,No,College,Near,Male,70,0,2,0,1,0,1,0.8388234652712269,-0.4310747501342799
18,67,Medium,High,Yes,7,78,Low,2,Medium,Medium,Negative,3,Yes,High School,Near,Female,63,1,0,0,1,0,1,-0.329763390723983,-1.1239193342459837
31,78,High,High,Yes,6,97,Low,0,Medium,High,Neutral,3,No,High School,Near,Male,72,2,0,0,1,0,1,1.8404693418385496,-0.1712580310923911
21,67,Medium,Medium,Yes,5,83,Medium,1,Low,High,Neutral,5,No,High School,Near,Male,65,1,1,1,0,0,1,0.17105954755967837,-1.1239193342459837
23,99,Medium,Medium,Yes,7,80,Low,3,Low,Low,Neutral,2,No,High School,Near,Male,71,1,0,1,0,0,1,0.5049415064154527,1.6474590022008309
24,64,Medium,Medium,Yes,8,65,Medium,0,Medium,Medium,Positive,3,No,College,Near,Female,65,1,1,0,1,0,1,0.6718824858433398,-1.3837360532878724
23,84,Medium,Low,Yes,7,80,Medium,1,Medium,High,Positive,3,No,College,Moderate,Female,69,1,1,1,0,0,1,0.5049415064154527,0.34837540699138664
25,85,Medium,Low,Yes,8,94,Medium,3,Medium,High,Positive,3,No,High School,Moderate,Male,71,1,1,0,1,0,1,0.8388234652712269,0.43498098000534957
16,82,Medium,High,Yes,10,69,Medium,2,Low,Medium,Positive,4,No,College,Near,Male,68,1,1,0,1,0,1,-0.6636453495797573,0.17516426096346072
17,86,Low,Medium,No,6,62,Low,2,Medium,High,Positive,4,No,High School,Near,Female,66,0,0,0,1,0,1,-0.49670437015187013,0.5215865530193126
13,65,High,Medium,No,7,74,Low,0,High,Medium,Neutral,2,Yes,High School,Moderate,Male,60,2,0,0,1,0,1,-1.1644682878634187,-1.2971304802739094
23,82,Medium,Medium,No,9,69,Medium,0,High,Medium,Positive,3,No,High School,Near,Female,68,1,1,0,1,0,1,0.5049415064154527,0.17516426096346072
25,71,Medium,High,Yes,6,73,Medium,1,Low,Medium,Neutral,4,No,High School,Near,Female,67,1,1,1,0,0,1,0.8388234652712269,-0.7774970421901317
23,98,Medium,Low,No,7,55,Medium,3,High,High,Neutral,4,No,High School,Near,Male,71,1,1,1,0,0,1,0.5049415064154527,1.5608534291868679
30,90,High,Medium,No,10,67,High,2,Medium,Medium,Neutral,6,No,High School,Near,Male,74,2,2,1,0,0,1,1.6735283624106625,0.8680088450751643
20,99,Low,Medium,No,6,91,Medium,2,Medium,Low,Negative,4,No,High School,Near,Male,70,0,1,0,1,0,1,0.0041185681317912485,1.6474590022008309
24,62,Low,High,No,9,70,Low,2,Low,Medium,Positive,2,No,College,Moderate,Female,63,0,0,0,1,0,1,0.6718824858433398,-1.5569471993157984
13,71,Medium,Medium,No,7,98,Medium,0,Medium,Medium,Positive,3,No,College,Near,Male,64,1,1,0,1,0,1,-1.1644682878634187,-0.7774970421901317
18,68,Medium,High,Yes,10,85,High,3,Low,Medium,Neutral,3,No,High School,Near,Male,66,1,2,0,1,0,1,-0.329763390723983,-1.0373137612320207
24,60,Medium,Medium,Yes,5,68,Medium,0,Medium,Low,Neutral,3,No,Postgraduate,Near,Female,64,1,1,0,1,0,1,0.6718824858433398,-1.7301583453437241
25,70,High,High,Yes,7,63,Medium,1,Medium,High,Positive,3,No,College,Moderate,Male,69,2,1,1,0,0,1,0.8388234652712269,-0.8641026152040947
18,87,Medium,High,Yes,5,84,Medium,2,Medium,Low,Positive,4,No,Postgraduate,Near,Male,71,1,1,1,0,0,1,-0.329763390723983,0.6081921260332754
20,69,High,Medium,No,6,65,Medium,1,Low,Medium,Neutral,2,No,High School,Near,Female,64,2,1,0,1,0,1,0.0041185681317912485,-0.9507081882180577
11,80,Medium,Medium,Yes,6,96,Low,1,Low,High,Neutral,3,No,High School,Near,Male,65,1,0,0,1,0,1,-1.498350246719193,0.0019531149355348125
18,96,High,Medium,No,7,56,Low,2,Medium,Medium,Neutral,1,No,College,Near,Female,69,2,0,1,0,0,1,-0.329763390723983,1.3876422831589421
25,88,Medium,High,No,5,51,Medium,1,Medium,Low,Neutral,1,No,High School,Near,Female,68,1,1,0,1,0,1,0.8388234652712269,0.6947976990472384
23,76,Medium,Medium,Yes,7,61,Medium,3,Medium,Low,Positive,4,No,High School,Near,Male,68,1,1,0,1,0,1,0.5049415064154527,-0.344469177120317
23,75,High,Medium,Yes,8,80,High,0,Low,High,Neutral,4,No,High School,Moderate,Female,68,2,2,1,0,0,1,0.5049415064154527,-0.4310747501342799
20,78,Low,Medium,Yes,5,92,Low,1,Medium,Medium,Positive,3,No,High School,Far,Male,65,0,0,0,1,0,1,0.0041185681317912485,-0.1712580310923911
20,67,High,High,No,6,59,Low,1,Medium,Medium,Negative,4,No,College,Near,Female,65,2,0,1,0,0,1,0.0041185681317912485,-1.1239193342459837
16,85,Medium,Low,No,10,79,Low,1,High,Medium,Neutral,3,No,College,Near,Male,66,1,0,1,0,0,1,-0.6636453495797573,0.43498098000534957
24,75,High,Low,No,7,57,Medium,0,Medium,Medium,Neutral,1,No,Postgraduate,Near,Male,66,2,1,0,1,0,1,0.6718824858433398,-0.4310747501342799
23,94,Medium,Low,Yes,4,78,Medium,2,High,High,Neutral,4,No,High School,Moderate,Male,71,1,1,0,1,0,1,0.5049415064154527,1.2144311371310161
23,90,High,Medium,Yes,5,51,Medium,0,Low,High,Negative,1,No,High School,Near,Male,68,2,1,0,1,0,1,0.5049415064154527,0.8680088450751643
17,84,Low,Medium,Yes,7,78,Low,0,High,High,Neutral,5,Yes,College,Moderate,Female,65,0,0,0,1,0,1,-0.49670437015187013,0.34837540699138664
7,75,Medium,High,Yes,7,76,Medium,0,Medium,Low,Positive,4,No,College,Moderate,Female,63,1,1,1,0,0,1,-2.1661141644307413,-0.4310747501342799
27,68,High,Medium,No,6,52,Medium,1,Medium,Low,Neutral,5,No,Postgraduate,Far,Female,66,2,1,1,0,0,1,1.1727054241270012,-1.0373137612320207
17,91,High,Low,Yes,10,84,Medium,7,Low,High,Neutral,4,Yes,College,Moderate,Male,71,2,1,0,1,0,1,-0.49670437015187013,0.9546144180891273
15,79,Low,Medium,Yes,10,79,Medium,2,Low,Medium,Neutral,4,No,College,Moderate,Male,65,0,1,1,0,0,1,-0.8305863290076444,-0.08465245807842814
24,69,Medium,High,Yes,7,81,Low,3,Medium,Medium,Neutral,4,No,High School,Near,Female,68,1,0,1,0,0,1,0.6718824858433398,-0.9507081882180577
18,68,Medium,Medium,Yes,8,76,High,2,High,Medium,Neutral,3,No,Postgraduate,Near,Male,66,1,2,0,1,0,1,-0.329763390723983,-1.0373137612320207
26,67,Low,High,No,8,86,Medium,2,Low,Medium,Negative,2,Yes,High School,Near,Female,64,0,1,0,1,0,1,1.005764444699114,-1.1239193342459837
24,91,Medium,Low,Yes,9,76,High,1,Low,Low,Positive,4,No,College,Near,Female,70,1,2,0,1,0,1,0.6718824858433398,0.9546144180891273
24,69,High,Low,Yes,6,96,Medium,4,High,Medium,Positive,4,No,College,Moderate,Male,70,2,1,0,1,0,1,0.6718824858433398,-0.9507081882180577
12,81,Medium,High,No,10,97,Low,1,Low,Medium,Positive,5,No,High School,Near,Female,66,1,0,1,0,0,1,-1.3314092672913058,0.08855868794949777
27,78,Medium,Medium,Yes,7,86,Medium,3,Medium,Medium,Positive,2,No,High School,Moderate,Female,70,1,1,0,1,0,1,1.1727054241270012,-0.1712580310923911
22,83,High,High,No,8,96,Medium,2,Medium,High,Positive,0,No,College,Near,Female,71,2,1,0,1,1,0,0.3380005269875655,0.26176983397742365
18,95,Low,High,No,7,96,Medium,2,Medium,High,Positive,4,Yes,High School,Moderate,Male,70,0,1,1,0,0,1,-0.329763390723983,1.3010367101449791
21,95,Medium,Medium,No,7,63,Medium,1,Low,Medium,Positive,4,No,Postgraduate,Near,Male,70,1,1,1,0,0,1,0.17105954755967837,1.3010367101449791
9,78,High,Medium,Yes,7,100,Low,2,Medium,Medium,Positive,2,No,High School,Near,Male,66,2,0,0,1,0,1,-1.8322322055749671,-0.1712580310923911
22,61,High,Medium,No,5,63,Low,1,Low,Medium,Positive,3,No,Postgraduate,Near,Male,64,2,0,0,1,0,1,0.3380005269875655,-1.6435527723297614
14,77,High,High,No,4,51,Low,5,Low,Medium,Positive,3,No,College,Moderate,Male,66,2,0,0,1,0,1,-0.9975273084355315,-0.25786360410635406
12,84,High,Medium,Yes,7,98,High,1,Low,Medium,Positive,3,No,High School,Near,Female,68,2,2,0,1,0,1,-1.3314092672913058,0.34837540699138664
11,82,Low,Low,No,6,61,Low,2,Medium,Medium,Neutral,2,No,High School,Near,Female,61,0,0,0,1,0,1,-1.498350246719193,0.17516426096346072
27,86,Medium,Medium,Yes,8,79,Medium,2,Low,High,Positive,4,No,College,Near,Male,72,1,1,1,0,0,1,1.1727054241270012,0.5215865530193126
16,66,High,High,No,8,99,Medium,1,Low,High,Positive,3,No,High School,Moderate,Male,66,2,1,1,0,0,1,-0.6636453495797573,-1.2105249072599464
29,86,Low,Low,Yes,7,52,Medium,1,Low,Medium,Positive,3,No,College,Near,Female,68,0,1,0,1,0,1,1.5065873829827754,0.5215865530193126
17,67,Low,Medium,No,9,63,High,1,Low,High,Negative,4,No,College,Far,Male,61,0,2,0,1,0,1,-0.49670437015187013,-1.1239193342459837
10,90,High,Medium,Yes,7,80,Low,0,Medium,Medium,Neutral,5,No,High School,Near,Female,67,2,0,0,1,0,1,-1.66529122614708,0.8680088450751643
13,74,High,High,Yes,5,88,Low,3,Low,Medium,Neutral,3,Yes,College,Near,Female,66,2,0,1,0,0,1,-1.1644682878634187,-0.5176803231482429
27,88,Medium,Medium,Yes,7,90,Medium,3,Medium,Medium,Positive,4,No,Postgraduate,Moderate,Female,74,1,1,0,1,0,1,1.1727054241270012,0.6947976990472384
19,62,High,Medium,Yes,9,94,Medium,0,High,Low,Neutral,4,No,Postgraduate,Near,Female,66,2,1,0,1,0,1,-0.16282241129609587,-1.5569471993157984
17,76,High,Medium,Yes,4,58,Medium,4,Medium,Medium,Neutral,2,No,Postgraduate,Moderate,Female,67,2,1,1,0,0,1,-0.49670437015187013,-0.344469177120317
21,88,High,Low,Yes,7,69,Medium,4,Medium,Medium,Neutral,3,No,College,Near,Male,71,2,1,1,0,0,1,0.17105954755967837,0.6947976990472384
23,69,High,Low,Yes,8,86,High,0,Medium,High,Neutral,4,No,College,Far,Male,66,2,2,0,1,0,1,0.5049415064154527,-0.9507081882180577
27,92,Medium,Medium,Yes,10,86,High,0,Low,Low,Positive,3,No,High School,Moderate,Male,71,1,2,1,0,0,1,1.1727054241270012,1.0412199911030902
29,85,High,Medium,Yes,9,65,High,4,Low,Medium,Neutral,4,No,Postgraduate,Moderate,Male,72,2,2,1,0,1,0,1.5065873829827754,0.43498098000534957
18,84,Medium,Medium,Yes,7,65,Medium,2,Medium,Medium,Negative,3,No,High School,Near,Female,66,1,1,0,1,0,1,-0.329763390723983,0.34837540699138664
12,74,High,Low,Yes,8,66,Low,1,Low,Medium,Positive,2,No,High School,Near,Male,62,2,0,0,1,0,1,-1.3314092672913058,-0.5176803231482429
18,79,High,Medium,Yes,4,95,Low,1,Low,High,Negative,2,No,High School,Moderate,Female,66,2,0,0,1,0,1,-0.329763390723983,-0.08465245807842814
22,84,Low,High,Yes,5,95,Medium,2,Low,High,Neutral,3,No,High School,Moderate,Male,69,0,1,0,1,0,1,0.3380005269875655,0.34837540699138664
14,79,Medium,Medium,Yes,8,51,Medium,0,Medium,High,Negative,4,No,High School,Near,Male,64,1,1,0,1,0,1,-0.9975273084355315,-0.08465245807842814
14,88,Medium,Medium,Yes,7,66,Medium,4,Medium,High,Positive,3,No,High School,Near,Female,69,1,1,0,1,0,1,-0.9975273084355315,0.6947976990472384
22,77,High,Low,Yes,7,70,Medium,2,Medium,Medium,Positive,4,No,Postgraduate,Near,Male,69,2,1,1,0,0,1,0.3380005269875655,-0.25786360410635406
20,68,High,Low,Yes,7,99,High,0,Low,Medium,Positive,2,Yes,College,Moderate,Female,64,2,2,0,1,0,1,0.0041185681317912485,-1.0373137612320207
20,69,Medium,High,Yes,7,97,Medium,3,Medium,High,Positive,3,Yes,College,Near,Female,68,1,1,0,1,0,1,0.0041185681317912485,-0.9507081882180577
15,60,Medium,Medium,Yes,7,81,Low,4,Low,High,Positive,2,No,High School,Near,Male,63,1,0,0,1,0,1,-0.8305863290076444,-1.7301583453437241
19,72,High,Medium,Yes,5,52,Low,1,Low,Medium,Positive,2,No,High School,Near,Male,64,2,0,0,1,0,1,-0.16282241129609587,-0.6908914691761688
14,90,Medium,High,Yes,7,60,Medium,2,Medium,Medium,Neutral,4,No,Postgraduate,Near,Male,69,1,1,0,1,0,1,-0.9975273084355315,0.8680088450751643
25,92,Low,High,No,5,72,Medium,1,Medium,Medium,Positive,4,No,High School,Near,Female,71,0,1,0,1,0,1,0.8388234652712269,1.0412199911030902
26,68,Medium,High,No,6,98,Low,2,Medium,Medium,Neutral,3,No,College,Far,Female,67,1,0,1,0,0,1,1.005764444699114,-1.0373137612320207
9,98,High,Medium,No,9,55,Low,3,Low,Medium,Positive,2,No,High School,Near,Male,67,2,0,0,1,0,1,-1.8322322055749671,1.5608534291868679
14,80,High,Low,Yes,7,90,High,2,Low,High,Negative,2,No,College,Far,Female,66,2,2,0,1,0,1,-0.9975273084355315,0.0019531149355348125
11,97,Medium,High,Yes,8,60,Medium,0,Medium,Low,Positive,3,No,High School,Near,Male,67,1,1,1,0,0,1,-1.498350246719193,1.474247856172905
16,88,Low,High,No,7,75,Low,2,Medium,Medium,Neutral,4,No,Postgraduate,Near,Female,68,0,0,0,1,0,1,-0.6636453495797573,0.6947976990472384
19,89,Medium,Medium,Yes,6,88,Low,1,Medium,High,Positive,2,No,High School,Near,Female,69,1,0,0,1,0,1,-0.16282241129609587,0.7814032720612014
11,63,High,High,Yes,5,85,High,0,Low,High,Positive,4,Yes,High School,Moderate,Female,62,2,2,0,1,1,0,-1.498350246719193,-1.4703416263018354
14,69,Medium,Medium,Yes,6,89,High,2,High,High,Positive,5,No,High School,Moderate,Female,66,1,2,1,0,0,1,-0.9975273084355315,-0.9507081882180577
14,60,Medium,Medium,Yes,7,91,Medium,1,Low,High,Negative,3,No,Postgraduate,Near,Male,63,1,1,1,0,0,1,-0.9975273084355315,-1.7301583453437241
21,89,Low,Low,Yes,8,65,Medium,2,Low,Low,Neutral,3,No,College,Near,Female,67,0,1,0,1,0,1,0.17105954755967837,0.7814032720612014
20,74,High,Medium,No,7,68,High,3,Medium,Medium,Positive,4,No,High School,Far,Male,68,2,2,0,1,0,1,0.0041185681317912485,-0.5176803231482429
16,91,Medium,Low,No,8,91,Low,2,Medium,Medium,Neutral,2,No,High School,Far,Female,66,1,0,0,1,0,1,-0.6636453495797573,0.9546144180891273
21,74,Medium,Medium,Yes,5,52,Medium,3,Medium,Medium,Positive,1,No,High School,Near,Male,66,1,1,1,0,0,1,0.17105954755967837,-0.5176803231482429
17,93,High,Medium,No,8,76,Low,0,Low,Medium,Negative,3,No,High School,Moderate,Female,67,2,0,1,0,0,1,-0.49670437015187013,1.1278255641170531
18,65,High,Medium,Yes,5,96,Medium,1,High,Medium,Neutral,2,No,High School,Near,Female,66,2,1,1,0,0,1,-0.329763390723983,-1.2971304802739094
30,67,Medium,Medium,Yes,8,94,Medium,1,Medium,Medium,Neutral,2,No,College,Near,Female,69,1,1,0,1,0,1,1.6735283624106625,-1.1239193342459837
28,74,Medium,High,No,8,90,High,2,Medium,Medium,Positive,3,No,Postgraduate,Near,Male,72,1,2,0,1,0,1,1.3396464035548883,-0.5176803231482429
12,76,Medium,Low,Yes,4,51,Medium,0,Low,Medium,Neutral,1,No,High School,Near,Female,60,1,1,1,0,0,1,-1.3314092672913058,-0.344469177120317
25,74,Low,High,Yes,8,94,High,0,Low,Medium,Positive,4,No,High School,Moderate,Female,68,0,2,0,1,0,1,0.8388234652712269,-0.5176803231482429
25,91,Low,Medium,Yes,8,96,Medium,3,Medium,Medium,Neutral,3,No,High School,Near,Female,72,0,1,0,1,0,1,0.8388234652712269,0.9546144180891273
13,64,Medium,High,Yes,9,83,Low,1,High,Medium,Positive,4,No,High School,Near,Male,64,1,0,0,1,0,1,-1.1644682878634187,-1.3837360532878724
25,74,Low,Medium,Yes,6,65,High,0,High,Medium,Neutral,1,No,High School,Moderate,Male,65,0,2,0,1,0,1,0.8388234652712269,-0.5176803231482429
29,93,High,High,No,7,74,Medium,3,Medium,High,Positive,3,No,High School,Near,Male,76,2,1,1,0,0,1,1.5065873829827754,1.1278255641170531
13,63,Low,Medium,No,8,88,Medium,0,Low,Medium,Negative,2,No,High School,Near,Male,59,0,1,1,0,0,1,-1.1644682878634187,-1.4703416263018354
14,98,Medium,Medium,Yes,8,91,Low,0,Low,Medium,Negative,4,No,High School,Moderate,Male,67,1,0,0,1,0,1,-0.9975273084355315,1.5608534291868679
26,99,Medium,Medium,Yes,8,67,Medium,4,Medium,Medium,Positive,4,Yes,High School,Near,Male,73,1,1,1,0,0,1,1.005764444699114,1.6474590022008309
22,64,Medium,High,No,6,66,Low,1,Medium,Medium,Neutral,4,No,College,Near,Male,64,1,0,0,1,0,1,0.3380005269875655,-1.3837360532878724
23,72,Medium,High,No,8,87,Low,3,Medium,Low,Neutral,3,No,High School,Near,Male,67,1,0,0,1,0,1,0.5049415064154527,-0.6908914691761688
22,75,High,Medium,Yes,8,84,Low,3,High,Medium,Negative,3,No,College,Near,Male,69,2,0,0,1,0,1,0.3380005269875655,-0.4310747501342799
22,91,Medium,Low,Yes,7,76,Medium,1,Low,High,Neutral,3,No,College,Moderate,Female,69,1,1,0,1,0,1,0.3380005269875655,0.9546144180891273
12,84,High,High,Yes,6,71,Medium,2,Medium,Medium,Positive,3,No,College,Moderate,Male,67,2,1,0,1,1,0,-1.3314092672913058,0.34837540699138664
26,86,Medium,High,Yes,6,83,Medium,2,Low,Medium,Positive,4,No,High School,Near,Male,72,1,1,0,1,0,1,1.005764444699114,0.5215865530193126
27,90,Low,Medium,No,9,52,Low,2,Low,High,Positive,2,Yes,College,Near,Male,86,0,0,0,1,1,0,1.1727054241270012,0.8680088450751643
19,65,Medium,High,Yes,8,54,Medium,0,Low,High,Neutral,3,No,High School,Far,Female,62,1,1,1,0,0,1,-0.16282241129609587,-1.2971304802739094
20,93,Medium,Low,No,7,79,Medium,1,Medium,Low,Neutral,3,No,Postgraduate,Near,Female,69,1,1,0,1,0,1,0.0041185681317912485,1.1278255641170531
11,88,High,High,Yes,7,61,Low,2,Medium,Medium,Neutral,3,No,Postgraduate,Near,Male,68,2,0,0,1,0,1,-1.498350246719193,0.6947976990472384
23,83,High,High,Yes,4,89,Low,1,Medium,Medium,Negative,3,No,High School,Far,Male,99,2,0,0,1,0,1,0.5049415064154527,0.26176983397742365
23,96,Low,Medium,Yes,7,89,Medium,1,Low,Medium,Positive,3,No,College,Far,Female,70,0,1,1,0,0,1,0.5049415064154527,1.3876422831589421
20,88,Low,Medium,Yes,5,85,Medium,2,Medium,Medium,Negative,3,No,High School,Near,Male,68,0,1,0,1,0,1,0.0041185681317912485,0.6947976990472384
27,68,Medium,Medium,Yes,7,95,Low,0,Medium,Medium,Positive,4,No,High School,Near,Male,67,1,0,0,1,0,1,1.1727054241270012,-1.0373137612320207
18,77,High,Medium,Yes,9,57,Low,1,Low,High,Negative,2,No,Postgraduate,Near,Male,66,2,0,0,1,0,1,-0.329763390723983,-0.25786360410635406
23,80,Low,High,No,6,63,Low,0,High,Medium,Positive,2,No,High School,Near,Male,66,0,0,1,0,0,1,0.5049415064154527,0.0019531149355348125
14,62,Medium,High,Yes,7,63,Medium,2,Low,Medium,Positive,2,No,College,Moderate,Female,62,1,1,0,1,0,1,-0.9975273084355315,-1.5569471993157984
20,98,Medium,Medium,Yes,8,89,High,3,High,Medium,Negative,2,Yes,College,Near,Male,72,1,2,0,1,0,1,0.0041185681317912485,1.5608534291868679
19,65,Medium,High,Yes,7,76,Medium,0,Medium,Medium,Neutral,3,No,Postgraduate,Near,Female,64,1,1,0,1,1,0,-0.16282241129609587,-1.2971304802739094
21,88,Medium,Medium,Yes,6,63,Low,1,Medium,Medium,Neutral,3,No,High School,Near,Female,68,1,0,0,1,0,1,0.17105954755967837,0.6947976990472384
18,80,Medium,High,Yes,7,57,Medium,2,Low,Low,Positive,3,No,Postgraduate,Far,Female,66,1,1,0,1,0,1,-0.329763390723983,0.0019531149355348125
19,61,Medium,High,Yes,8,95,High,4,Medium,Medium,Positive,3,No,College,Near,Male,68,1,2,1,0,0,1,-0.16282241129609587,-1.6435527723297614
25,97,Low,High,Yes,7,85,High,3,High,Medium,Neutral,1,No,Postgraduate,Near,Male,75,0,2,0,1,0,1,0.8388234652712269,1.474247856172905
17,94,Low,Low,No,7,76,High,3,Low,High,Neutral,3,Yes,College,Far,Male,67,0,2,0,1,0,1,-0.49670437015187013,1.2144311371310161
10,81,Low,Medium,Yes,9,98,Medium,2,Low,Medium,Neutral,2,No,College,Near,Male,65,0,1,0,1,0,1,-1.66529122614708,0.08855868794949777
30,69,Medium,Medium,No,8,92,Medium,2,Medium,Low,Neutral,3,No,High School,Near,Female,68,1,1,0,1,0,1,1.6735283624106625,-0.9507081882180577
28,65,Medium,Medium,Yes,5,59,High,2,Low,Medium,Neutral,5,No,High School,Near,Male,67,1,2,1,0,0,1,1.3396464035548883,-1.2971304802739094
12,75,Medium,Medium,Yes,8,75,High,1,Low,Medium,Negative,2,No,College,Near,Female,63,1,2,1,0,0,1,-1.3314092672913058,-0.4310747501342799
24,70,Medium,High,Yes,8,74,Low,2,Medium,High,Negative,3,No,High School,Near,Male,67,1,0,0,1,0,1,0.6718824858433398,-0.8641026152040947
17,80,Medium,Medium,Yes,5,92,Medium,0,Low,Medium,Negative,4,No,Postgraduate,Near,Female,67,1,1,1,0,0,1,-0.49670437015187013,0.0019531149355348125
22,99,Medium,Medium,Yes,4,57,High,2,Medium,High,Positive,3,No,College,Near,Female,73,1,2,0,1,0,1,0.3380005269875655,1.6474590022008309
22,83,Medium,Medium,Yes,5,73,High,0,Low,Medium,Positive,3,No,High School,Near,Male,67,1,2,0,1,1,0,0.3380005269875655,0.26176983397742365
19,96,Medium,Medium,No,7,82,Medium,1,High,Medium,Neutral,4,No,Postgraduate,Near,Male,71,1,1,0,1,0,1,-0.16282241129609587,1.3876422831589421
15,86,Low,Medium,No,9,97,Medium,2,Medium,Medium,Negative,4,No,High School,Near,Male,67,0,1,0,1,0,1,-0.8305863290076444,0.5215865530193126
16,79,High,Low,Yes,6,95,Medium,0,High,Medium,Neutral,5,No,College,Near,Male,68,2,1,0,1,0,1,-0.6636453495797573,-0.08465245807842814
15,94,Low,Low,Yes,8,77,Medium,1,High,High,Positive,1,No,College,Near,Male,68,0,1,1,0,0,1,-0.8305863290076444,1.2144311371310161
15,79,High,Medium,Yes,4,80,Medium,1,High,Medium,Negative,4,No,High School,Far,Male,66,2,1,1,0,0,1,-0.8305863290076444,-0.08465245807842814
20,95,High,Low,Yes,7,93,Low,0,Low,High,Neutral,2,No,High School,Near,Male,68,2,0,0,1,1,0,0.0041185681317912485,1.3010367101449791
16,72,Medium,Low,No,6,87,Medium,2,Medium,Low,Positive,4,No,High School,Near,Female,63,1,1,1,0,1,0,-0.6636453495797573,-0.6908914691761688
24,65,High,High,No,10,94,Medium,2,Medium,Medium,Neutral,2,No,Postgraduate,Moderate,Male,68,2,1,0,1,0,1,0.6718824858433398,-1.2971304802739094
29,94,Low,High,Yes,4,95,Medium,1,Medium,Medium,Positive,5,No,High School,Near,Male,74,0,1,0,1,0,1,1.5065873829827754,1.2144311371310161
17,83,Low,Medium,Yes,7,92,Low,3,Low,Medium,Neutral,2,Yes,High School,Moderate,Male,65,0,0,0,1,0,1,-0.49670437015187013,0.26176983397742365
21,96,Medium,Medium,Yes,4,50,Medium,1,Low,Low,Positive,2,No,Postgraduate,Moderate,Male,69,1,1,1,0,0,1,0.17105954755967837,1.3876422831589421
23,98,Medium,High,No,6,66,Medium,1,Low,Medium,Neutral,1,No,High School,Moderate,Male,70,1,1,0,1,0,1,0.5049415064154527,1.5608534291868679
23,62,Medium,Low,Yes,4,70,High,3,Medium,High,Positive,2,No,College,Moderate,Female,65,1,2,0,1,0,1,0.5049415064154527,-1.5569471993157984
20,80,Medium,Medium,No,10,84,Medium,1,Medium,Medium,Positive,4,No,College,Near,Male,68,1,1,0,1,0,1,0.0041185681317912485,0.0019531149355348125
24,75,Low,Medium,No,6,65,Medium,0,Medium,Medium,Positive,5,No,College,Moderate,Male,65,0,1,0,1,1,0,0.6718824858433398,-0.4310747501342799
23,85,Medium,High,No,7,66,Low,0,High,High,Neutral,2,No,College,Near,Male,68,1,0,0,1,1,0,0.5049415064154527,0.43498098000534957
13,92,Medium,High,Yes,7,70,Low,4,Low,Medium,Neutral,3,No,High School,Near,Male,68,1,0,0,1,0,1,-1.1644682878634187,1.0412199911030902
25,71,Medium,Medium,Yes,5,98,Low,0,Low,Medium,Positive,1,No,Postgraduate,Far,Male,66,1,0,0,1,0,1,0.8388234652712269,-0.7774970421901317
25,82,High,Medium,No,9,72,High,0,High,Medium,Positive,0,No,College,Near,Female,70,2,2,0,1,0,1,0.8388234652712269,0.17516426096346072
15,88,Medium,Medium,No,8,57,Medium,1,High,Medium,Positive,2,No,High School,Far,Male,66,1,1,1,0,0,1,-0.8305863290076444,0.6947976990472384
20,65,Medium,High,Yes,8,50,Medium,0,Low,Medium,Positive,5,No,High School,Near,Male,64,1,1,0,1,0,1,0.0041185681317912485,-1.2971304802739094
24,93,Medium,High,No,5,62,Medium,1,Low,Medium,Neutral,1,No,College,Near,Female,70,1,1,0,1,0,1,0.6718824858433398,1.1278255641170531
19,84,High,Medium,No,9,97,Low,1,High,Medium,Negative,3,Yes,High School,Near,Male,68,2,0,0,1,0,1,-0.16282241129609587,0.34837540699138664
26,98,Low,High,Yes,9,98,Low,4,Low,Low,Positive,2,No,College,Moderate,Male,74,0,0,0,1,0,1,1.005764444699114,1.5608534291868679
34,74,High,Low,Yes,7,76,Medium,2,Low,High,Positive,2,No,College,Near,Female,71,2,1,0,1,0,1,2.341292280122211,-0.5176803231482429
15,64,Medium,Medium,Yes,8,82,Low,0,Low,Medium,Negative,3,No,High School,Near,Male,61,1,0,0,1,0,1,-0.8305863290076444,-1.3837360532878724
12,80,Medium,Low,No,7,90,Medium,3,Low,Medium,Neutral,3,No,High School,Near,Female,64,1,1,0,1,0,1,-1.3314092672913058,0.0019531149355348125
22,63,High,Low,No,5,53,High,2,High,Medium,Neutral,1,No,Postgraduate,Moderate,Male,64,2,2,0,1,0,1,0.3380005269875655,-1.4703416263018354
24,99,High,Medium,Yes,7,69,Medium,0,Medium,Medium,Positive,3,No,High School,Near,Male,73,2,1,1,0,0,1,0.6718824858433398,1.6474590022008309
19,62,Medium,High,Yes,6,82,Medium,0,Low,High,Negative,3,Yes,College,Moderate,Male,62,1,1,0,1,0,1,-0.16282241129609587,-1.5569471993157984
29,90,Low,Medium,Yes,7,95,Medium,0,High,High,Neutral,2,Yes,High School,Near,Male,71,0,1,0,1,0,1,1.5065873829827754,0.8680088450751643
12,81,High,Medium,Yes,9,86,Medium,2,Medium,High,Negative,2,No,Postgraduate,Near,Male,68,2,1,0,1,0,1,-1.3314092672913058,0.08855868794949777
24,75,Medium,Low,Yes,5,68,High,2,Medium,Medium,Neutral,2,No,Postgraduate,Near,Male,67,1,2,0,1,0,1,0.6718824858433398,-0.4310747501342799
16,63,Medium,Medium,No,6,95,High,1,Medium,Medium,Negative,4,No,College,Far,Female,63,1,2,0,1,0,1,-0.6636453495797573,-1.4703416263018354
30,85,Low,Medium,No,6,83,Medium,2,Medium,Medium,Positive,3,No,College,Near,Female,71,0,1,0,1,0,1,1.6735283624106625,0.43498098000534957
32,83,Medium,Medium,Yes,6,92,Low,1,High,Medium,Neutral,3,No,High School,Near,Male,72,1,0,0,1,0,1,2.0074103212664367,0.26176983397742365
15,71,High,Medium,No,6,69,High,3,Medium,High,Positive,3,No,Postgraduate,Moderate,Female,66,2,2,0,1,1,0,-0.8305863290076444,-0.7774970421901317
17,96,Medium,Medium,Yes,7,50,Low,1,Medium,Medium,Negative,4,No,High School,Near,Female,67,1,0,1,0,0,1,-0.49670437015187013,1.3876422831589421
25,72,High,Medium,Yes,8,58,Medium,0,Low,Medium,Negative,4,No,College,Moderate,Female,66,2,1,0,1,0,1,0.8388234652712269,-0.6908914691761688
18,78,Low,Medium,No,8,96,Medium,4,High,Medium,Positive,4,Yes,College,Near,Male,68,0,1,0,1,0,1,-0.329763390723983,-0.1712580310923911
20,82,Low,Low,Yes,7,52,Low,0,Medium,Medium,Neutral,3,No,College,Near,Female,64,0,0,1,0,0,1,0.0041185681317912485,0.17516426096346072
20,64,Medium,Medium,Yes,8,80,High,1,Medium,Medium,Positive,3,No,High School,Near,Male,65,1,2,1,0,0,1,0.0041185681317912485,-1.3837360532878724
8,97,High,Medium,Yes,10,70,High,0,Low,Low,Neutral,1,No,High School,Near,Male,66,2,2,0,1,0,1,-1.9991731850028542,1.474247856172905
20,75,High,High,Yes,7,71,High,1,Medium,High,Positive,4,No,College,Moderate,Male,69,2,2,0,1,0,1,0.0041185681317912485,-0.4310747501342799
16,63,High,High,No,9,70,Low,2,Medium,High,Negative,5,No,College,Moderate,Female,64,2,0,1,0,0,1,-0.6636453495797573,-1.4703416263018354
17,75,Low,High,Yes,8,53,Medium,1,Low,High,Positive,3,No,College,Near,Female,65,0,1,0,1,0,1,-0.49670437015187013,-0.4310747501342799
29,84,High,Medium,Yes,10,56,High,3,Low,High,Neutral,4,No,Postgraduate,Far,Female,72,2,2,0,1,0,1,1.5065873829827754,0.34837540699138664
12,81,High,Medium,No,8,53,Low,1,Medium,High,Positive,3,No,College,Near,Male,65,2,0,1,0,0,1,-1.3314092672913058,0.08855868794949777
25,88,Low,High,Yes,6,53,Medium,2,Medium,High,Negative,4,No,College,Near,Female,70,0,1,0,1,0,1,0.8388234652712269,0.6947976990472384
18,62,Medium,Medium,Yes,7,54,Medium,2,Medium,High,Positive,3,No,Postgraduate,Moderate,Male,64,1,1,1,0,0,1,-0.329763390723983,-1.5569471993157984
18,71,Medium,Low,Yes,7,85,Low,1,Low,Low,Neutral,2,No,High School,Moderate,Male,62,1,0,0,1,0,1,-0.329763390723983,-0.7774970421901317
25,93,Medium,High,No,8,56,High,0,Low,Low,Neutral,3,No,High School,Near,Male,69,1,2,1,0,0,1,0.8388234652712269,1.1278255641170531
22,63,High,Low,No,6,63,Low,1,Medium,Low,Negative,2,No,Postgraduate,Moderate,Male,62,2,0,0,1,0,1,0.3380005269875655,-1.4703416263018354
23,94,Low,Low,Yes,9,83,Medium,2,Low,Medium,Positive,2,No,High School,Near,Female,69,0,1,1,0,0,1,0.5049415064154527,1.2144311371310161
26,64,Medium,High,No,7,56,Medium,3,Medium,Medium,Positive,3,No,High School,Near,Male,66,1,1,0,1,0,1,1.005764444699114,-1.3837360532878724
18,93,Medium,High,Yes,8,96,Medium,2,Medium,Low,Positive,2,No,High School,Moderate,Female,71,1,1,0,1,0,1,-0.329763390723983,1.1278255641170531
16,74,Medium,High,Yes,7,74,Low,4,Low,Low,Positive,3,No,High School,Near,Male,66,1,0,1,0,0,1,-0.6636453495797573,-0.5176803231482429
13,84,High,Medium,No,7,98,Medium,0,Low,Low,Neutral,4,Yes,High School,Near,Male,64,2,1,0,1,1,0,-1.1644682878634187,0.34837540699138664
15,66,Medium,High,Yes,7,60,High,2,High,Medium,Negative,3,No,High School,Moderate,Female,63,1,2,1,0,0,1,-0.8305863290076444,-1.2105249072599464
38,63,Medium,High,No,8,52,High,1,Medium,Medium,Positive,3,No,College,Moderate,Male,69,1,2,1,0,0,1,3.0090561978337593,-1.4703416263018354
27,69,High,High,Yes,10,80,Medium,1,Medium,High,Positive,4,Yes,High School,Near,Female,68,2,1,0,1,1,0,1.1727054241270012,-0.9507081882180577
12,65,High,High,Yes,4,66,Medium,0,Medium,High,Neutral,2,No,High School,Near,Female,63,2,1,0,1,0,1,-1.3314092672913058,-1.2971304802739094
12,72,Medium,Medium,Yes,8,79,High,1,High,Medium,Positive,3,No,College,Far,Male,64,1,2,0,1,0,1,-1.3314092672913058,-0.6908914691761688
23,81,Medium,Low,Yes,7,74,Medium,0,Low,Medium,Neutral,0,No,Postgraduate,Near,Female,66,1,1,0,1,0,1,0.5049415064154527,0.08855868794949777
23,84,Medium,High,Yes,7,73,Medium,1,High,Medium,Positive,4,No,High School,Near,Male,71,1,1,0,1,0,1,0.5049415064154527,0.34837540699138664
23,92,High,Medium,Yes,4,93,High,0,High,Medium,Negative,4,No,High School,Near,Female,72,2,2,0,1,0,1,0.5049415064154527,1.0412199911030902
18,86,High,Medium,No,8,60,Medium,2,Low,High,Neutral,1,No,College,Near,Male,88,2,1,1,0,0,1,-0.329763390723983,0.5215865530193126
19,84,Medium,High,Yes,7,75,Low,1,Low,Medium,Negative,2,No,College,Far,Male,66,1,0,0,1,0,1,-0.16282241129609587,0.34837540699138664
22,76,Medium,Medium,Yes,6,71,Medium,0,Low,High,Neutral,2,No,High School,Moderate,Male,65,1,1,1,0,0,1,0.3380005269875655,-0.344469177120317
21,79,Low,Medium,Yes,7,84,Low,2,Medium,Medium,Neutral,3,No,High School,Near,Male,66,0,0,1,0,0,1,0.17105954755967837,-0.08465245807842814
7,77,Low,Medium,Yes,7,53,High,4,Low,Medium,Positive,2,No,College,Moderate,Female,62,0,2,1,0,0,1,-2.1661141644307413,-0.25786360410635406
19,94,Medium,Low,No,4,76,Medium,4,Low,High,Negative,3,No,High School,Moderate,Female,68,1,1,1,0,0,1,-0.16282241129609587,1.2144311371310161
15,69,Medium,Medium,Yes,7,74,High,2,Low,Medium,Neutral,5,No,Postgraduate,Near,Female,65,1,2,1,0,0,1,-0.8305863290076444,-0.9507081882180577
21,60,Low,High,No,8,99,Low,0,Low,Low,Positive,3,No,High School,Near,Male,62,0,0,1,0,0,1,0.17105954755967837,-1.7301583453437241
38,86,High,Medium,No,6,88,High,1,Low,High,Negative,4,No,High School,Moderate,Female,74,2,2,0,1,0,1,3.0090561978337593,0.5215865530193126
22,68,Medium,Low,Yes,7,58,Medium,0,Medium,Medium,Neutral,3,No,Postgraduate,Near,Male,64,1,1,0,1,0,1,0.3380005269875655,-1.0373137612320207
18,96,High,High,No,7,75,High,2,Medium,High,Negative,2,No,High School,Near,Male,72,2,2,0,1,0,1,-0.329763390723983,1.3876422831589421
26,94,Medium,Medium,No,9,89,Medium,0,Low,Medium,Neutral,3,Yes,High School,Near,Female,70,1,1,0,1,0,1,1.005764444699114,1.2144311371310161
23,63,High,Medium,No,7,76,Medium,2,Medium,High,Positive,1,No,High School,Far,Male,65,2,1,0,1,0,1,0.5049415064154527,-1.4703416263018354
23,64,Medium,High,Yes,8,68,Low,3,Low,High,Neutral,3,No,High School,Near,Female,66,1,0,0,1,0,1,0.5049415064154527,-1.3837360532878724
24,80,Medium,Medium,Yes,7,69,Low,0,Medium,High,Positive,3,No,College,Far,Male,67,1,0,1,0,0,1,0.6718824858433398,0.0019531149355348125
32,84,Medium,High,Yes,10,68,Medium,1,Low,Medium,Positive,5,No,High School,Near,Male,73,1,1,0,1,0,1,2.0074103212664367,0.34837540699138664
13,71,Medium,High,Yes,6,51,Low,4,High,Medium,Positive,4,No,College,Moderate,Female,65,1,0,0,1,0,1,-1.1644682878634187,-0.7774970421901317
23,89,High,High,No,6,87,Medium,4,Medium,High,Neutral,3,No,College,Near,Female,74,2,1,1,0,0,1,0.5049415064154527,0.7814032720612014
14,84,Medium,Medium,No,7,81,Medium,0,High,Medium,Neutral,2,No,College,Near,Female,66,1,1,0,1,0,1,-0.9975273084355315,0.34837540699138664
23,73,Medium,Medium,No,6,63,Medium,1,High,Medium,Positive,3,No,High School,Near,Male,67,1,1,0,1,0,1,0.5049415064154527,-0.6042858961622058
14,61,Medium,Medium,No,5,82,Low,0,Low,Medium,Neutral,0,No,High School,Near,Female,58,1,0,0,1,1,0,-0.9975273084355315,-1.6435527723297614
17,90,High,High,No,8,65,Medium,2,Low,High,Positive,3,No,Postgraduate,Moderate,Male,71,2,1,0,1,0,1,-0.49670437015187013,0.8680088450751643
18,69,Low,High,Yes,4,62,High,1,Medium,Low,Neutral,3,No,High School,Moderate,Male,63,0,2,0,1,0,1,-0.329763390723983,-0.9507081882180577
26,93,Low,High,No,6,87,Medium,1,Medium,High,Positive,3,No,College,Near,Female,73,0,1,0,1,0,1,1.005764444699114,1.1278255641170531
26,77,High,Medium,Yes,5,90,Medium,1,Medium,Medium,Neutral,2,No,High School,Far,Female,68,2,1,1,0,0,1,1.005764444699114,-0.25786360410635406
13,83,Low,Medium,Yes,7,81,Medium,4,Low,Medium,Negative,5,No,College,Near,Female,66,0,1,0,1,0,1,-1.1644682878634187,0.26176983397742365
20,95,Low,Medium,No,4,89,Medium,3,Low,Medium,Negative,3,Yes,High School,Near,Male,68,0,1,0,1,0,1,0.0041185681317912485,1.3010367101449791
16,95,Medium,Low,No,8,68,Low,2,Medium,High,Neutral,4,No,High School,Near,Female,66,1,0,0,1,1,0,-0.6636453495797573,1.3010367101449791
12,75,Medium,High,No,8,54,Low,1,Medium,High,Negative,3,No,High School,Near,Female,62,1,0,0,1,0,1,-1.3314092672913058,-0.4310747501342799
19,68,Medium,Medium,Yes,5,80,Medium,0,Medium,Medium,Neutral,3,Yes,High School,Moderate,Male,78,1,1,0,1,0,1,-0.16282241129609587,-1.0373137612320207
18,91,Medium,Medium,No,7,63,Medium,1,Medium,Medium,Negative,4,No,College,Near,Male,68,1,1,0,1,0,1,-0.329763390723983,0.9546144180891273
35,77,High,High,Yes,8,89,Medium,5,High,Medium,Positive,4,No,College,Near,Female,77,2,1,0,1,0,1,2.508233259550098,-0.25786360410635406
23,68,High,Low,Yes,8,68,Medium,1,Medium,Medium,Neutral,2,No,College,Near,Male,65,2,1,0,1,0,1,0.5049415064154527,-1.0373137612320207
12,96,High,High,Yes,5,84,Low,3,High,Medium,Positive,4,No,Postgraduate,Near,Female,73,2,0,0,1,0,1,-1.3314092672913058,1.3876422831589421
17,68,Medium,Low,Yes,5,78,Medium,4,Low,Low,Positive,2,No,College,Near,Male,64,1,1,0,1,0,1,-0.49670437015187013,-1.0373137612320207
26,61,Low,High,Yes,9,91,Medium,0,High,High,Positive,4,No,College,Near,Female,67,0,1,1,0,1,0,1.005764444699114,-1.6435527723297614
33,61,High,Medium,No,6,92,Medium,1,Medium,Medium,Positive,4,No,High School,Near,Female,69,2,1,0,1,0,1,2.174351300694324,-1.6435527723297614
10,85,Low,Low,Yes,6,53,High,1,Low,Medium,Neutral,3,Yes,High School,Moderate,Male,60,0,2,1,0,0,1,-1.66529122614708,0.43498098000534957
9,86,High,Medium,No,8,65,High,0,Medium,Medium,Positive,3,No,College,Near,Female,66,2,2,0,1,0,1,-1.8322322055749671,0.5215865530193126
31,72,Low,High,Yes,5,94,High,2,Low,Low,Positive,2,No,High School,Near,Male,70,0,2,0,1,0,1,1.8404693418385496,-0.6908914691761688
22,73,High,Medium,Yes,7,70,Low,2,Low,Medium,Positive,3,No,College,Near,Male,66,2,0,0,1,1,0,0.3380005269875655,-0.6042858961622058
15,74,High,Medium,Yes,8,76,Medium,1,Medium,Low,Neutral,4,No,High School,Far,Male,64,2,1,0,1,0,1,-0.8305863290076444,-0.5176803231482429
23,87,Medium,High,No,5,59,Medium,1,High,Low,Neutral,4,No,College,Near,Male,70,1,1,0,1,0,1,0.5049415064154527,0.6081921260332754
4,62,Medium,Medium,No,6,78,High,3,High,Medium,Neutral,2,No,High School,Far,Female,58,1,2,0,1,0,1,-2.6669371027144027,-1.5569471993157984
20,97,Medium,High,Yes,5,63,Medium,0,Low,Medium,Negative,3,No,College,Far,Female,69,1,1,0,1,0,1,0.0041185681317912485,1.474247856172905
22,69,Medium,Medium,Yes,6,91,Low,0,High,High,Neutral,1,Yes,High School,Moderate,Male,64,1,0,1,0,0,1,0.3380005269875655,-0.9507081882180577
26,100,Low,Medium,No,9,60,Medium,2,Medium,Medium,Positive,4,No,High School,Near,Male,72,0,1,0,1,0,1,1.005764444699114,1.7340645752147938
14,67,Medium,Medium,Yes,9,68,Low,1,Low,Medium,Neutral,3,Yes,High School,Near,Male,60,1,0,0,1,0,1,-0.9975273084355315,-1.1239193342459837
21,91,Medium,Medium,Yes,7,55,High,2,High,Medium,Neutral,3,No,High School,Near,Female,70,1,2,1,0,0,1,0.17105954755967837,0.9546144180891273
14,69,Medium,Low,Yes,8,79,Medium,1,High,Medium,Negative,1,No,Postgraduate,Moderate,Female,62,1,1,0,1,0,1,-0.9975273084355315,-0.9507081882180577
22,63,Medium,Medium,Yes,8,97,Medium,1,High,High,Neutral,3,No,High School,Moderate,Female,66,1,1,0,1,0,1,0.3380005269875655,-1.4703416263018354
15,95,Medium,Medium,Yes,6,59,Low,0,Medium,Medium,Positive,5,No,High School,Far,Female,66,1,0,1,0,0,1,-0.8305863290076444,1.3010367101449791
18,94,Low,Medium,Yes,7,51,Medium,1,Low,Medium,Neutral,3,Yes,College,Moderate,Male,65,0,1,0,1,0,1,-0.329763390723983,1.2144311371310161
14,76,High,Medium,Yes,5,71,Medium,1,Low,Medium,Negative,3,No,High School,Near,Male,64,2,1,0,1,0,1,-0.9975273084355315,-0.344469177120317
24,88,High,Medium,Yes,6,87,Medium,1,High,Low,Positive,3,No,High School,Near,Female,72,2,1,1,0,0,1,0.6718824858433398,0.6947976990472384
25,82,Medium,Medium,Yes,7,99,High,3,Low,High,Neutral,2,No,High School,Near,Female,71,1,2,0,1,0,1,0.8388234652712269,0.17516426096346072
19,94,Low,High,No,5,53,Medium,1,Medium,Medium,Neutral,3,No,High School,Near,Female,68,0,1,0,1,0,1,-0.16282241129609587,1.2144311371310161
20,73,High,Medium,Yes,5,89,Medium,2,Medium,High,Positive,5,Yes,High School,Moderate,Female,68,2,1,0,1,0,1,0.0041185681317912485,-0.6042858961622058
11,81,Low,Medium,Yes,6,68,High,2,High,Medium,Negative,3,No,Postgraduate,Far,Female,64,0,2,1,0,0,1,-1.498350246719193,0.08855868794949777
18,79,Low,Medium,Yes,9,58,Medium,3,Medium,High,Negative,3,No,High School,Near,Female,65,0,1,0,1,0,1,-0.329763390723983,-0.08465245807842814
20,74,Medium,High,Yes,9,60,Medium,1,Low,Medium,Positive,3,No,High School,Moderate,Female,64,1,1,0,1,1,0,0.0041185681317912485,-0.5176803231482429
36,96,Medium,Low,No,7,96,Medium,1,Low,High,Positive,3,No,College,Moderate,Female,75,1,1,0,1,0,1,2.675174238977985,1.3876422831589421
13,67,Low,Medium,Yes,8,90,Medium,2,Low,Medium,Negative,2,No,High School,Near,Male,61,0,1,1,0,0,1,-1.1644682878634187,-1.1239193342459837
29,66,High,High,No,6,66,Medium,0,Medium,Medium,Negative,3,No,Postgraduate,Near,Male,68,2,1,1,0,0,1,1.5065873829827754,-1.2105249072599464
26,83,Medium,Medium,No,4,97,Low,2,Low,High,Negative,4,No,College,Moderate,Male,70,1,0,0,1,0,1,1.005764444699114,0.26176983397742365
22,86,High,Medium,No,6,55,Medium,5,High,Low,Negative,3,No,Postgraduate,Near,Female,71,2,1,1,0,0,1,0.3380005269875655,0.5215865530193126
31,68,Low,High,Yes,7,66,Low,0,Low,Medium,Positive,3,No,High School,Near,Male,66,0,0,0,1,0,1,1.8404693418385496,-1.0373137612320207
22,76,High,Low,Yes,7,83,Low,0,Low,Medium,Positive,1,No,College,Near,Male,66,2,0,0,1,0,1,0.3380005269875655,-0.344469177120317
22,98,Medium,Medium,Yes,7,100,Low,0,Low,Medium,Neutral,3,No,High School,Far,Male,70,1,0,0,1,0,1,0.3380005269875655,1.5608534291868679
20,70,Low,Medium,No,7,73,Medium,0,Low,Medium,Negative,5,No,High School,Near,Female,62,0,1,0,1,0,1,0.0041185681317912485,-0.8641026152040947
27,87,High,Low,Yes,6,91,Low,4,High,Medium,Neutral,4,No,High School,Moderate,Male,72,2,0,0,1,0,1,1.1727054241270012,0.6081921260332754
27,90,High,Medium,No,8,96,High,0,Medium,Medium,Negative,4,No,High School,Moderate,Male,72,2,2,0,1,0,1,1.1727054241270012,0.8680088450751643
16,78,Low,Medium,Yes,5,50,Medium,2,Low,Medium,Positive,2,No,College,Moderate,Male,63,0,1,1,0,0,1,-0.6636453495797573,-0.1712580310923911
12,98,High,Low,Yes,8,64,Medium,5,Low,Medium,Neutral,5,No,College,Near,Female,69,2,1,0,1,1,0,-1.3314092672913058,1.5608534291868679
19,89,Medium,Medium,Yes,6,55,Medium,0,Medium,High,Positive,2,No,Postgraduate,Moderate,Male,68,1,1,0,1,0,1,-0.16282241129609587,0.7814032720612014
15,78,High,High,Yes,10,89,Low,0,Medium,Medium,Neutral,3,No,High School,Near,Male,67,2,0,0,1,0,1,-0.8305863290076444,-0.1712580310923911
20,83,High,High,Yes,7,78,High,3,Low,Medium,Neutral,2,No,College,Near,Female,71,2,2,1,0,0,1,0.0041185681317912485,0.26176983397742365
27,88,Low,Medium,Yes,6,55,Low,2,Low,Medium,Positive,5,No,High School,Far,Male,67,0,0,0,1,1,0,1.1727054241270012,0.6947976990472384
17,84,Low,Low,Yes,6,71,Low,0,Medium,Medium,Negative,4,Yes,High School,Near,Male,62,0,0,1,0,0,1,-0.49670437015187013,0.34837540699138664
20,95,Medium,Medium,No,6,76,Medium,0,Low,High,Positive,4,No,High School,Moderate,Female,69,1,1,1,0,0,1,0.0041185681317912485,1.3010367101449791
20,74,High,Medium,Yes,8,85,Medium,2,Low,Medium,Positive,0,No,High School,Near,Male,67,2,1,0,1,0,1,0.0041185681317912485,-0.5176803231482429
25,72,Medium,High,Yes,7,89,Medium,2,Low,High,Positive,3,No,Postgraduate,Near,Female,71,1,1,0,1,0,1,0.8388234652712269,-0.6908914691761688
7,69,Medium,High,Yes,8,54,High,1,Medium,High,Positive,2,No,High School,Far,Male,87,1,2,0,1,0,1,-2.1661141644307413,-0.9507081882180577
16,62,Low,Medium,No,8,74,Medium,2,High,High,Neutral,3,No,High School,Moderate,Male,62,0,1,1,0,0,1,-0.6636453495797573,-1.5569471993157984
21,62,High,Low,Yes,7,58,Medium,2,Low,High,Positive,1,No,College,Near,Female,64,2,1,0,1,0,1,0.17105954755967837,-1.5569471993157984
27,95,Medium,High,No,8,88,High,3,Medium,Medium,Positive,2,No,High School,Far,Female,74,1,2,1,0,0,1,1.1727054241270012,1.3010367101449791
17,87,High,High,Yes,9,83,Medium,0,Low,High,Neutral,2,No,College,Moderate,Male,69,2,1,0,1,0,1,-0.49670437015187013,0.6081921260332754
9,86,High,Medium,No,8,86,Medium,1,Low,High,Neutral,1,No,High School,Near,Male,65,2,1,0,1,0,1,-1.8322322055749671,0.5215865530193126
24,85,Low,Medium,Yes,7,54,Medium,2,Medium,Low,Neutral,3,No,College,Moderate,Female,66,0,1,0,1,1,0,0.6718824858433398,0.43498098000534957
16,94,Medium,Medium,Yes,8,76,Low,3,Medium,Medium,Negative,4,No,Postgraduate,Near,Female,70,1,0,0,1,0,1,-0.6636453495797573,1.2144311371310161
13,79,High,High,No,5,92,Medium,3,Medium,Medium,Neutral,3,No,High School,Near,Male,68,2,1,0,1,0,1,-1.1644682878634187,-0.08465245807842814
16,95,Low,Low,No,10,86,Medium,4,High,Medium,Positive,2,No,College,Near,Female,70,0,1,0,1,0,1,-0.6636453495797573,1.3010367101449791
19,74,High,High,No,8,93,High,1,Medium,Medium,Negative,3,No,High School,Near,Male,68,2,2,0,1,0,1,-0.16282241129609587,-0.5176803231482429
16,97,High,Low,Yes,8,60,Medium,0,Low,High,Positive,3,No,High School,Near,Male,69,2,1,0,1,0,1,-0.6636453495797573,1.474247856172905
7,88,Medium,High,Yes,7,64,Low,2,Medium,High,Neutral,4,No,Postgraduate,Moderate,Male,66,1,0,0,1,0,1,-2.1661141644307413,0.6947976990472384
25,70,Medium,Medium,Yes,4,72,Medium,0,Low,Low,Neutral,4,No,College,Moderate,Male,65,1,1,0,1,0,1,0.8388234652712269,-0.8641026152040947
28,83,Medium,Medium,Yes,7,76,Medium,1,Medium,Medium,Positive,3,No,College,Near,Male,71,1,1,0,1,0,1,1.3396464035548883,0.26176983397742365
24,81,Medium,Low,Yes,7,63,Medium,1,Low,Medium,Positive,3,No,High School,Moderate,Male,66,1,1,0,1,0,1,0.6718824858433398,0.08855868794949777
13,66,Low,Medium,Yes,6,69,Low,2,Low,Medium,Positive,4,No,High School,Near,Male,61,0,0,1,0,0,1,-1.1644682878634187,-1.2105249072599464
19,84,Medium,Medium,Yes,6,84,Medium,3,Medium,High,Neutral,2,No,Postgraduate,Moderate,Male,69,1,1,0,1,0,1,-0.16282241129609587,0.34837540699138664
20,73,Medium,Medium,No,6,82,Low,1,Medium,High,Negative,3,No,College,Near,Male,65,1,0,1,0,0,1,0.0041185681317912485,-0.6042858961622058
24,62,Medium,Medium,Yes,8,56,Medium,0,Medium,Medium,Positive,2,No,College,Moderate,Male,63,1,1,1,0,0,1,0.6718824858433398,-1.5569471993157984
24,98,Medium,Low,Yes,9,99,High,2,Low,High,Neutral,2,No,Postgraduate,Far,Female,73,1,2,0,1,0,1,0.6718824858433398,1.5608534291868679
16,86,High,Medium,Yes,7,78,Low,1,Low,Medium,Positive,4,No,Postgraduate,Moderate,Male,68,2,0,1,0,0,1,-0.6636453495797573,0.5215865530193126
20,95,Medium,Medium,Yes,6,74,Medium,1,High,Low,Positive,4,No,High School,Far,Female,70,1,1,0,1,0,1,0.0041185681317912485,1.3010367101449791
23,87,Medium,Medium,Yes,6,98,Medium,3,Medium,Medium,Neutral,3,No,College,Near,Male,72,1,1,0,1,0,1,0.5049415064154527,0.6081921260332754
29,74,High,Medium,Yes,7,57,Medium,3,Medium,Medium,Positive,2,No,High School,Moderate,Male,68,2,1,1,0,1,0,1.5065873829827754,-0.5176803231482429
24,81,Medium,Medium,No,7,77,Medium,0,High,Medium,Positive,3,No,High School,Near,Male,68,1,1,1,0,0,1,0.6718824858433398,0.08855868794949777
25,87,High,Medium,Yes,8,90,Medium,1,Low,Medium,Negative,4,No,High School,Near,Female,71,2,1,0,1,0,1,0.8388234652712269,0.6081921260332754
21,98,Low,Low,Yes,6,70,Medium,1,Medium,Medium,Positive,3,No,High School,Moderate,Male,68,0,1,0,1,0,1,0.17105954755967837,1.5608534291868679
28,70,High,Low,Yes,8,87,High,3,Low,Medium,Neutral,3,No,Postgraduate,Moderate,Male,70,2,2,0,1,0,1,1.3396464035548883,-0.8641026152040947
22,95,Medium,Low,Yes,8,95,Medium,2,Low,High,Neutral,4,No,High School,Near,Female,70,1,1,1,0,1,0,0.3380005269875655,1.3010367101449791
15,97,High,Medium,Yes,6,63,Low,2,Medium,Medium,Neutral,3,No,High School,Near,Female,69,2,0,0,1,0,1,-0.8305863290076444,1.474247856172905
28,87,High,Medium,Yes,4,62,High,2,Low,High,Positive,4,No,High School,Near,Female,73,2,2,0,1,0,1,1.3396464035548883,0.6081921260332754
24,97,Medium,Medium,Yes,6,68,Low,1,Medium,High,Neutral,4,No,College,Near,Male,72,1,0,0,1,0,1,0.6718824858433398,1.474247856172905
17,76,Medium,High,No,9,71,Medium,0,Medium,High,Neutral,3,No,Postgraduate,Near,Male,67,1,1,0,1,0,1,-0.49670437015187013,-0.344469177120317
17,98,High,Medium,No,4,56,Medium,2,Low,Low,Positive,3,No,High School,Near,Female,69,2,1,1,0,0,1,-0.49670437015187013,1.5608534291868679
22,88,Low,Medium,Yes,9,62,Medium,1,High,Medium,Negative,3,No,College,Near,Male,68,0,1,1,0,0,1,0.3380005269875655,0.6947976990472384
23,62,High,Low,No,4,94,Medium,0,Medium,Low,Positive,3,No,Postgraduate,Far,Female,64,2,1,1,0,0,1,0.5049415064154527,-1.5569471993157984
21,96,Low,High,Yes,6,78,Low,2,Medium,High,Neutral,3,No,High School,Moderate,Female,71,0,0,1,0,0,1,0.17105954755967837,1.3876422831589421
22,79,High,Medium,Yes,6,63,Medium,1,Medium,High,Neutral,4,No,High School,Near,Female,68,2,1,0,1,0,1,0.3380005269875655,-0.08465245807842814
30,78,Medium,High,Yes,10,97,Medium,1,Low,Low,Positive,2,No,High School,Far,Male,70,1,1,1,0,0,1,1.6735283624106625,-0.1712580310923911
26,83,Medium,High,Yes,7,89,Medium,3,Low,Medium,Positive,3,No,High School,Moderate,Male,72,1,1,1,0,0,1,1.005764444699114,0.26176983397742365
21,66,Low,High,Yes,7,68,High,2,Low,Medium,Positive,1,No,High School,Near,Female,65,0,2,0,1,0,1,0.17105954755967837,-1.2105249072599464
26,79,Medium,High,No,6,88,Medium,1,Low,High,Positive,3,Yes,College,Near,Male,70,1,1,0,1,0,1,1.005764444699114,-0.08465245807842814
14,93,Medium,Medium,No,8,80,Low,2,Low,Medium,Positive,4,No,Postgraduate,Near,Male,69,1,0,1,0,0,1,-0.9975273084355315,1.1278255641170531
22,61,Medium,Medium,No,6,84,Low,0,Medium,Medium,Positive,2,No,Postgraduate,Near,Male,64,1,0,0,1,0,1,0.3380005269875655,-1.6435527723297614
31,71,Low,High,Yes,7,66,Medium,3,Low,Medium,Negative,1,No,High School,Near,Male,67,0,1,1,0,0,1,1.8404693418385496,-0.7774970421901317
19,60,High,High,Yes,6,60,High,1,Low,Medium,Positive,2,No,College,Near,Male,65,2,2,0,1,0,1,-0.16282241129609587,-1.7301583453437241
15,77,Low,Medium,Yes,8,63,Medium,0,Medium,Medium,Neutral,1,No,High School,Near,Female,62,0,1,0,1,0,1,-0.8305863290076444,-0.25786360410635406
16,89,High,Medium,No,8,54,Medium,2,Low,High,Positive,2,No,College,Moderate,Male,68,2,1,1,0,0,1,-0.6636453495797573,0.7814032720612014
13,92,Medium,High,No,6,74,High,2,Low,Medium,Neutral,2,No,College,Near,Male,68,1,2,1,0,0,1,-1.1644682878634187,1.0412199911030902
15,98,Medium,Medium,No,6,70,Low,1,Medium,High,Positive,3,No,High School,Moderate,Male,68,1,0,1,0,0,1,-0.8305863290076444,1.5608534291868679
18,84,Medium,Low,Yes,6,50,Medium,4,High,High,Negative,3,No,Postgraduate,Near,Male,68,1,1,1,0,0,1,-0.329763390723983,0.34837540699138664
12,70,Medium,Medium,Yes,7,93,Medium,1,Low,High,Neutral,4,No,High School,Far,Female,62,1,1,0,1,0,1,-1.3314092672913058,-0.8641026152040947
20,97,Medium,Low,Yes,8,84,Low,4,Medium,Medium,Positive,5,No,High School,Near,Female,72,1,0,0,1,0,1,0.0041185681317912485,1.474247856172905
25,91,Low,Medium,No,7,72,Medium,1,Medium,High,Neutral,3,No,College,Far,Male,69,0,1,1,0,0,1,0.8388234652712269,0.9546144180891273
15,83,Medium,High,No,4,98,Low,3,Low,High,Positive,3,No,High School,Moderate,Female,68,1,0,0,1,0,1,-0.8305863290076444,0.26176983397742365
29,88,Low,Medium,Yes,8,97,Medium,4,Low,High,Negative,3,Yes,College,Moderate,Male,71,0,1,0,1,0,1,1.5065873829827754,0.6947976990472384
23,97,Low,High,Yes,5,55,Medium,0,Medium,Low,Neutral,3,No,High School,Moderate,Female,69,0,1,0,1,0,1,0.5049415064154527,1.474247856172905
26,88,Low,High,No,6,81,Medium,1,High,Medium,Positive,2,No,High School,Near,Male,71,0,1,0,1,0,1,1.005764444699114,0.6947976990472384
16,75,Medium,High,Yes,7,91,Low,2,Low,Low,Positive,5,No,High School,Far,Male,65,1,0,0,1,0,1,-0.6636453495797573,-0.4310747501342799
25,89,Medium,High,No,7,59,Medium,1,Low,Medium,Neutral,4,Yes,High School,Near,Male,68,1,1,0,1,0,1,0.8388234652712269,0.7814032720612014
13,62,Medium,Medium,Yes,8,56,Low,1,Low,High,Positive,4,Yes,High School,Near,Female,60,1,0,0,1,0,1,-1.1644682878634187,-1.5569471993157984
25,75,Medium,Medium,Yes,6,63,Low,3,High,Medium,Neutral,4,No,High School,Near,Male,68,1,0,1,0,0,1,0.8388234652712269,-0.4310747501342799
21,76,Low,High,No,6,64,Medium,1,Medium,Medium,Neutral,4,No,High School,Near,Female,66,0,1,0,1,0,1,0.17105954755967837,-0.344469177120317
23,67,Medium,Medium,No,7,98,Low,4,Low,Medium,Neutral,3,No,High School,Moderate,Male,66,1,0,1,0,0,1,0.5049415064154527,-1.1239193342459837
13,61,Medium,Medium,Yes,8,89,Low,4,Low,Medium,Neutral,4,No,High School,Far,Female,62,1,0,1,0,0,1,-1.1644682878634187,-1.6435527723297614
15,65,Medium,Medium,No,8,53,Medium,2,Low,Medium,Negative,3,No,College,Near,Male,61,1,1,0,1,0,1,-0.8305863290076444,-1.2971304802739094
24,86,High,Medium,No,7,89,Low,2,Low,Medium,Negative,3,No,Postgraduate,Far,Female,69,2,0,0,1,0,1,0.6718824858433398,0.5215865530193126
14,92,Medium,High,Yes,9,58,High,1,High,Low,Positive,2,No,High School,Near,Male,69,1,2,0,1,0,1,-0.9975273084355315,1.0412199911030902
23,100,Medium,Medium,Yes,9,68,Medium,4,High,High,Negative,3,No,Postgraduate,Near,Male,74,1,1,1,0,0,1,0.5049415064154527,1.7340645752147938
12,74,Medium,High,Yes,8,66,Low,1,Low,Medium,Negative,4,No,High School,Near,Female,62,1,0,0,1,0,1,-1.3314092672913058,-0.5176803231482429
25,84,Medium,Medium,Yes,5,64,Medium,0,Low,Medium,Negative,3,No,College,Moderate,Female,67,1,1,0,1,0,1,0.8388234652712269,0.34837540699138664
13,97,High,Medium,No,8,65,High,1,Low,Medium,Positive,2,No,High School,Near,Female,69,2,2,1,0,0,1,-1.1644682878634187,1.474247856172905
23,67,High,Low,Yes,7,88,Medium,1,Low,Medium,Positive,4,No,High School,Near,Male,66,2,1,1,0,0,1,0.5049415064154527,-1.1239193342459837
24,89,Medium,High,Yes,6,63,Medium,2,High,Medium,Positive,3,No,College,Near,Male,72,1,1,1,0,0,1,0.6718824858433398,0.7814032720612014
16,90,High,Low,No,6,90,Medium,2,High,Medium,Neutral,3,No,High School,Near,Male,69,2,1,0,1,0,1,-0.6636453495797573,0.8680088450751643
23,64,Medium,High,Yes,7,55,Medium,0,Medium,Medium,Positive,4,No,High School,Moderate,Male,65,1,1,0,1,0,1,0.5049415064154527,-1.3837360532878724
22,94,Medium,High,No,6,80,Low,0,High,Medium,Positive,2,No,Postgraduate,Near,Male,72,1,0,1,0,0,1,0.3380005269875655,1.2144311371310161
17,93,Low,Medium,Yes,7,93,Low,2,Medium,Medium,Positive,4,No,High School,Near,Male,69,0,0,1,0,0,1,-0.49670437015187013,1.1278255641170531
14,61,Medium,High,No,7,54,Medium,3,Low,Medium,Positive,2,Yes,High School,Near,Female,60,1,1,0,1,0,1,-0.9975273084355315,-1.6435527723297614
8,64,High,Medium,No,7,82,High,0,High,Medium,Neutral,1,Yes,Postgraduate,Near,Female,61,2,2,0,1,0,1,-1.9991731850028542,-1.3837360532878724
22,62,High,Low,No,8,76,Medium,1,Medium,Low,Neutral,3,No,High School,Near,Male,63,2,1,0,1,0,1,0.3380005269875655,-1.5569471993157984
11,73,Medium,Medium,No,7,67,Medium,3,Medium,High,Positive,5,Yes,Postgraduate,Near,Male,63,1,1,1,0,1,0,-1.498350246719193,-0.6042858961622058
21,80,Medium,Medium,Yes,6,55,High,1,High,High,Negative,3,No,Postgraduate,Moderate,Male,68,1,2,0,1,0,1,0.17105954755967837,0.0019531149355348125
18,81,Medium,Medium,Yes,4,84,Low,1,Medium,Medium,Positive,4,No,College,Near,Female,68,1,0,1,0,0,1,-0.329763390723983,0.08855868794949777
24,71,High,Medium,No,8,65,Medium,1,Low,Medium,Negative,2,No,High School,Near,Male,65,2,1,1,0,0,1,0.6718824858433398,-0.7774970421901317
18,96,Medium,High,No,7,67,Medium,1,High,Medium,Positive,2,No,High School,Near,Female,71,1,1,0,1,0,1,-0.329763390723983,1.3876422831589421
18,75,Medium,Medium,Yes,7,86,Low,1,Low,Medium,Negative,3,No,High School,Near,Male,64,1,0,1,0,0,1,-0.329763390723983,-0.4310747501342799
24,62,Medium,Medium,No,9,97,Medium,1,Medium,Medium,Negative,2,No,Postgraduate,Near,Male,65,1,1,1,0,0,1,0.6718824858433398,-1.5569471993157984
22,72,High,Medium,Yes,5,67,Low,2,Medium,Medium,Neutral,4,No,College,Near,Female,67,2,0,0,1,0,1,0.3380005269875655,-0.6908914691761688
22,81,High,Medium,No,7,87,Low,0,Low,Medium,Neutral,2,No,High School,Near,Female,67,2,0,0,1,0,1,0.3380005269875655,0.08855868794949777
23,76,Low,Medium,Yes,6,98,Medium,1,Low,High,Neutral,3,No,College,Moderate,Male,67,0,1,0,1,0,1,0.5049415064154527,-0.344469177120317
11,71,Low,Medium,Yes,8,55,Medium,1,Low,Medium,Negative,3,No,College,Near,Female,87,0,1,0,1,0,1,-1.498350246719193,-0.7774970421901317
25,65,High,High,Yes,4,76,High,1,High,Medium,Neutral,1,No,High School,Moderate,Female,67,2,2,1,0,0,1,0.8388234652712269,-1.2971304802739094
24,93,High,Medium,Yes,8,51,High,4,Medium,Medium,Positive,2,Yes,High School,Near,Male,72,2,2,1,0,0,1,0.6718824858433398,1.1278255641170531
14,100,Medium,Low,Yes,8,91,High,0,Low,High,Neutral,3,No,High School,Near,Female,69,1,2,0,1,0,1,-0.9975273084355315,1.7340645752147938
19,73,Medium,Medium,Yes,6,64,Low,1,High,Medium,Positive,3,No,College,Moderate,Female,65,1,0,0,1,0,1,-0.16282241129609587,-0.6042858961622058
20,75,High,Medium,Yes,7,67,Low,1,Low,Medium,Positive,4,No,High School,Near,Female,66,2,0,1,0,0,1,0.0041185681317912485,-0.4310747501342799
19,85,High,High,No,6,84,Low,3,Medium,Medium,Negative,3,No,Postgraduate,Near,Male,70,2,0,1,0,0,1,-0.16282241129609587,0.43498098000534957
22,89,High,High,Yes,8,89,Medium,0,Medium,Medium,Neutral,3,No,High School,Moderate,Male,71,2,1,1,0,0,1,0.3380005269875655,0.7814032720612014
29,76,Medium,High,Yes,8,70,Low,1,Low,Low,Neutral,4,No,College,Moderate,Female,67,1,0,0,1,1,0,1.5065873829827754,-0.344469177120317
26,96,High,Medium,No,5,83,Medium,0,Medium,High,Positive,2,No,High School,Far,Male,72,2,1,0,1,0,1,1.005764444699114,1.3876422831589421
12,82,Low,Medium,No,5,98,Medium,0,Low,High,Neutral,1,No,High School,Moderate,Male,63,0,1,0,1,0,1,-1.3314092672913058,0.17516426096346072
24,78,High,Low,Yes,9,94,Low,0,Low,High,Neutral,4,No,High School,Moderate,Female,67,2,0,0,1,0,1,0.6718824858433398,-0.1712580310923911
28,86,Low,Medium,No,10,85,Medium,6,Low,High,Neutral,2,No,High School,Near,Male,72,0,1,0,1,0,1,1.3396464035548883,0.5215865530193126
22,98,Medium,Medium,No,8,97,Low,1,High,Medium,Positive,1,Yes,Postgraduate,Near,Female,72,1,0,1,0,0,1,0.3380005269875655,1.5608534291868679
27,92,Medium,Medium,No,8,94,Medium,1,Low,Medium,Negative,4,No,College,Near,Female,70,1,1,1,0,1,0,1.1727054241270012,1.0412199911030902
32,62,High,Medium,No,7,86,Low,0,Low,Medium,Positive,2,No,High School,Near,Female,67,2,0,0,1,0,1,2.0074103212664367,-1.5569471993157984
26,73,Medium,Medium,No,7,96,High,0,Medium,High,Neutral,3,No,High School,Near,Female,68,1,2,1,0,0,1,1.005764444699114,-0.6042858961622058
21,79,Low,Medium,Yes,8,91,High,1,Low,Medium,Positive,3,No,High School,Moderate,Male,67,0,2,0,1,0,1,0.17105954755967837,-0.08465245807842814
26,73,High,High,No,7,75,Low,3,Low,Medium,Positive,5,No,College,Near,Male,70,2,0,0,1,0,1,1.005764444699114,-0.6042858961622058
21,88,Medium,Low,No,9,75,High,1,Medium,High,Neutral,2,No,Postgraduate,Moderate,Female,67,1,2,1,0,1,0,0.17105954755967837,0.6947976990472384
20,93,Medium,Medium,Yes,7,50,Medium,1,High,High,Positive,4,No,College,Near,Male,71,1,1,0,1,0,1,0.0041185681317912485,1.1278255641170531
18,89,High,Low,Yes,7,52,Medium,1,High,High,Positive,3,No,Postgraduate,Near,Female,69,2,1,0,1,0,1,-0.329763390723983,0.7814032720612014
29,100,Medium,Medium,Yes,7,87,Medium,3,Low,Medium,Negative,5,No,College,Near,Female,74,1,1,0,1,1,0,1.5065873829827754,1.7340645752147938
15,71,High,Low,No,7,78,Medium,0,Medium,Medium,Positive,3,No,High School,Near,Male,63,2,1,1,0,0,1,-0.8305863290076444,-0.7774970421901317
29,95,Medium,Low,Yes,9,88,Medium,0,Medium,High,Neutral,2,No,High School,Near,Female,72,1,1,0,1,0,1,1.5065873829827754,1.3010367101449791
23,91,High,Low,Yes,7,97,Low,2,Low,Medium,Neutral,3,No,College,Moderate,Male,71,2,0,0,1,0,1,0.5049415064154527,0.9546144180891273
12,74,High,Medium,No,7,73,Medium,1,Low,Medium,Neutral,5,No,High School,Near,Male,64,2,1,0,1,0,1,-1.3314092672913058,-0.5176803231482429
22,89,Medium,Medium,Yes,7,54,Medium,1,High,Medium,Positive,3,No,High School,Near,Female,69,1,1,0,1,0,1,0.3380005269875655,0.7814032720612014
7,64,High,High,No,6,81,Medium,2,Low,Low,Positive,3,No,Postgraduate,Moderate,Female,62,2,1,1,0,0,1,-2.1661141644307413,-1.3837360532878724
24,92,Medium,Medium,Yes,5,55,Medium,1,Medium,Medium,Neutral,4,No,College,Near,Male,69,1,1,0,1,1,0,0.6718824858433398,1.0412199911030902
25,81,High,Low,Yes,9,81,Low,2,Low,Medium,Neutral,3,No,High School,Near,Male,68,2,0,0,1,0,1,0.8388234652712269,0.08855868794949777
16,72,High,Medium,Yes,9,76,High,6,Low,Low,Negative,3,No,High School,Near,Male,67,2,2,0,1,0,1,-0.6636453495797573,-0.6908914691761688
21,86,Medium,Medium,Yes,9,86,High,2,Medium,Medium,Neutral,3,No,Postgraduate,Near,Male,71,1,2,0,1,0,1,0.17105954755967837,0.5215865530193126
32,86,Medium,Medium,Yes,5,68,Low,1,Medium,Medium,Negative,4,No,High School,Moderate,Male,70,1,0,0,1,0,1,2.0074103212664367,0.5215865530193126
17,68,High,Medium,No,9,57,Medium,2,Medium,Low,Neutral,3,No,High School,Moderate,Male,63,2,1,0,1,0,1,-0.49670437015187013,-1.0373137612320207
14,61,Low,High,No,10,62,Medium,0,High,Medium,Negative,4,No,College,Moderate,Female,60,0,1,0,1,0,1,-0.9975273084355315,-1.6435527723297614
29,77,Medium,Medium,No,9,84,Medium,0,Low,High,Neutral,3,No,College,Near,Female,69,1,1,0,1,0,1,1.5065873829827754,-0.25786360410635406
32,83,Medium,Medium,Yes,9,74,Medium,3,Low,Medium,Neutral,3,No,College,Moderate,Male,71,1,1,0,1,0,1,2.0074103212664367,0.26176983397742365
20,95,Low,Low,Yes,8,77,Medium,1,High,High,Positive,2,No,High School,Near,Male,69,0,1,0,1,0,1,0.0041185681317912485,1.3010367101449791
26,97,High,Low,Yes,6,66,Medium,2,Medium,Medium,Positive,1,No,College,Near,Female,73,2,1,0,1,0,1,1.005764444699114,1.474247856172905
28,81,Medium,High,Yes,8,92,Medium,1,High,Medium,Positive,3,No,College,Near,Female,73,1,1,0,1,0,1,1.3396464035548883,0.08855868794949777
16,90,Medium,Medium,No,5,100,Medium,1,Low,Medium,Positive,3,No,High School,Moderate,Female,68,1,1,0,1,0,1,-0.6636453495797573,0.8680088450751643
17,78,High,Medium,Yes,6,66,Medium,2,Low,Medium,Positive,4,No,College,Moderate,Male,67,2,1,0,1,0,1,-0.49670437015187013,-0.1712580310923911
27,90,Medium,High,No,7,86,High,2,Medium,Medium,Positive,3,No,College,Moderate,Male,74,1,2,0,1,0,1,1.1727054241270012,0.8680088450751643
30,68,Medium,High,No,7,59,Medium,3,Low,Medium,Positive,3,No,College,Moderate,Male,68,1,1,0,1,0,1,1.6735283624106625,-1.0373137612320207
23,75,High,Medium,No,8,87,Low,1,Medium,High,Positive,2,No,College,Near,Female,69,2,0,0,1,0,1,0.5049415064154527,-0.4310747501342799
15,85,High,Medium,No,4,72,Medium,4,Low,High,Neutral,4,No,College,Near,Male,69,2,1,1,0,0,1,-0.8305863290076444,0.43498098000534957
32,61,High,High,Yes,7,80,Medium,0,Low,Medium,Positive,4,Yes,College,Moderate,Female,68,2,1,0,1,0,1,2.0074103212664367,-1.6435527723297614
17,89,Low,High,No,8,62,Medium,1,Low,High,Positive,1,No,High School,Moderate,Male,66,0,1,0,1,0,1,-0.49670437015187013,0.7814032720612014
18,93,Low,Low,Yes,8,93,Medium,3,Low,High,Negative,3,No,Postgraduate,Moderate,Male,69,0,1,0,1,0,1,-0.329763390723983,1.1278255641170531
22,76,Medium,Medium,Yes,8,59,Medium,1,Low,Medium,Positive,2,No,College,Near,Female,66,1,1,0,1,0,1,0.3380005269875655,-0.344469177120317
29,78,Low,Medium,Yes,7,96,High,5,Low,Medium,Positive,4,No,College,Moderate,Male,72,0,2,0,1,0,1,1.5065873829827754,-0.1712580310923911
25,94,Medium,Low,Yes,6,53,Low,1,Medium,Medium,Negative,3,No,High School,Near,Female,69,1,0,0,1,0,1,0.8388234652712269,1.2144311371310161
22,91,Medium,Medium,Yes,8,64,Medium,1,Low,High,Positive,3,Yes,High School,Moderate,Male,68,1,1,0,1,0,1,0.3380005269875655,0.9546144180891273
23,72,Medium,Medium,Yes,7,78,Medium,1,Low,Medium,Neutral,3,No,High School,Near,Male,66,1,1,1,0,0,1,0.5049415064154527,-0.6908914691761688
20,73,Medium,Low,Yes,8,93,High,1,Low,High,Negative,4,No,High School,Far,Male,65,1,2,0,1,0,1,0.0041185681317912485,-0.6042858961622058
23,87,Medium,Medium,No,8,79,High,2,Low,High,Neutral,2,No,Postgraduate,Near,Male,71,1,2,0,1,0,1,0.5049415064154527,0.6081921260332754
5,83,Medium,Medium,Yes,7,61,Medium,2,Low,Medium,Negative,4,No,High School,Moderate,Male,61,1,1,0,1,0,1,-2.4999961232865155,0.26176983397742365
18,66,Low,Medium,Yes,6,93,Medium,1,Low,Medium,Neutral,3,Yes,College,Near,Female,63,0,1,0,1,0,1,-0.329763390723983,-1.2105249072599464
21,72,Medium,High,Yes,9,80,Low,1,Medium,Medium,Neutral,3,No,High School,Near,Female,66,1,0,0,1,0,1,0.17105954755967837,-0.6908914691761688
13,96,Medium,High,No,8,62,Medium,0,High,Medium,Neutral,2,No,Postgraduate,Near,Male,69,1,1,1,0,0,1,-1.1644682878634187,1.3876422831589421
22,88,High,High,Yes,10,78,Medium,0,Medium,High,Positive,2,No,High School,Moderate,Male,71,2,1,1,0,0,1,0.3380005269875655,0.6947976990472384
19,99,High,Medium,Yes,8,84,High,0,High,Medium,Positive,4,No,High School,Near,Female,73,2,2,0,1,0,1,-0.16282241129609587,1.6474590022008309
31,91,High,Medium,Yes,8,84,Low,2,Low,Medium,Negative,2,No,High School,Near,Male,72,2,0,0,1,0,1,1.8404693418385496,0.9546144180891273
29,98,Medium,High,No,5,86,Low,2,Medium,Medium,Negative,4,No,High School,Far,Male,73,1,0,1,0,0,1,1.5065873829827754,1.5608534291868679
17,69,Low,High,Yes,7,95,Medium,1,Low,High,Positive,2,No,High School,Moderate,Male,65,0,1,1,0,0,1,-0.49670437015187013,-0.9507081882180577
19,91,Low,High,Yes,7,91,Medium,1,High,High,Neutral,3,No,High School,Near,Female,71,0,1,0,1,0,1,-0.16282241129609587,0.9546144180891273
20,61,High,Medium,Yes,8,80,Medium,1,Low,High,Positive,3,No,High School,Near,Male,65,2,1,0,1,0,1,0.0041185681317912485,-1.6435527723297614
17,87,Medium,Medium,No,8,52,Low,1,Medium,Medium,Positive,5,No,College,Near,Male,67,1,0,0,1,0,1,-0.49670437015187013,0.6081921260332754
21,79,Medium,High,Yes,8,87,Medium,1,Low,High,Neutral,2,No,Postgraduate,Moderate,Male,69,1,1,0,1,0,1,0.17105954755967837,-0.08465245807842814
15,74,Low,High,No,10,99,Low,0,Low,Medium,Neutral,3,No,College,Moderate,Male,63,0,0,1,0,1,0,-0.8305863290076444,-0.5176803231482429
13,94,Low,High,Yes,6,65,High,2,Medium,Medium,Neutral,2,No,Postgraduate,Moderate,Male,68,0,2,0,1,0,1,-1.1644682878634187,1.2144311371310161
24,94,High,Low,Yes,8,80,High,1,Low,Medium,Neutral,4,No,High School,Near,Female,70,2,2,0,1,1,0,0.6718824858433398,1.2144311371310161
24,61,Medium,Medium,Yes,8,88,Low,1,Low,Medium,Positive,4,No,High School,Moderate,Female,64,1,0,1,0,0,1,0.6718824858433398,-1.6435527723297614
15,84,Medium,Medium,No,10,82,Medium,1,High,Low,Negative,2,Yes,High School,Near,Male,64,1,1,1,0,0,1,-0.8305863290076444,0.34837540699138664
25,75,Low,High,Yes,8,96,High,1,Low,Medium,Neutral,0,No,College,Near,Male,68,0,2,1,0,0,1,0.8388234652712269,-0.4310747501342799
16,77,Medium,High,Yes,8,74,Medium,0,High,Low,Neutral,2,No,College,Moderate,Female,65,1,1,1,0,0,1,-0.6636453495797573,-0.25786360410635406
22,93,High,Medium,No,8,77,Medium,0,High,Medium,Neutral,1,No,High School,Near,Female,70,2,1,0,1,0,1,0.3380005269875655,1.1278255641170531
25,72,Medium,Medium,Yes,8,52,Low,0,Medium,Medium,Positive,2,No,Postgraduate,Near,Male,66,1,0,1,0,0,1,0.8388234652712269,-0.6908914691761688
20,98,High,Low,Yes,9,95,Low,1,Low,Medium,Positive,2,No,High School,Moderate,Female,70,2,0,0,1,0,1,0.0041185681317912485,1.5608534291868679
23,67,Medium,Medium,Yes,6,63,High,3,Low,High,Neutral,3,No,High School,Near,Male,66,1,2,1,0,0,1,0.5049415064154527,-1.1239193342459837
17,87,Medium,Medium,No,6,99,Medium,2,Low,Medium,Neutral,2,No,Postgraduate,Near,Male,69,1,1,1,0,0,1,-0.49670437015187013,0.6081921260332754
19,87,High,High,No,10,60,High,2,Medium,Low,Positive,3,No,High School,Moderate,Male,69,2,2,1,0,0,1,-0.16282241129609587,0.6081921260332754
19,70,High,High,No,4,63,Medium,1,Low,Medium,Neutral,3,No,College,Far,Female,64,2,1,1,0,0,1,-0.16282241129609587,-0.8641026152040947
16,73,Medium,Medium,Yes,7,74,Low,1,Low,High,Positive,3,No,High School,Moderate,Male,64,1,0,0,1,0,1,-0.6636453495797573,-0.6042858961622058
19,93,Low,Medium,Yes,7,83,Medium,1,Medium,Medium,Positive,3,No,High School,Near,Female,69,0,1,0,1,0,1,-0.16282241129609587,1.1278255641170531
11,90,Medium,Medium,Yes,7,72,High,3,Medium,Medium,Negative,3,No,High School,Near,Female,67,1,2,0,1,0,1,-1.498350246719193,0.8680088450751643
17,73,Low,Medium,Yes,9,68,Low,2,Medium,Medium,Positive,3,Yes,College,Near,Female,63,0,0,0,1,0,1,-0.49670437015187013,-0.6042858961622058
18,81,Low,High,Yes,8,77,Low,1,Medium,High,Positive,3,No,College,Moderate,Male,67,0,0,0,1,0,1,-0.329763390723983,0.08855868794949777
18,62,Medium,High,No,6,98,Low,3,Medium,Medium,Neutral,1,No,College,Near,Male,65,1,0,1,0,0,1,-0.329763390723983,-1.5569471993157984
19,68,Medium,Medium,Yes,6,98,Low,2,Low,Medium,Positive,1,No,High School,Moderate,Female,64,1,0,0,1,0,1,-0.16282241129609587,-1.0373137612320207
20,79,High,Medium,No,7,66,Low,3,High,Medium,Negative,3,No,College,Near,Female,68,2,0,0,1,0,1,0.0041185681317912485,-0.08465245807842814
23,63,Low,Medium,Yes,9,84,High,0,High,Medium,Neutral,3,No,High School,Near,Female,64,0,2,0,1,0,1,0.5049415064154527,-1.4703416263018354
25,94,High,Medium,No,7,86,Low,2,Low,Medium,Negative,4,No,College,Moderate,Male,70,2,0,1,0,1,0,0.8388234652712269,1.2144311371310161
16,89,High,Medium,Yes,7,83,High,0,Low,High,Positive,4,No,Postgraduate,Moderate,Male,70,2,2,0,1,0,1,-0.6636453495797573,0.7814032720612014
13,98,High,Low,Yes,6,56,Medium,1,High,Low,Negative,3,No,College,Moderate,Female,67,2,1,0,1,0,1,-1.1644682878634187,1.5608534291868679
14,88,High,High,Yes,8,77,Medium,2,Medium,Medium,Positive,3,No,College,Far,Male,69,2,1,0,1,0,1,-0.9975273084355315,0.6947976990472384
17,98,High,Medium,No,7,88,Medium,2,Low,High,Negative,4,No,High School,Far,Male,70,2,1,1,0,0,1,-0.49670437015187013,1.5608534291868679
18,82,High,High,No,6,60,Medium,5,Medium,High,Negative,3,No,College,Near,Male,69,2,1,0,1,0,1,-0.329763390723983,0.17516426096346072
15,84,Medium,Low,Yes,9,67,Medium,1,Medium,High,Negative,3,No,College,Moderate,Male,65,1,1,1,0,0,1,-0.8305863290076444,0.34837540699138664
12,99,Medium,High,Yes,10,60,Medium,0,Low,Low,Negative,1,No,High School,Moderate,Male,66,1,1,0,1,0,1,-1.3314092672913058,1.6474590022008309
17,86,High,High,Yes,7,94,Medium,2,Medium,Medium,Neutral,3,No,High School,Moderate,Male,70,2,1,0,1,0,1,-0.49670437015187013,0.5215865530193126
21,61,Medium,Low,Yes,7,93,Low,1,Low,High,Negative,5,No,High School,Near,Male,63,1,0,1,0,0,1,0.17105954755967837,-1.6435527723297614
24,89,Low,Medium,No,5,58,Medium,3,High,Medium,Positive,3,No,High School,Near,Female,69,0,1,0,1,0,1,0.6718824858433398,0.7814032720612014
17,96,High,High,Yes,8,88,Medium,4,Low,Low,Positive,4,No,Postgraduate,Near,Male,74,2,1,1,0,0,1,-0.49670437015187013,1.3876422831589421
18,92,Medium,Medium,Yes,8,68,Low,2,High,High,Positive,3,No,High School,Near,Male,70,1,0,1,0,0,1,-0.329763390723983,1.0412199911030902
14,83,High,Medium,No,7,84,Medium,1,Low,Medium,Neutral,3,No,High School,Near,Female,66,2,1,0,1,0,1,-0.9975273084355315,0.26176983397742365
20,87,Low,High,Yes,6,75,Medium,0,Low,Medium,Positive,3,Yes,Postgraduate,Near,Male,68,0,1,0,1,0,1,0.0041185681317912485,0.6081921260332754
15,100,Medium,Low,No,10,74,Medium,2,Medium,Medium,Negative,5,No,High School,Far,Male,67,1,1,0,1,0,1,-0.8305863290076444,1.7340645752147938
23,64,Medium,Medium,Yes,8,94,Low,2,Medium,Medium,Positive,5,No,High School,Moderate,Female,66,1,0,1,0,0,1,0.5049415064154527,-1.3837360532878724
9,87,High,Medium,No,6,82,Medium,0,Low,Medium,Negative,3,No,College,Near,Female,65,2,1,0,1,0,1,-1.8322322055749671,0.6081921260332754
18,71,Low,Medium,Yes,8,62,Medium,3,High,High,Positive,2,No,College,Near,Male,66,0,1,0,1,0,1,-0.329763390723983,-0.7774970421901317
22,86,High,Medium,Yes,7,56,Medium,1,High,Medium,Positive,4,No,High School,Moderate,Male,69,2,1,1,0,0,1,0.3380005269875655,0.5215865530193126
21,84,Low,Medium,No,7,97,Medium,2,Low,Low,Neutral,4,No,High School,Moderate,Female,67,0,1,0,1,0,1,0.17105954755967837,0.34837540699138664
36,66,Low,High,Yes,8,58,High,1,Medium,Medium,Positive,3,No,College,Far,Male,69,0,2,0,1,0,1,2.675174238977985,-1.2105249072599464
22,68,Medium,Medium,No,4,87,High,2,Medium,Medium,Neutral,3,No,Postgraduate,Far,Female,66,1,2,0,1,0,1,0.3380005269875655,-1.0373137612320207
14,85,Medium,Medium,No,4,75,High,2,High,Medium,Negative,1,Yes,High School,Far,Female,64,1,2,0,1,0,1,-0.9975273084355315,0.43498098000534957
19,65,Medium,Medium,No,9,57,Low,1,Medium,Medium,Positive,2,Yes,High School,Near,Female,61,1,0,0,1,0,1,-0.16282241129609587,-1.2971304802739094
9,71,Low,High,Yes,7,89,Medium,0,Low,Medium,Negative,2,No,High School,Near,Male,61,0,1,0,1,0,1,-1.8322322055749671,-0.7774970421901317
20,93,Medium,Medium,Yes,6,95,Low,1,Medium,High,Negative,4,No,College,Moderate,Male,70,1,0,0,1,0,1,0.0041185681317912485,1.1278255641170531
15,73,Medium,High,No,5,56,Medium,1,Medium,Medium,Positive,2,No,Postgraduate,Near,Female,65,1,1,0,1,0,1,-0.8305863290076444,-0.6042858961622058
25,80,High,Low,No,7,53,Medium,1,Medium,Medium,Neutral,3,No,College,Moderate,Male,67,2,1,1,0,0,1,0.8388234652712269,0.0019531149355348125
17,98,Low,Medium,No,7,92,Medium,0,High,Medium,Positive,0,No,College,Near,Male,69,0,1,1,0,0,1,-0.49670437015187013,1.5608534291868679
19,69,Medium,Low,Yes,9,75,Medium,2,Medium,Low,Negative,5,No,High School,Moderate,Female,63,1,1,0,1,0,1,-0.16282241129609587,-0.9507081882180577
16,76,Medium,Medium,No,8,84,High,1,High,High,Neutral,4,No,High School,Near,Male,66,1,2,0,1,0,1,-0.6636453495797573,-0.344469177120317
30,84,High,Medium,Yes,7,72,Medium,3,Medium,Medium,Positive,2,No,High School,Near,Male,73,2,1,0,1,0,1,1.6735283624106625,0.34837540699138664
18,90,High,High,No,8,71,High,0,Low,Medium,Neutral,3,No,High School,Near,Female,68,2,2,0,1,1,0,-0.329763390723983,0.8680088450751643
31,96,High,High,Yes,9,65,High,0,Low,Medium,Positive,2,No,High School,Far,Male,74,2,2,1,0,0,1,1.8404693418385496,1.3876422831589421
25,97,Low,Medium,Yes,8,78,Medium,0,Medium,Medium,Neutral,3,No,High School,Near,Male,70,0,1,0,1,0,1,0.8388234652712269,1.474247856172905
23,91,High,Low,Yes,8,58,Medium,0,Medium,Medium,Positive,2,No,High School,Far,Male,68,2,1,0,1,0,1,0.5049415064154527,0.9546144180891273
22,69,High,High,No,7,86,Low,1,High,Medium,Positive,4,Yes,High School,Moderate,Female,67,2,0,0,1,0,1,0.3380005269875655,-0.9507081882180577
22,61,High,Medium,No,6,77,Low,1,Medium,Medium,Positive,4,No,Postgraduate,Moderate,Male,65,2,0,0,1,0,1,0.3380005269875655,-1.6435527723297614
8,75,Medium,Medium,No,5,92,Medium,5,High,High,Positive,4,No,High School,Moderate,Male,66,1,1,0,1,0,1,-1.9991731850028542,-0.4310747501342799
18,66,High,Medium,Yes,5,96,Medium,0,Low,Medium,Neutral,5,No,High School,Moderate,Female,64,2,1,0,1,0,1,-0.329763390723983,-1.2105249072599464
25,88,Medium,Medium,Yes,8,95,Low,1,High,High,Neutral,4,No,High School,Near,Female,72,1,0,0,1,0,1,0.8388234652712269,0.6947976990472384
20,86,Medium,Medium,Yes,8,80,High,2,Medium,Medium,Neutral,2,No,College,Near,Male,70,1,2,0,1,0,1,0.0041185681317912485,0.5215865530193126
12,62,Medium,Medium,Yes,9,66,Medium,1,Low,Medium,Neutral,2,No,College,Moderate,Female,60,1,1,1,0,0,1,-1.3314092672913058,-1.5569471993157984
20,93,Medium,Medium,Yes,8,68,Medium,1,Low,Low,Neutral,3,No,High School,Moderate,Male,68,1,1,0,1,0,1,0.0041185681317912485,1.1278255641170531
30,70,Medium,High,Yes,9,83,Medium,1,High,Medium,Neutral,2,No,Postgraduate,Near,Female,71,1,1,1,0,0,1,1.6735283624106625,-0.8641026152040947
27,77,Medium,Medium,Yes,7,86,Low,1,High,Medium,Neutral,3,No,High School,Moderate,Male,68,1,0,0,1,0,1,1.1727054241270012,-0.25786360410635406
20,87,High,Medium,Yes,8,58,Low,2,Low,Medium,Negative,2,Yes,Postgraduate,Near,Male,67,2,0,0,1,0,1,0.0041185681317912485,0.6081921260332754
26,77,Medium,Medium,Yes,5,100,Low,1,Low,High,Positive,5,No,High School,Near,Female,70,1,0,1,0,0,1,1.005764444699114,-0.25786360410635406
18,78,Medium,High,No,7,55,High,0,High,Medium,Negative,3,No,High School,Near,Male,65,1,2,0,1,0,1,-0.329763390723983,-0.1712580310923911
10,63,Medium,Medium,No,4,80,Medium,0,Low,Medium,Positive,3,No,College,Near,Male,60,1,1,0,1,0,1,-1.66529122614708,-1.4703416263018354
14,76,High,Low,No,7,77,Low,2,High,Medium,Positive,4,No,College,Near,Male,65,2,0,0,1,1,0,-0.9975273084355315,-0.344469177120317
29,91,Medium,Medium,No,9,80,Low,0,Low,High,Negative,4,No,High School,Near,Female,70,1,0,0,1,0,1,1.5065873829827754,0.9546144180891273
18,97,Low,Low,Yes,7,77,Medium,4,Low,Low,Neutral,4,No,Postgraduate,Near,Male,69,0,1,1,0,0,1,-0.329763390723983,1.474247856172905
19,77,High,Low,No,8,53,Medium,1,Low,Medium,Positive,3,No,High School,Near,Male,64,2,1,1,0,0,1,-0.16282241129609587,-0.25786360410635406
18,77,Low,Medium,No,7,100,Medium,2,High,High,Positive,3,Yes,High School,Near,Male,67,0,1,1,0,0,1,-0.329763390723983,-0.25786360410635406
31,88,Low,Medium,Yes,6,99,Low,2,High,Low,Negative,3,No,Postgraduate,Near,Male,73,0,0,0,1,0,1,1.8404693418385496,0.6947976990472384
30,98,Medium,High,No,7,76,High,1,Low,Medium,Neutral,3,No,College,Near,Male,74,1,2,0,1,0,1,1.6735283624106625,1.5608534291868679
33,71,Medium,Low,Yes,9,60,Medium,0,Medium,Medium,Positive,4,Yes,High School,Near,Male,67,1,1,0,1,0,1,2.174351300694324,-0.7774970421901317
19,78,Low,High,Yes,8,59,Medium,2,High,Medium,Positive,1,No,High School,Near,Male,66,0,1,0,1,0,1,-0.16282241129609587,-0.1712580310923911
22,92,Medium,Medium,No,6,53,Medium,4,High,Medium,Neutral,4,Yes,High School,Near,Male,69,1,1,0,1,0,1,0.3380005269875655,1.0412199911030902
11,84,High,Medium,No,5,81,Low,1,Low,Medium,Negative,3,No,High School,Moderate,Female,64,2,0,1,0,0,1,-1.498350246719193,0.34837540699138664
29,64,Medium,High,Yes,7,74,Medium,0,High,Medium,Positive,2,No,Postgraduate,Near,Female,69,1,1,0,1,0,1,1.5065873829827754,-1.3837360532878724
13,85,Low,High,Yes,6,71,Medium,1,Low,Medium,Positive,3,No,High School,Near,Female,66,0,1,0,1,0,1,-1.1644682878634187,0.43498098000534957
21,67,High,Medium,Yes,7,76,Medium,1,Medium,High,Neutral,2,Yes,High School,Near,Male,65,2,1,1,0,0,1,0.17105954755967837,-1.1239193342459837
13,80,Medium,Medium,Yes,5,94,High,1,Medium,Medium,Positive,3,No,High School,Near,Female,67,1,2,1,0,0,1,-1.1644682878634187,0.0019531149355348125
16,81,Medium,High,No,9,54,Medium,3,Medium,High,Negative,3,No,Postgraduate,Moderate,Male,67,1,1,0,1,0,1,-0.6636453495797573,0.08855868794949777
15,95,Medium,Medium,No,7,77,High,0,Low,Medium,Neutral,3,No,High School,Near,Female,68,1,2,1,0,0,1,-0.8305863290076444,1.3010367101449791
16,78,Medium,Low,No,7,85,Medium,4,Medium,Medium,Neutral,2,Yes,High School,Near,Male,65,1,1,0,1,0,1,-0.6636453495797573,-0.1712580310923911
17,71,Medium,Low,Yes,6,99,Low,4,Medium,Medium,Positive,3,Yes,Postgraduate,Near,Male,66,1,0,0,1,0,1,-0.49670437015187013,-0.7774970421901317
17,69,High,Medium,Yes,7,87,Low,2,Low,Medium,Neutral,3,No,College,Near,Male,65,2,0,0,1,0,1,-0.49670437015187013,-0.9507081882180577
25,95,Medium,Medium,Yes,7,77,High,0,Low,High,Neutral,3,No,Postgraduate,Near,Male,71,1,2,0,1,1,0,0.8388234652712269,1.3010367101449791
13,67,Medium,High,Yes,6,88,Medium,0,Low,Medium,Neutral,3,No,College,Moderate,Female,63,1,1,0,1,0,1,-1.1644682878634187,-1.1239193342459837
21,77,High,Low,Yes,7,100,Low,2,High,High,Positive,4,No,College,Near,Female,70,2,0,0,1,0,1,0.17105954755967837,-0.25786360410635406
27,67,High,High,Yes,9,94,High,0,High,Low,Positive,2,No,College,Near,Female,70,2,2,0,1,0,1,1.1727054241270012,-1.1239193342459837
17,91,Low,Medium,Yes,4,54,High,3,Low,Medium,Neutral,4,No,College,Moderate,Female,67,0,2,0,1,0,1,-0.49670437015187013,0.9546144180891273
16,79,High,Medium,Yes,7,79,High,2,High,High,Positive,2,No,High School,Moderate,Male,68,2,2,0,1,0,1,-0.6636453495797573,-0.08465245807842814
19,74,Medium,Low,Yes,6,89,Medium,0,High,Medium,Neutral,2,No,High School,Moderate,Male,63,1,1,0,1,1,0,-0.16282241129609587,-0.5176803231482429
27,74,Medium,High,Yes,9,84,Low,3,High,Medium,Negative,3,No,College,Near,Female,70,1,0,1,0,0,1,1.1727054241270012,-0.5176803231482429
21,94,Medium,Medium,No,7,71,Low,1,Low,High,Neutral,2,No,Postgraduate,Near,Male,69,1,0,1,0,1,0,0.17105954755967837,1.2144311371310161
17,82,Medium,Medium,Yes,5,66,Medium,1,Medium,Low,Positive,3,No,High School,Near,Female,66,1,1,0,1,0,1,-0.49670437015187013,0.17516426096346072
23,89,Low,High,No,7,81,Medium,2,Low,High,Neutral,2,No,Postgraduate,Moderate,Male,70,0,1,0,1,0,1,0.5049415064154527,0.7814032720612014
13,96,Medium,High,No,8,71,Low,1,Medium,Low,Positive,3,No,High School,Near,Male,68,1,0,0,1,0,1,-1.1644682878634187,1.3876422831589421
24,96,Medium,Medium,No,10,70,Medium,0,High,Medium,Negative,4,No,High School,Near,Female,70,1,1,0,1,0,1,0.6718824858433398,1.3876422831589421
22,73,Low,High,Yes,4,92,Medium,0,Low,Medium,Positive,4,No,Postgraduate,Moderate,Male,67,0,1,0,1,0,1,0.3380005269875655,-0.6042858961622058
18,98,Medium,High,Yes,5,66,Medium,0,Medium,Medium,Negative,0,No,Postgraduate,Near,Male,69,1,1,1,0,0,1,-0.329763390723983,1.5608534291868679
15,61,High,Low,Yes,9,82,Medium,2,Medium,High,Positive,2,No,Postgraduate,Near,Male,64,2,1,0,1,0,1,-0.8305863290076444,-1.6435527723297614
15,75,High,Medium,No,5,94,Low,1,Low,Medium,Negative,3,Yes,High School,Moderate,Female,62,2,0,0,1,1,0,-0.8305863290076444,-0.4310747501342799
23,96,Medium,Medium,No,7,81,Medium,1,Low,Medium,Positive,2,No,Postgraduate,Moderate,Male,71,1,1,1,0,0,1,0.5049415064154527,1.3876422831589421
27,71,High,Medium,Yes,6,75,Medium,2,Medium,High,Neutral,4,No,High School,Near,Male,69,2,1,1,0,0,1,1.1727054241270012,-0.7774970421901317
16,71,Medium,High,Yes,6,52,Low,0,High,High,Neutral,1,No,High School,Far,Male,62,1,0,0,1,0,1,-0.6636453495797573,-0.7774970421901317
23,72,Low,Medium,Yes,7,84,High,0,Medium,Medium,Positive,4,No,High School,Near,Male,66,0,2,0,1,0,1,0.5049415064154527,-0.6908914691761688
7,84,Medium,High,Yes,7,100,Low,3,Low,Medium,Negative,4,Yes,High School,Moderate,Male,64,1,0,1,0,0,1,-2.1661141644307413,0.34837540699138664
16,78,Low,High,No,9,90,Medium,3,Low,Medium,Negative,3,No,Postgraduate,Moderate,Male,66,0,1,0,1,0,1,-0.6636453495797573,-0.1712580310923911
20,89,High,Medium,Yes,9,82,Medium,2,High,High,Neutral,3,No,College,Near,Female,72,2,1,0,1,0,1,0.0041185681317912485,0.7814032720612014
15,96,High,High,Yes,8,73,Medium,3,Medium,Medium,Negative,3,No,College,Near,Female,71,2,1,1,0,0,1,-0.8305863290076444,1.3876422831589421
14,87,Medium,High,Yes,7,61,Medium,0,Low,Medium,Neutral,3,No,High School,Far,Male,65,1,1,0,1,0,1,-0.9975273084355315,0.6081921260332754
16,68,Medium,Medium,Yes,7,85,Medium,1,Medium,Medium,Positive,2,No,College,Near,Female,65,1,1,0,1,0,1,-0.6636453495797573,-1.0373137612320207
22,97,Medium,High,Yes,8,59,Medium,1,Low,Medium,Negative,3,No,High School,Near,Male,70,1,1,0,1,0,1,0.3380005269875655,1.474247856172905
19,71,Medium,High,Yes,9,94,High,1,High,Medium,Positive,4,No,High School,Near,Male,68,1,2,1,0,0,1,-0.16282241129609587,-0.7774970421901317
7,66,High,Low,Yes,8,68,High,0,Low,Medium,Negative,2,Yes,College,Moderate,Male,57,2,2,0,1,0,1,-2.1661141644307413,-1.2105249072599464
7,64,Medium,High,No,9,70,High,4,Low,Low,Neutral,4,Yes,High School,Far,Male,59,1,2,0,1,0,1,-2.1661141644307413,-1.3837360532878724
16,83,Low,Low,Yes,6,61,Medium,0,Medium,High,Neutral,4,No,College,Near,Male,64,0,1,0,1,0,1,-0.6636453495797573,0.26176983397742365
23,65,High,Medium,Yes,9,74,Medium,2,Medium,High,Neutral,3,No,College,Moderate,Male,67,2,1,1,0,0,1,0.5049415064154527,-1.2971304802739094
4,66,Low,High,No,8,84,Low,2,Low,High,Neutral,3,No,Postgraduate,Near,Female,60,0,0,0,1,0,1,-2.6669371027144027,-1.2105249072599464
17,72,High,High,Yes,6,65,Low,3,Low,High,Positive,2,No,Postgraduate,Far,Male,67,2,0,0,1,0,1,-0.49670437015187013,-0.6908914691761688
17,71,Medium,High,Yes,7,85,Low,2,Low,Low,Negative,2,No,College,Near,Female,65,1,0,1,0,0,1,-0.49670437015187013,-0.7774970421901317
28,84,Medium,Medium,Yes,7,81,Medium,1,Medium,High,Negative,3,No,College,Near,Male,71,1,1,0,1,0,1,1.3396464035548883,0.34837540699138664
18,93,Low,Medium,Yes,7,69,Medium,0,Low,Medium,Neutral,2,No,College,Near,Male,67,0,1,0,1,0,1,-0.329763390723983,1.1278255641170531
22,90,Medium,Medium,Yes,7,66,Low,0,Low,Medium,Positive,1,No,Postgraduate,Near,Male,69,1,0,0,1,0,1,0.3380005269875655,0.8680088450751643
21,70,High,Medium,Yes,5,93,High,1,Low,Medium,Neutral,3,No,College,Near,Male,68,2,2,0,1,0,1,0.17105954755967837,-0.8641026152040947
7,70,Medium,Medium,Yes,6,51,Medium,0,High,Medium,Neutral,1,No,High School,Moderate,Female,59,1,1,1,0,0,1,-2.1661141644307413,-0.8641026152040947
25,99,High,High,No,7,86,Low,3,Medium,Medium,Positive,3,No,College,Near,Female,75,2,0,0,1,1,0,0.8388234652712269,1.6474590022008309
21,60,Medium,Medium,Yes,6,71,Low,0,Medium,Low,Negative,4,Yes,High School,Far,Male,59,1,0,0,1,0,1,0.17105954755967837,-1.7301583453437241
23,95,High,Medium,No,6,86,Low,0,Medium,High,Neutral,3,No,High School,Moderate,Female,71,2,0,0,1,0,1,0.5049415064154527,1.3010367101449791
44,68,High,Low,No,9,75,Low,3,Medium,High,Negative,2,No,High School,Moderate,Female,71,2,0,1,0,0,1,4.010702074401082,-1.0373137612320207
7,98,Medium,Medium,No,7,54,High,0,Medium,High,Neutral,2,No,High School,Near,Female,66,1,2,1,0,0,1,-2.1661141644307413,1.5608534291868679
30,74,Medium,Low,No,10,99,Medium,1,High,Medium,Positive,2,No,High School,Moderate,Male,69,1,1,1,0,0,1,1.6735283624106625,-0.5176803231482429
18,78,High,Medium,Yes,7,54,Low,4,Low,High,Neutral,4,Yes,College,Moderate,Female,65,2,0,0,1,1,0,-0.329763390723983,-0.1712580310923911
22,88,Medium,Medium,Yes,9,58,Low,3,Low,Medium,Negative,2,No,College,Moderate,Male,68,1,0,1,0,0,1,0.3380005269875655,0.6947976990472384
20,84,High,Low,No,7,71,Medium,5,Low,High,Positive,2,No,High School,Far,Female,68,2,1,1,0,0,1,0.0041185681317912485,0.34837540699138664
17,73,Medium,Medium,Yes,6,97,High,1,Medium,High,Positive,3,No,High School,Near,Male,67,1,2,0,1,0,1,-0.49670437015187013,-0.6042858961622058
17,82,High,Medium,Yes,7,65,Medium,1,Medium,Medium,Positive,5,No,High School,Near,Male,68,2,1,0,1,0,1,-0.49670437015187013,0.17516426096346072
22,89,Low,Medium,Yes,9,78,Medium,0,Medium,Medium,Positive,3,No,High School,Moderate,Male,68,0,1,0,1,0,1,0.3380005269875655,0.7814032720612014
11,62,High,Medium,Yes,7,76,High,3,High,Medium,Neutral,3,Yes,High School,Moderate,Male,88,2,2,1,0,0,1,-1.498350246719193,-1.5569471993157984
25,60,Medium,High,Yes,8,67,Medium,1,Medium,High,Neutral,2,No,College,Near,Female,66,1,1,0,1,0,1,0.8388234652712269,-1.7301583453437241
18,78,High,Low,Yes,7,85,High,3,Low,Low,Negative,2,No,College,Near,Male,67,2,2,0,1,0,1,-0.329763390723983,-0.1712580310923911
13,65,Medium,High,No,7,75,Low,2,Medium,High,Neutral,4,No,High School,Moderate,Male,63,1,0,1,0,0,1,-1.1644682878634187,-1.2971304802739094
17,87,Medium,High,Yes,7,79,Medium,3,Low,Medium,Neutral,4,Yes,High School,Near,Female,68,1,1,0,1,0,1,-0.49670437015187013,0.6081921260332754
28,69,High,Low,No,6,61,Low,2,Medium,High,Positive,1,Yes,High School,Near,Male,65,2,0,0,1,0,1,1.3396464035548883,-0.9507081882180577
17,77,High,Medium,Yes,7,96,Medium,1,Low,Low,Positive,3,No,College,Near,Male,67,2,1,1,0,0,1,-0.49670437015187013,-0.25786360410635406
22,68,High,High,Yes,8,56,Medium,3,Medium,Medium,Positive,1,No,Postgraduate,Near,Male,67,2,1,1,0,1,0,0.3380005269875655,-1.0373137612320207
16,82,Medium,Medium,Yes,7,85,Medium,1,High,Medium,Neutral,4,No,High School,Near,Male,67,1,1,0,1,0,1,-0.6636453495797573,0.17516426096346072
25,65,Medium,Low,No,7,94,Low,1,Low,High,Positive,3,No,High School,Far,Male,64,1,0,0,1,0,1,0.8388234652712269,-1.2971304802739094
24,61,Medium,Medium,No,8,54,Medium,1,Low,Medium,Neutral,2,Yes,High School,Moderate,Male,61,1,1,0,1,0,1,0.6718824858433398,-1.6435527723297614
31,62,Medium,Medium,Yes,7,51,Medium,2,Medium,Medium,Neutral,1,No,College,Far,Female,65,1,1,0,1,0,1,1.8404693418385496,-1.5569471993157984
19,98,Low,High,Yes,7,67,High,1,Medium,Medium,Negative,4,No,High School,Moderate,Female,70,0,2,1,0,0,1,-0.16282241129609587,1.5608534291868679
24,66,Medium,High,No,8,89,Medium,0,Medium,High,Positive,2,No,College,Near,Male,67,1,1,0,1,0,1,0.6718824858433398,-1.2105249072599464
21,88,High,Low,No,7,86,Medium,1,Low,Medium,Positive,2,No,High School,Moderate,Male,68,2,1,1,0,0,1,0.17105954755967837,0.6947976990472384
28,63,Medium,Medium,Yes,7,91,Medium,1,Low,Medium,Positive,1,No,High School,Far,Male,65,1,1,1,0,0,1,1.3396464035548883,-1.4703416263018354
16,64,High,Medium,Yes,8,70,Low,3,High,High,Negative,3,No,High School,Far,Female,63,2,0,1,0,0,1,-0.6636453495797573,-1.3837360532878724
24,80,Medium,High,No,7,100,Medium,1,High,High,Neutral,3,No,Postgraduate,Moderate,Male,72,1,1,0,1,0,1,0.6718824858433398,0.0019531149355348125
19,79,High,Medium,Yes,7,68,Medium,2,High,High,Negative,1,No,College,Near,Female,68,2,1,0,1,0,1,-0.16282241129609587,-0.08465245807842814
20,98,Medium,High,Yes,7,90,Medium,2,Medium,Medium,Positive,4,No,High School,Near,Male,73,1,1,0,1,0,1,0.0041185681317912485,1.5608534291868679
21,98,High,Medium,Yes,7,68,High,0,Medium,Medium,Positive,3,Yes,College,Near,Female,71,2,2,0,1,0,1,0.17105954755967837,1.5608534291868679
22,91,Medium,High,No,5,61,Medium,3,Low,High,Neutral,2,No,Postgraduate,Far,Male,70,1,1,0,1,0,1,0.3380005269875655,0.9546144180891273
19,84,High,Medium,Yes,7,67,Low,0,Medium,Low,Positive,3,No,Postgraduate,Near,Female,68,2,0,0,1,0,1,-0.16282241129609587,0.34837540699138664
21,78,Medium,High,No,10,60,Medium,3,High,Medium,Negative,5,No,High School,Moderate,Male,68,1,1,0,1,0,1,0.17105954755967837,-0.1712580310923911
29,74,Medium,Medium,No,6,56,Low,2,Low,High,Neutral,3,No,Postgraduate,Near,Female,68,1,0,0,1,0,1,1.5065873829827754,-0.5176803231482429
26,98,Low,High,Yes,6,68,Medium,1,Low,Medium,Neutral,1,No,Postgraduate,Moderate,Male,71,0,1,1,0,0,1,1.005764444699114,1.5608534291868679
25,84,Medium,Medium,Yes,10,57,Low,4,Medium,Medium,Positive,2,No,College,Near,Male,70,1,0,0,1,0,1,0.8388234652712269,0.34837540699138664
17,83,High,Medium,No,6,75,Medium,2,Medium,Medium,Positive,3,Yes,High School,Near,Male,67,2,1,0,1,0,1,-0.49670437015187013,0.26176983397742365
15,69,Low,Medium,Yes,9,52,Medium,0,High,Medium,Neutral,3,No,College,Near,Female,61,0,1,0,1,0,1,-0.8305863290076444,-0.9507081882180577
26,62,High,Low,Yes,7,72,Low,1,Medium,Medium,Neutral,3,No,College,Moderate,Female,64,2,0,0,1,0,1,1.005764444699114,-1.5569471993157984
25,98,Low,Medium,No,7,98,Medium,1,Medium,Medium,Negative,4,No,Postgraduate,Near,Male,72,0,1,0,1,0,1,0.8388234652712269,1.5608534291868679
29,73,High,Medium,No,7,68,Low,1,Low,High,Positive,4,Yes,High School,Moderate,Male,67,2,0,1,0,0,1,1.5065873829827754,-0.6042858961622058
16,78,High,Low,Yes,8,57,High,1,Medium,Medium,Negative,3,No,College,Near,Male,65,2,2,0,1,0,1,-0.6636453495797573,-0.1712580310923911
19,65,Medium,Low,Yes,5,65,High,1,High,Medium,Positive,6,No,College,Moderate,Female,64,1,2,0,1,0,1,-0.16282241129609587,-1.2971304802739094
10,93,Low,Medium,Yes,7,90,Medium,0,Low,Medium,Positive,2,No,High School,Near,Female,66,0,1,1,0,0,1,-1.66529122614708,1.1278255641170531
18,61,Medium,Medium,No,6,66,Medium,1,Medium,High,Positive,2,No,High School,Moderate,Female,62,1,1,0,1,0,1,-0.329763390723983,-1.6435527723297614
26,93,Low,Medium,No,4,69,Medium,2,Low,Medium,Neutral,3,No,High School,Near,Male,70,0,1,0,1,0,1,1.005764444699114,1.1278255641170531
17,66,Medium,Medium,Yes,9,89,Medium,1,Medium,High,Positive,4,No,High School,Moderate,Female,64,1,1,0,1,1,0,-0.49670437015187013,-1.2105249072599464
24,95,Medium,Low,No,4,63,Low,3,Low,Medium,Positive,3,No,High School,Near,Female,70,1,0,0,1,0,1,0.6718824858433398,1.3010367101449791
19,89,Medium,Low,No,10,74,Medium,1,Low,Medium,Positive,2,No,High School,Moderate,Female,66,1,1,0,1,0,1,-0.16282241129609587,0.7814032720612014
22,67,Low,High,Yes,8,53,Medium,0,Medium,High,Negative,3,No,High School,Far,Male,62,0,1,0,1,0,1,0.3380005269875655,-1.1239193342459837
13,83,Low,Low,No,5,59,High,4,Low,Medium,Neutral,2,No,High School,Near,Female,63,0,2,1,0,0,1,-1.1644682878634187,0.26176983397742365
21,73,Low,Medium,Yes,9,60,High,2,Medium,Medium,Positive,3,No,College,Near,Male,66,0,2,0,1,0,1,0.17105954755967837,-0.6042858961622058
2,67,Medium,Medium,No,6,73,Low,1,Low,Medium,Positive,2,No,College,Moderate,Male,58,1,0,1,0,0,1,-3.000819061570177,-1.1239193342459837
19,94,Medium,High,Yes,6,91,Medium,1,Low,Medium,Negative,3,No,High School,Moderate,Male,70,1,1,0,1,0,1,-0.16282241129609587,1.2144311371310161
10,76,Medium,Low,No,4,68,Medium,1,High,Low,Neutral,6,No,College,Near,Male,63,1,1,1,0,0,1,-1.66529122614708,-0.344469177120317
27,76,Medium,High,Yes,6,69,High,0,Medium,High,Neutral,1,No,High School,Near,Male,70,1,2,0,1,0,1,1.1727054241270012,-0.344469177120317
25,67,High,Medium,Yes,6,65,Medium,1,Low,Medium,Negative,3,No,High School,Near,Male,65,2,1,0,1,0,1,0.8388234652712269,-1.1239193342459837
23,75,Medium,Low,Yes,8,66,Medium,5,Medium,Low,Neutral,3,No,High School,Near,Male,67,1,1,0,1,0,1,0.5049415064154527,-0.4310747501342799
29,95,High,Medium,No,9,70,Medium,1,Low,Medium,Positive,2,No,Postgraduate,Near,Female,73,2,1,1,0,1,0,1.5065873829827754,1.3010367101449791
14,75,Medium,Medium,Yes,5,95,Medium,0,Medium,Medium,Positive,3,No,College,Moderate,Male,82,1,1,0,1,0,1,-0.9975273084355315,-0.4310747501342799
30,98,Low,Medium,No,7,51,High,0,Low,Medium,Positive,2,No,High School,Near,Male,71,0,2,0,1,0,1,1.6735283624106625,1.5608534291868679
26,98,Medium,Medium,Yes,4,81,Low,1,Low,Medium,Positive,4,No,Postgraduate,Near,Male,73,1,0,0,1,0,1,1.005764444699114,1.5608534291868679
19,66,Medium,High,No,7,94,Low,1,High,Medium,Positive,4,No,High School,Moderate,Female,65,1,0,0,1,0,1,-0.16282241129609587,-1.2105249072599464
27,67,High,Medium,Yes,10,71,Medium,1,Low,High,Neutral,3,No,High School,Near,Female,67,2,1,0,1,0,1,1.1727054241270012,-1.1239193342459837
13,95,Medium,Medium,Yes,4,83,Low,1,Low,High,Neutral,4,No,College,Moderate,Male,67,1,0,0,1,1,0,-1.1644682878634187,1.3010367101449791
15,76,High,High,Yes,5,79,Medium,4,Medium,Medium,Neutral,4,No,Postgraduate,Moderate,Female,69,2,1,0,1,0,1,-0.8305863290076444,-0.344469177120317
16,60,Medium,High,Yes,8,67,Low,0,Low,Medium,Neutral,3,No,High School,Near,Male,61,1,0,0,1,0,1,-0.6636453495797573,-1.7301583453437241
17,71,Medium,Low,No,8,57,Medium,3,Medium,High,Positive,4,No,High School,Near,Female,64,1,1,1,0,0,1,-0.49670437015187013,-0.7774970421901317
14,84,Low,High,No,6,61,Low,1,High,Medium,Positive,2,No,College,Far,Male,64,0,0,0,1,0,1,-0.9975273084355315,0.34837540699138664
27,92,Low,Medium,Yes,9,53,Low,2,Low,Medium,Negative,2,No,College,Far,Male,68,0,0,0,1,0,1,1.1727054241270012,1.0412199911030902
18,65,Medium,Low,No,6,88,Medium,1,Medium,Medium,Positive,1,Yes,College,Near,Male,62,1,1,1,0,0,1,-0.329763390723983,-1.2971304802739094
22,64,Medium,Medium,Yes,10,77,High,5,Medium,Medium,Neutral,3,Yes,High School,Near,Male,66,1,2,0,1,0,1,0.3380005269875655,-1.3837360532878724
17,97,High,Low,Yes,8,89,Medium,1,Low,Medium,Neutral,4,No,College,Near,Male,70,2,1,0,1,0,1,-0.49670437015187013,1.474247856172905
9,90,High,Medium,Yes,9,65,Low,3,Medium,Medium,Positive,3,No,High School,Near,Female,67,2,0,0,1,0,1,-1.8322322055749671,0.8680088450751643
22,84,Medium,Medium,Yes,8,90,Medium,2,Medium,Medium,Positive,2,No,College,Near,Female,70,1,1,0,1,0,1,0.3380005269875655,0.34837540699138664
9,91,Medium,Medium,No,8,65,High,0,Medium,Medium,Positive,4,No,High School,Moderate,Male,65,1,2,0,1,0,1,-1.8322322055749671,0.9546144180891273
20,77,Low,Medium,No,8,56,Medium,1,Medium,High,Positive,4,No,College,Moderate,Male,65,0,1,0,1,0,1,0.0041185681317912485,-0.25786360410635406
12,90,Medium,High,Yes,9,77,Medium,3,Medium,Medium,Positive,3,No,Postgraduate,Near,Male,70,1,1,0,1,0,1,-1.3314092672913058,0.8680088450751643
32,75,High,Medium,Yes,7,97,High,1,Medium,Medium,Neutral,3,No,College,Moderate,Male,72,2,2,1,0,0,1,2.0074103212664367,-0.4310747501342799
25,70,Medium,Medium,No,6,71,Low,0,Low,Medium,Neutral,2,No,College,Near,Female,65,1,0,0,1,0,1,0.8388234652712269,-0.8641026152040947
21,89,High,High,Yes,7,76,Medium,1,Medium,Medium,Positive,2,No,High School,Near,Male,71,2,1,0,1,0,1,0.17105954755967837,0.7814032720612014
28,77,High,High,Yes,6,73,Low,3,Medium,High,Negative,3,No,College,Near,Female,71,2,0,1,0,0,1,1.3396464035548883,-0.25786360410635406
15,99,Medium,High,Yes,6,73,High,1,High,High,Negative,5,No,Postgraduate,Near,Male,72,1,2,0,1,0,1,-0.8305863290076444,1.6474590022008309
23,74,Low,Low,No,9,61,Low,0,Medium,Low,Positive,4,No,Postgraduate,Near,Male,64,0,0,0,1,0,1,0.5049415064154527,-0.5176803231482429
21,97,Medium,Medium,No,8,71,High,2,High,High,Neutral,1,No,College,Moderate,Male,72,1,2,0,1,0,1,0.17105954755967837,1.474247856172905
22,97,Low,Medium,No,8,75,Medium,1,Medium,Medium,Positive,4,No,Postgraduate,Near,Male,71,0,1,1,0,0,1,0.3380005269875655,1.474247856172905
28,70,Medium,Medium,Yes,9,87,Low,0,Low,Medium,Neutral,3,No,High School,Moderate,Male,66,1,0,0,1,0,1,1.3396464035548883,-0.8641026152040947
24,92,High,Low,No,8,57,Medium,3,Medium,Medium,Positive,3,No,College,Near,Female,71,2,1,1,0,0,1,0.6718824858433398,1.0412199911030902
22,77,Medium,Medium,Yes,10,79,High,2,Medium,Low,Neutral,2,No,High School,Near,Male,67,1,2,0,1,0,1,0.3380005269875655,-0.25786360410635406
10,97,High,High,No,4,83,Low,1,Low,High,Neutral,2,No,Postgraduate,Near,Male,69,2,0,0,1,0,1,-1.66529122614708,1.474247856172905
14,78,High,Medium,Yes,6,69,High,0,Medium,Medium,Positive,5,No,College,Moderate,Female,67,2,2,0,1,0,1,-0.9975273084355315,-0.1712580310923911
19,90,High,Medium,Yes,6,77,Medium,0,High,Medium,Neutral,4,No,Postgraduate,Near,Male,71,2,1,0,1,0,1,-0.16282241129609587,0.8680088450751643
21,79,Medium,Low,No,5,86,Low,1,High,Medium,Positive,2,No,High School,Moderate,Female,66,1,0,1,0,0,1,0.17105954755967837,-0.08465245807842814
13,69,High,High,No,7,73,Low,1,Medium,Low,Positive,2,No,High School,Far,Male,62,2,0,1,0,0,1,-1.1644682878634187,-0.9507081882180577
34,68,Medium,Medium,No,7,67,High,0,Medium,Medium,Neutral,2,No,High School,Moderate,Male,67,1,2,1,0,0,1,2.341292280122211,-1.0373137612320207
29,77,Medium,Low,Yes,10,91,High,2,Low,Medium,Negative,4,No,Postgraduate,Near,Female,70,1,2,0,1,0,1,1.5065873829827754,-0.25786360410635406
24,90,High,High,No,8,99,High,0,Low,Medium,Neutral,3,No,College,Moderate,Female,72,2,2,0,1,0,1,0.6718824858433398,0.8680088450751643
20,84,High,High,No,6,61,Medium,3,Medium,Medium,Neutral,2,No,High School,Near,Male,69,2,1,1,0,0,1,0.0041185681317912485,0.34837540699138664
19,88,Medium,High,No,8,94,High,1,Medium,Medium,Neutral,3,No,High School,Moderate,Male,70,1,2,0,1,0,1,-0.16282241129609587,0.6947976990472384
14,71,High,High,No,4,77,Medium,0,Medium,Medium,Negative,3,No,High School,Near,Female,64,2,1,0,1,0,1,-0.9975273084355315,-0.7774970421901317
20,79,Medium,Medium,Yes,7,72,Low,1,Medium,Medium,Negative,3,No,High School,Near,Male,65,1,0,0,1,1,0,0.0041185681317912485,-0.08465245807842814
22,62,Medium,High,Yes,7,95,Medium,2,Medium,Medium,Negative,2,No,High School,Near,Male,66,1,1,0,1,0,1,0.3380005269875655,-1.5569471993157984
13,93,Low,Medium,No,6,96,High,2,High,Medium,Negative,3,No,High School,Near,Female,68,0,2,1,0,0,1,-1.1644682878634187,1.1278255641170531
22,100,Medium,Medium,Yes,7,64,Medium,2,Low,Medium,Positive,3,No,College,Near,Female,72,1,1,1,0,0,1,0.3380005269875655,1.7340645752147938
19,76,Medium,Low,Yes,6,68,Medium,2,High,Medium,Positive,3,No,High School,Moderate,Female,65,1,1,0,1,0,1,-0.16282241129609587,-0.344469177120317
9,60,Medium,Low,Yes,6,93,Medium,3,Low,High,Neutral,2,No,High School,Moderate,Female,60,1,1,1,0,0,1,-1.8322322055749671,-1.7301583453437241
15,67,Medium,Medium,No,8,75,Medium,0,High,High,Negative,4,No,Postgraduate,Near,Female,63,1,1,0,1,0,1,-0.8305863290076444,-1.1239193342459837
18,86,Low,Low,Yes,9,64,Low,3,Low,High,Positive,3,No,High School,Near,Female,66,0,0,0,1,0,1,-0.329763390723983,0.5215865530193126
31,84,Low,Medium,Yes,8,98,Low,1,Medium,Medium,Positive,4,No,Postgraduate,Near,Female,73,0,0,0,1,0,1,1.8404693418385496,0.34837540699138664
23,92,Medium,Medium,Yes,6,61,Low,4,Low,Medium,Positive,4,No,College,Near,Male,71,1,0,0,1,0,1,0.5049415064154527,1.0412199911030902
12,70,Medium,Medium,Yes,6,81,Low,1,Low,Medium,Negative,2,Yes,High School,Far,Male,59,1,0,0,1,0,1,-1.3314092672913058,-0.8641026152040947
23,91,Medium,Low,Yes,6,71,Medium,5,Low,High,Neutral,3,No,High School,Moderate,Female,70,1,1,0,1,0,1,0.5049415064154527,0.9546144180891273
11,88,Medium,Low,Yes,7,73,Low,1,Medium,Low,Neutral,3,Yes,College,Near,Female,63,1,0,1,0,0,1,-1.498350246719193,0.6947976990472384
26,73,Medium,Medium,No,6,55,Medium,1,Medium,Low,Positive,4,No,Postgraduate,Near,Male,67,1,1,0,1,0,1,1.005764444699114,-0.6042858961622058
17,82,Low,Medium,Yes,9,63,Medium,2,Low,Medium,Neutral,2,No,College,Moderate,Male,65,0,1,1,0,0,1,-0.49670437015187013,0.17516426096346072
19,66,Medium,Low,No,7,58,Medium,5,Medium,Low,Positive,4,No,College,Moderate,Female,64,1,1,0,1,0,1,-0.16282241129609587,-1.2105249072599464
28,78,High,Medium,No,8,87,Low,2,Low,Medium,Positive,2,No,Postgraduate,Near,Male,71,2,0,0,1,0,1,1.3396464035548883,-0.1712580310923911
12,95,Medium,High,Yes,5,85,Medium,2,High,Medium,Negative,2,No,College,Near,Male,70,1,1,0,1,0,1,-1.3314092672913058,1.3010367101449791
12,77,Medium,Low,Yes,6,90,Medium,2,Medium,Low,Neutral,2,No,High School,Near,Female,63,1,1,0,1,0,1,-1.3314092672913058,-0.25786360410635406
16,94,Low,Medium,No,8,85,Medium,3,Low,High,Neutral,2,No,High School,Near,Female,68,0,1,0,1,0,1,-0.6636453495797573,1.2144311371310161
26,84,Medium,Medium,Yes,8,56,Medium,1,Medium,Medium,Negative,2,No,College,Near,Female,67,1,1,0,1,1,0,1.005764444699114,0.34837540699138664
11,68,Medium,High,Yes,5,99,Medium,1,High,Medium,Neutral,4,No,Postgraduate,Near,Female,66,1,1,0,1,0,1,-1.498350246719193,-1.0373137612320207
3,83,High,Low,Yes,7,59,Low,2,Medium,High,Positive,5,No,High School,Moderate,Male,63,2,0,0,1,0,1,-2.8338780821422898,0.26176983397742365
17,80,Medium,Medium,Yes,7,68,Medium,0,Medium,Medium,Negative,5,Yes,College,Near,Female,65,1,1,1,0,0,1,-0.49670437015187013,0.0019531149355348125
23,76,Medium,High,Yes,6,85,Low,2,Low,Medium,Positive,3,Yes,High School,Far,Male,66,1,0,0,1,0,1,0.5049415064154527,-0.344469177120317
27,65,Medium,Medium,Yes,8,57,Medium,2,Low,Low,Negative,4,No,Postgraduate,Near,Female,65,1,1,0,1,0,1,1.1727054241270012,-1.2971304802739094
17,77,Low,Medium,Yes,5,59,Medium,2,Medium,High,Neutral,4,No,High School,Near,Male,65,0,1,1,0,0,1,-0.49670437015187013,-0.25786360410635406
18,63,High,Low,No,6,94,Medium,2,Medium,High,Neutral,2,Yes,High School,Near,Male,63,2,1,0,1,0,1,-0.329763390723983,-1.4703416263018354
27,64,Medium,High,No,8,67,Medium,0,Low,Medium,Positive,3,No,High School,Near,Male,65,1,1,0,1,0,1,1.1727054241270012,-1.3837360532878724
9,77,Low,High,Yes,7,83,Medium,1,Low,High,Neutral,4,Yes,High School,Far,Male,62,0,1,1,0,0,1,-1.8322322055749671,-0.25786360410635406
18,72,Medium,Medium,Yes,7,93,Medium,1,Medium,Medium,Positive,3,No,College,Near,Female,66,1,1,0,1,0,1,-0.329763390723983,-0.6908914691761688
21,97,Medium,Low,No,7,99,Medium,1,High,Medium,Negative,3,No,Postgraduate,Near,Female,71,1,1,0,1,0,1,0.17105954755967837,1.474247856172905
23,75,Low,Low,Yes,8,61,High,2,Low,Medium,Positive,2,No,High School,Far,Female,64,0,2,0,1,0,1,0.5049415064154527,-0.4310747501342799
17,90,Medium,Medium,Yes,8,56,Low,0,Medium,Medium,Neutral,4,No,College,Near,Female,67,1,0,1,0,0,1,-0.49670437015187013,0.8680088450751643
20,81,Medium,Medium,No,8,87,Medium,1,High,Medium,Neutral,3,No,High School,Near,Male,68,1,1,1,0,0,1,0.0041185681317912485,0.08855868794949777
5,88,Medium,Medium,No,7,59,Medium,3,Low,Medium,Negative,3,No,College,Near,Female,63,1,1,0,1,0,1,-2.4999961232865155,0.6947976990472384
16,70,Low,Medium,Yes,6,79,High,0,High,High,Negative,3,No,College,Near,Female,64,0,2,0,1,0,1,-0.6636453495797573,-0.8641026152040947
23,98,High,High,Yes,6,77,Medium,1,Low,High,Neutral,1,No,Postgraduate,Near,Female,74,2,1,0,1,0,1,0.5049415064154527,1.5608534291868679
14,81,Low,Medium,Yes,5,78,Medium,2,High,High,Positive,4,No,Postgraduate,Near,Male,68,0,1,0,1,0,1,-0.9975273084355315,0.08855868794949777
20,93,Medium,Medium,Yes,6,82,Low,1,Medium,High,Positive,3,Yes,High School,Moderate,Female,68,1,0,0,1,1,0,0.0041185681317912485,1.1278255641170531
23,75,High,High,Yes,6,93,Medium,2,Medium,Low,Neutral,3,No,Postgraduate,Moderate,Female,69,2,1,0,1,1,0,0.5049415064154527,-0.4310747501342799
18,64,Low,Medium,Yes,9,64,Medium,4,Low,Medium,Negative,4,Yes,High School,Near,Male,61,0,1,0,1,0,1,-0.329763390723983,-1.3837360532878724
21,87,Low,High,Yes,5,78,High,1,Low,Medium,Positive,2,No,High School,Near,Female,69,0,2,1,0,0,1,0.17105954755967837,0.6081921260332754
14,60,Low,Low,Yes,9,67,Low,3,High,High,Positive,3,No,High School,Near,Female,61,0,0,0,1,0,1,-0.9975273084355315,-1.7301583453437241
19,79,Medium,High,Yes,7,66,Low,3,High,Medium,Positive,3,Yes,High School,Near,Male,67,1,0,0,1,0,1,-0.16282241129609587,-0.08465245807842814
24,68,Low,High,No,7,51,Medium,0,Low,Low,Neutral,4,No,High School,Near,Female,63,0,1,1,0,0,1,0.6718824858433398,-1.0373137612320207
21,85,Medium,Medium,No,8,80,Medium,3,Low,High,Positive,3,Yes,College,Moderate,Female,68,1,1,0,1,0,1,0.17105954755967837,0.43498098000534957
16,99,Medium,Medium,No,5,99,Low,0,Low,Medium,Neutral,5,No,College,Moderate,Female,68,1,0,1,0,1,0,-0.6636453495797573,1.6474590022008309
21,79,Medium,Low,Yes,6,88,Low,2,High,Medium,Neutral,1,No,High School,Near,Male,67,1,0,0,1,0,1,0.17105954755967837,-0.08465245807842814
24,93,Low,Medium,Yes,5,62,High,1,High,Medium,Negative,3,No,College,Moderate,Female,69,0,2,1,0,0,1,0.6718824858433398,1.1278255641170531
8,80,High,Medium,No,6,86,Medium,2,Low,Medium,Neutral,3,No,High School,Near,Male,64,2,1,0,1,0,1,-1.9991731850028542,0.0019531149355348125
27,80,Low,Low,No,6,65,Low,1,Low,Medium,Positive,4,No,Postgraduate,Near,Male,67,0,0,0,1,0,1,1.1727054241270012,0.0019531149355348125
18,97,Medium,High,No,9,88,Low,1,High,Medium,Neutral,3,Yes,High School,Near,Female,70,1,0,0,1,0,1,-0.329763390723983,1.474247856172905
23,96,Low,High,Yes,6,93,Low,5,Low,Medium,Negative,4,No,High School,Near,Female,72,0,0,0,1,0,1,0.5049415064154527,1.3876422831589421
27,91,Low,High,No,4,67,Medium,1,High,High,Neutral,2,No,High School,Moderate,Female,71,0,1,1,0,0,1,1.1727054241270012,0.9546144180891273
12,72,Medium,Medium,No,6,50,High,1,Low,Medium,Positive,3,No,College,Near,Male,62,1,2,0,1,0,1,-1.3314092672913058,-0.6908914691761688
16,82,Medium,Medium,Yes,8,65,High,2,Low,Medium,Positive,5,Yes,Postgraduate,Near,Male,67,1,2,1,0,0,1,-0.6636453495797573,0.17516426096346072
18,69,Medium,High,Yes,9,60,Medium,3,Low,Medium,Negative,2,No,College,Far,Female,64,1,1,0,1,0,1,-0.329763390723983,-0.9507081882180577
15,78,Medium,Medium,Yes,7,81,Medium,0,Medium,Low,Neutral,2,No,High School,Near,Male,64,1,1,0,1,0,1,-0.8305863290076444,-0.1712580310923911
30,79,High,Medium,No,6,65,Medium,1,Low,Medium,Negative,4,No,Postgraduate,Near,Female,70,2,1,0,1,0,1,1.6735283624106625,-0.08465245807842814
15,93,Medium,Medium,Yes,7,52,Medium,3,Low,Medium,Negative,5,No,College,Near,Female,68,1,1,0,1,0,1,-0.8305863290076444,1.1278255641170531
17,96,Medium,Medium,No,8,77,Medium,1,Medium,Medium,Neutral,3,No,Postgraduate,Near,Female,70,1,1,0,1,0,1,-0.49670437015187013,1.3876422831589421
21,77,Medium,Low,Yes,5,94,Low,1,Medium,High,Negative,3,No,High School,Far,Male,65,1,0,0,1,0,1,0.17105954755967837,-0.25786360410635406
13,61,Low,Low,No,7,73,Low,2,High,Medium,Positive,2,No,High School,Near,Female,59,0,0,0,1,0,1,-1.1644682878634187,-1.6435527723297614
18,94,Medium,Medium,Yes,7,69,Medium,1,Medium,High,Positive,2,No,High School,Far,Female,69,1,1,0,1,0,1,-0.329763390723983,1.2144311371310161
22,67,Medium,Medium,Yes,7,59,High,2,Low,High,Positive,3,No,Postgraduate,Near,Male,67,1,2,0,1,0,1,0.3380005269875655,-1.1239193342459837
18,85,Medium,High,No,7,69,Medium,2,Low,Medium,Positive,4,No,High School,Near,Male,68,1,1,1,0,0,1,-0.329763390723983,0.43498098000534957
19,61,Medium,Medium,No,6,67,Low,1,Medium,Medium,Positive,1,No,College,Near,Male,62,1,0,0,1,0,1,-0.16282241129609587,-1.6435527723297614
17,76,High,Medium,No,8,100,Low,0,High,Medium,Neutral,4,No,High School,Moderate,Male,65,2,0,1,0,1,0,-0.49670437015187013,-0.344469177120317
11,99,High,Medium,Yes,7,52,Medium,0,High,High,Neutral,5,No,College,Near,Female,69,2,1,1,0,0,1,-1.498350246719193,1.6474590022008309
22,64,Medium,Medium,Yes,7,62,Medium,3,Low,Medium,Neutral,4,No,Postgraduate,Moderate,Female,65,1,1,1,0,0,1,0.3380005269875655,-1.3837360532878724
31,77,High,Low,Yes,5,53,High,1,Medium,Medium,Neutral,2,No,High School,Near,Female,68,2,2,0,1,0,1,1.8404693418385496,-0.25786360410635406
20,72,High,Low,Yes,8,93,Medium,4,Low,High,Positive,2,No,High School,Near,Male,68,2,1,0,1,0,1,0.0041185681317912485,-0.6908914691761688
21,96,High,Medium,Yes,6,71,High,3,Medium,Medium,Negative,3,No,High School,Near,Female,71,2,2,0,1,1,0,0.17105954755967837,1.3876422831589421
24,95,Medium,Low,Yes,9,90,Medium,3,Low,Low,Positive,4,No,High School,Moderate,Male,71,1,1,0,1,0,1,0.6718824858433398,1.3010367101449791
12,70,High,Medium,No,5,85,High,1,High,Medium,Positive,3,No,Postgraduate,Near,Female,66,2,2,0,1,0,1,-1.3314092672913058,-0.8641026152040947
30,63,Medium,High,Yes,8,96,Medium,4,Low,Medium,Positive,3,No,Postgraduate,Near,Female,71,1,1,1,0,0,1,1.6735283624106625,-1.4703416263018354
21,85,Medium,Medium,No,4,51,Low,2,Low,Medium,Neutral,3,No,College,Near,Female,66,1,0,0,1,0,1,0.17105954755967837,0.43498098000534957
30,73,High,Low,No,4,60,Medium,0,Low,Low,Positive,4,No,High School,Moderate,Female,66,2,1,1,0,0,1,1.6735283624106625,-0.6042858961622058
16,87,High,High,Yes,6,85,Medium,2,Medium,High,Neutral,1,No,High School,Near,Female,69,2,1,0,1,0,1,-0.6636453495797573,0.6081921260332754
31,61,Medium,Medium,No,4,79,Medium,0,Low,Low,Positive,3,No,High School,Moderate,Female,65,1,1,0,1,0,1,1.8404693418385496,-1.6435527723297614
25,65,High,Low,Yes,8,85,Medium,2,Low,Medium,Negative,3,No,Postgraduate,Near,Female,66,2,1,0,1,0,1,0.8388234652712269,-1.2971304802739094
23,87,Medium,Low,No,7,79,Medium,2,Medium,Medium,Neutral,2,No,High School,Far,Male,67,1,1,0,1,0,1,0.5049415064154527,0.6081921260332754
21,68,Medium,Medium,No,9,79,Low,1,High,High,Negative,4,No,Postgraduate,Moderate,Female,66,1,0,1,0,0,1,0.17105954755967837,-1.0373137612320207
19,94,Medium,Medium,No,7,97,Medium,0,Medium,Medium,Neutral,3,No,High School,Near,Female,69,1,1,0,1,0,1,-0.16282241129609587,1.2144311371310161
27,62,High,Low,No,7,96,Medium,2,Low,Medium,Neutral,4,No,High School,Near,Male,66,2,1,0,1,0,1,1.1727054241270012,-1.5569471993157984
21,69,High,Medium,Yes,7,52,Low,0,Low,Medium,Negative,3,No,Postgraduate,Near,Male,64,2,0,0,1,0,1,0.17105954755967837,-0.9507081882180577
8,100,High,High,Yes,6,71,Medium,0,Low,High,Positive,2,No,Postgraduate,Near,Female,70,2,1,0,1,0,1,-1.9991731850028542,1.7340645752147938
13,77,Low,Medium,Yes,6,76,Low,1,Medium,Low,Neutral,4,No,College,Moderate,Male,62,0,0,1,0,1,0,-1.1644682878634187,-0.25786360410635406
19,88,Low,Medium,Yes,5,68,High,1,Low,Low,Positive,5,No,High School,Moderate,Male,67,0,2,0,1,0,1,-0.16282241129609587,0.6947976990472384
22,67,Low,Medium,No,8,52,Medium,1,Medium,Low,Negative,2,Yes,College,Moderate,Female,60,0,1,0,1,0,1,0.3380005269875655,-1.1239193342459837
20,84,Low,Low,No,7,74,Low,1,High,Medium,Neutral,3,No,Postgraduate,Near,Female,66,0,0,0,1,0,1,0.0041185681317912485,0.34837540699138664
27,89,Medium,Medium,Yes,7,99,Medium,0,Medium,High,Positive,2,No,High School,Near,Female,72,1,1,0,1,0,1,1.1727054241270012,0.7814032720612014
8,73,Medium,High,Yes,10,54,Medium,2,Medium,Medium,Positive,3,No,High School,Near,Male,63,1,1,0,1,0,1,-1.9991731850028542,-0.6042858961622058
21,93,Low,Low,Yes,6,91,Low,1,High,Medium,Negative,3,No,Postgraduate,Near,Male,69,0,0,0,1,0,1,0.17105954755967837,1.1278255641170531
9,84,High,High,Yes,7,60,High,1,Low,Medium,Positive,3,No,College,Moderate,Male,66,2,2,1,0,0,1,-1.8322322055749671,0.34837540699138664
25,76,Medium,Medium,Yes,7,79,Medium,2,Medium,Medium,Positive,2,No,College,Near,Male,69,1,1,0,1,0,1,0.8388234652712269,-0.344469177120317
19,82,High,Medium,No,9,69,Low,2,Medium,Medium,Neutral,3,No,College,Moderate,Male,68,2,0,1,0,0,1,-0.16282241129609587,0.17516426096346072
23,83,Medium,Low,No,7,67,Medium,3,Low,Low,Negative,4,No,High School,Moderate,Female,66,1,1,0,1,0,1,0.5049415064154527,0.26176983397742365
15,67,Medium,Medium,Yes,7,94,Low,0,High,Low,Positive,2,No,Postgraduate,Moderate,Male,63,1,0,1,0,0,1,-0.8305863290076444,-1.1239193342459837
28,76,Medium,Medium,Yes,10,99,High,1,Medium,Medium,Neutral,3,No,High School,Near,Male,70,1,2,0,1,0,1,1.3396464035548883,-0.344469177120317
26,74,Medium,Medium,No,6,69,Medium,2,Low,High,Positive,4,No,Postgraduate,Moderate,Male,68,1,1,0,1,0,1,1.005764444699114,-0.5176803231482429
24,76,Medium,Medium,Yes,7,82,Medium,2,Medium,Medium,Positive,4,No,College,Far,Male,68,1,1,0,1,0,1,0.6718824858433398,-0.344469177120317
19,90,Medium,Medium,No,8,78,Medium,1,Low,Medium,Neutral,3,No,High School,Moderate,Male,67,1,1,1,0,0,1,-0.16282241129609587,0.8680088450751643
23,79,High,High,Yes,6,54,Low,1,Low,Medium,Neutral,1,No,High School,Moderate,Male,67,2,0,0,1,0,1,0.5049415064154527,-0.08465245807842814
16,98,High,Low,Yes,8,52,Medium,3,Low,High,Neutral,3,No,College,Moderate,Female,69,2,1,0,1,0,1,-0.6636453495797573,1.5608534291868679
25,72,Medium,Medium,No,6,89,Low,3,Low,High,Neutral,5,No,High School,Near,Male,68,1,0,0,1,0,1,0.8388234652712269,-0.6908914691761688
30,77,Medium,Low,Yes,9,70,Medium,0,Medium,High,Neutral,1,No,High School,Moderate,Male,67,1,1,0,1,0,1,1.6735283624106625,-0.25786360410635406
26,91,High,Medium,Yes,8,65,Low,0,Medium,High,Neutral,2,No,High School,Moderate,Male,70,2,0,0,1,0,1,1.005764444699114,0.9546144180891273
16,82,High,High,No,7,99,Low,3,Medium,Medium,Positive,3,No,Postgraduate,Moderate,Male,70,2,0,0,1,0,1,-0.6636453495797573,0.17516426096346072
22,82,Medium,Low,No,5,54,Medium,2,Medium,Medium,Neutral,2,No,College,Moderate,Male,66,1,1,0,1,0,1,0.3380005269875655,0.17516426096346072
12,62,High,High,Yes,6,63,High,0,Low,Medium,Negative,2,No,High School,Near,Male,61,2,2,1,0,0,1,-1.3314092672913058,-1.5569471993157984
23,76,Low,High,Yes,7,93,Medium,2,Low,Medium,Negative,2,No,College,Near,Male,68,0,1,0,1,0,1,0.5049415064154527,-0.344469177120317
23,71,Low,Medium,Yes,8,71,Low,1,Low,Low,Neutral,2,No,Postgraduate,Near,Female,64,0,0,0,1,0,1,0.5049415064154527,-0.7774970421901317
9,100,Low,Low,No,7,79,Medium,1,Low,Medium,Positive,2,No,Postgraduate,Near,Male,66,0,1,0,1,0,1,-1.8322322055749671,1.7340645752147938
13,72,Low,High,Yes,8,52,Medium,3,High,High,Positive,4,No,High School,Near,Male,65,0,1,1,0,0,1,-1.1644682878634187,-0.6908914691761688
18,95,Medium,High,No,8,96,Medium,3,Medium,Low,Negative,6,No,Postgraduate,Near,Male,73,1,1,0,1,0,1,-0.329763390723983,1.3010367101449791
18,87,Low,Low,No,8,57,Medium,3,High,High,Positive,4,No,High School,Near,Male,66,0,1,0,1,1,0,-0.329763390723983,0.6081921260332754
13,74,High,High,Yes,7,61,Medium,2,Low,Medium,Positive,3,No,High School,Moderate,Male,65,2,1,0,1,0,1,-1.1644682878634187,-0.5176803231482429
22,82,Medium,High,Yes,7,58,Medium,0,Medium,Medium,Negative,4,No,College,Near,Male,68,1,1,0,1,0,1,0.3380005269875655,0.17516426096346072
22,94,Medium,Medium,Yes,7,75,Low,0,Low,High,Neutral,3,No,High School,Near,Male,69,1,0,0,1,0,1,0.3380005269875655,1.2144311371310161
19,95,Low,High,Yes,6,91,High,1,Medium,High,Neutral,4,No,College,Near,Male,72,0,2,0,1,0,1,-0.16282241129609587,1.3010367101449791
15,66,Medium,Medium,No,9,63,Medium,3,Medium,Medium,Neutral,3,No,High School,Near,Male,63,1,1,1,0,0,1,-0.8305863290076444,-1.2105249072599464
26,74,Low,Medium,No,8,57,Medium,0,Medium,Medium,Positive,1,No,High School,Near,Male,65,0,1,1,0,0,1,1.005764444699114,-0.5176803231482429
30,73,High,Medium,Yes,9,70,Low,0,Medium,Medium,Negative,4,No,College,Near,Male,69,2,0,0,1,0,1,1.6735283624106625,-0.6042858961622058
17,62,High,Low,No,6,99,Medium,2,Medium,Medium,Negative,3,No,High School,Far,Female,62,2,1,1,0,0,1,-0.49670437015187013,-1.5569471993157984
16,84,Medium,High,Yes,8,51,Low,0,Medium,Medium,Negative,3,No,Postgraduate,Near,Female,66,1,0,0,1,0,1,-0.6636453495797573,0.34837540699138664
23,94,Low,Low,Yes,9,75,Medium,3,Low,Medium,Neutral,2,No,Postgraduate,Moderate,Female,69,0,1,1,0,0,1,0.5049415064154527,1.2144311371310161
18,75,High,Medium,Yes,9,83,Medium,2,Low,Medium,Positive,4,Yes,Postgraduate,Moderate,Female,67,2,1,0,1,0,1,-0.329763390723983,-0.4310747501342799
19,90,Medium,High,Yes,5,90,Low,0,Low,Medium,Neutral,2,No,College,Far,Female,94,1,0,0,1,0,1,-0.16282241129609587,0.8680088450751643
24,85,Medium,Medium,Yes,7,87,High,2,Medium,Medium,Neutral,2,No,High School,Near,Female,71,1,2,1,0,0,1,0.6718824858433398,0.43498098000534957
9,75,Medium,Medium,No,7,54,Low,2,Low,Medium,Positive,4,No,High School,Near,Female,61,1,0,0,1,0,1,-1.8322322055749671,-0.4310747501342799
28,66,High,Medium,Yes,9,73,Medium,2,Low,Medium,Positive,2,No,College,Near,Male,68,2,1,0,1,0,1,1.3396464035548883,-1.2105249072599464
20,88,Medium,Medium,No,4,54,Low,0,High,Low,Negative,4,No,High School,Near,Male,66,1,0,0,1,0,1,0.0041185681317912485,0.6947976990472384
18,94,High,High,Yes,5,81,Medium,0,High,Low,Negative,5,No,High School,Near,Female,71,2,1,0,1,0,1,-0.329763390723983,1.2144311371310161
19,87,Low,Medium,No,9,54,Low,3,Low,High,Positive,4,No,High School,Moderate,Female,66,0,0,0,1,0,1,-0.16282241129609587,0.6081921260332754
20,61,Low,Medium,No,6,52,Medium,2,Low,Low,Negative,2,No,Postgraduate,Near,Male,60,0,1,1,0,0,1,0.0041185681317912485,-1.6435527723297614
10,69,Medium,Medium,Yes,5,65,Low,0,Medium,Medium,Positive,3,No,High School,Near,Female,60,1,0,1,0,0,1,-1.66529122614708,-0.9507081882180577
29,63,Low,Low,Yes,9,97,High,3,Medium,High,Negative,3,No,High School,Near,Male,66,0,2,0,1,1,0,1.5065873829827754,-1.4703416263018354
20,83,Medium,Low,Yes,5,85,Medium,1,High,High,Neutral,2,No,College,Far,Male,67,1,1,0,1,0,1,0.0041185681317912485,0.26176983397742365
23,90,Low,Low,No,9,50,Low,4,Medium,Medium,Neutral,3,No,High School,Moderate,Male,67,0,0,1,0,0,1,0.5049415064154527,0.8680088450751643
26,64,Medium,Medium,No,5,64,Medium,2,High,Medium,Negative,1,No,High School,Near,Male,64,1,1,0,1,0,1,1.005764444699114,-1.3837360532878724
14,94,Medium,Medium,No,5,51,Medium,0,Medium,High,Neutral,3,No,College,Near,Male,66,1,1,0,1,0,1,-0.9975273084355315,1.2144311371310161
23,82,High,Low,No,7,65,High,1,Medium,High,Negative,3,No,High School,Near,Female,68,2,2,0,1,0,1,0.5049415064154527,0.17516426096346072
18,88,High,Low,Yes,6,84,Medium,1,Medium,High,Positive,3,No,Postgraduate,Moderate,Female,70,2,1,0,1,0,1,-0.329763390723983,0.6947976990472384
25,99,High,Medium,Yes,7,88,Medium,3,Low,Medium,Positive,4,No,College,Moderate,Female,75,2,1,1,0,0,1,0.8388234652712269,1.6474590022008309
7,63,High,High,Yes,10,90,Medium,0,Low,Medium,Positive,2,Yes,High School,Moderate,Male,86,2,1,1,0,0,1,-2.1661141644307413,-1.4703416263018354
19,96,Medium,Medium,Yes,7,95,High,3,Medium,High,Negative,3,No,College,Near,Female,73,1,2,1,0,0,1,-0.16282241129609587,1.3876422831589421
16,65,Medium,Low,No,9,68,Medium,1,High,Medium,Neutral,3,No,High School,Moderate,Male,61,1,1,0,1,0,1,-0.6636453495797573,-1.2971304802739094
23,76,High,High,No,7,93,Medium,0,Medium,Medium,Negative,6,No,High School,Moderate,Male,68,2,1,1,0,0,1,0.5049415064154527,-0.344469177120317
23,94,Medium,High,No,8,86,Medium,1,Low,High,Neutral,0,No,College,Far,Female,70,1,1,0,1,0,1,0.5049415064154527,1.2144311371310161
16,96,Medium,Medium,Yes,4,77,High,1,High,High,Positive,2,No,High School,Near,Male,71,1,2,0,1,0,1,-0.6636453495797573,1.3876422831589421
16,80,High,Medium,Yes,8,98,High,2,Medium,High,Positive,4,No,Postgraduate,Near,Male,71,2,2,1,0,0,1,-0.6636453495797573,0.0019531149355348125
19,84,Medium,Medium,No,8,97,High,2,Medium,Medium,Neutral,1,Yes,College,Near,Male,68,1,2,0,1,0,1,-0.16282241129609587,0.34837540699138664
15,88,High,High,Yes,6,95,Medium,2,Low,Medium,Negative,4,No,High School,Near,Female,70,2,1,0,1,0,1,-0.8305863290076444,0.6947976990472384
25,93,Medium,Medium,Yes,10,60,Low,1,Medium,Medium,Positive,3,No,College,Moderate,Male,70,1,0,0,1,0,1,0.8388234652712269,1.1278255641170531
18,65,Medium,High,Yes,6,60,Low,0,Medium,High,Neutral,3,No,High School,Moderate,Female,62,1,0,1,0,0,1,-0.329763390723983,-1.2971304802739094
3,92,High,Low,Yes,5,95,High,3,Medium,Medium,Neutral,1,No,Postgraduate,Near,Female,67,2,2,0,1,0,1,-2.8338780821422898,1.0412199911030902
18,79,Medium,Medium,No,8,70,High,3,Medium,Medium,Positive,3,No,College,Near,Female,68,1,2,0,1,0,1,-0.329763390723983,-0.08465245807842814
14,78,High,High,Yes,5,90,Medium,1,Medium,Medium,Neutral,3,No,Postgraduate,Near,Female,68,2,1,0,1,0,1,-0.9975273084355315,-0.1712580310923911
10,77,High,High,No,7,84,Low,2,Low,High,Neutral,1,No,High School,Far,Male,64,2,0,1,0,0,1,-1.66529122614708,-0.25786360410635406
13,80,Medium,High,No,9,88,Medium,1,High,High,Positive,3,No,Postgraduate,Near,Male,68,1,1,0,1,0,1,-1.1644682878634187,0.0019531149355348125
21,98,Low,High,Yes,8,51,Medium,0,Medium,Medium,Neutral,3,No,High School,Near,Male,69,0,1,0,1,0,1,0.17105954755967837,1.5608534291868679
28,82,Medium,High,No,7,71,Low,1,Medium,High,Neutral,3,No,High School,Near,Male,70,1,0,0,1,0,1,1.3396464035548883,0.17516426096346072
22,98,Medium,Medium,Yes,6,93,Medium,4,Low,Medium,Neutral,4,No,High School,Near,Female,73,1,1,0,1,0,1,0.3380005269875655,1.5608534291868679
16,67,High,Medium,Yes,9,74,Medium,1,High,High,Positive,3,No,Postgraduate,Moderate,Male,66,2,1,0,1,0,1,-0.6636453495797573,-1.1239193342459837
23,89,Low,Medium,No,5,85,Low,0,Low,Medium,Positive,3,No,Postgraduate,Moderate,Male,68,0,0,0,1,0,1,0.5049415064154527,0.7814032720612014
17,92,Low,Medium,Yes,8,88,High,1,High,Medium,Neutral,3,No,High School,Near,Female,68,0,2,0,1,1,0,-0.49670437015187013,1.0412199911030902
16,87,Low,Medium,Yes,10,56,Low,2,Medium,High,Neutral,0,No,Postgraduate,Moderate,Female,65,0,0,1,0,0,1,-0.6636453495797573,0.6081921260332754
13,84,Medium,Medium,Yes,8,58,High,2,Low,Low,Neutral,3,No,Postgraduate,Near,Female,66,1,2,0,1,0,1,-1.1644682878634187,0.34837540699138664
9,83,High,Low,Yes,7,86,Medium,0,Low,Medium,Negative,1,No,College,Far,Female,62,2,1,0,1,0,1,-1.8322322055749671,0.26176983397742365
18,94,Low,Low,Yes,7,53,Low,3,Medium,High,Neutral,2,No,High School,Near,Female,67,0,0,1,0,0,1,-0.329763390723983,1.2144311371310161
21,93,Medium,High,Yes,6,67,High,1,Medium,High,Positive,3,No,Postgraduate,Near,Female,73,1,2,0,1,0,1,0.17105954755967837,1.1278255641170531
19,65,Medium,Low,Yes,6,96,Medium,2,Medium,High,Neutral,2,No,Postgraduate,Near,Male,65,1,1,1,0,0,1,-0.16282241129609587,-1.2971304802739094
18,94,High,Low,No,7,79,High,2,High,Medium,Neutral,4,No,High School,Near,Female,70,2,2,1,0,0,1,-0.329763390723983,1.2144311371310161
14,77,High,Medium,Yes,8,96,Medium,3,Medium,Medium,Neutral,2,No,Postgraduate,Near,Male,68,2,1,0,1,0,1,-0.9975273084355315,-0.25786360410635406
24,70,High,Medium,Yes,9,65,Medium,3,Medium,Low,Positive,3,No,High School,Moderate,Male,67,2,1,1,0,0,1,0.6718824858433398,-0.8641026152040947
12,95,Low,Medium,Yes,4,82,High,2,Low,Medium,Negative,3,No,High School,Moderate,Male,66,0,2,0,1,0,1,-1.3314092672913058,1.3010367101449791
25,77,Medium,Low,No,4,64,Low,3,Low,Medium,Neutral,4,Yes,College,Near,Female,65,1,0,0,1,0,1,0.8388234652712269,-0.25786360410635406
14,92,High,Low,Yes,9,56,Low,1,Medium,Medium,Neutral,4,No,High School,Moderate,Female,66,2,0,0,1,0,1,-0.9975273084355315,1.0412199911030902
15,71,High,High,No,7,100,Low,2,Low,Low,Neutral,4,No,High School,Near,Male,66,2,0,0,1,0,1,-0.8305863290076444,-0.7774970421901317
11,60,Medium,High,No,7,59,High,2,Low,Medium,Positive,1,No,College,Moderate,Male,60,1,2,0,1,0,1,-1.498350246719193,-1.7301583453437241
17,80,High,Low,Yes,8,59,Medium,0,High,High,Negative,4,No,College,Near,Female,66,2,1,0,1,0,1,-0.49670437015187013,0.0019531149355348125
26,64,High,Medium,Yes,7,92,Low,2,Low,High,Positive,4,No,College,Moderate,Female,68,2,0,1,0,0,1,1.005764444699114,-1.3837360532878724
23,90,Medium,Medium,Yes,10,90,Low,3,Low,Medium,Positive,5,No,High School,Near,Male,72,1,0,0,1,0,1,0.5049415064154527,0.8680088450751643
26,71,Low,High,No,8,99,Medium,1,Medium,Medium,Positive,3,No,College,Near,Male,68,0,1,0,1,1,0,1.005764444699114,-0.7774970421901317
23,78,Medium,Medium,Yes,6,54,High,0,Low,Medium,Neutral,3,No,Postgraduate,Near,Female,67,1,2,0,1,0,1,0.5049415064154527,-0.1712580310923911
13,63,High,Medium,No,6,55,High,0,Medium,Low,Positive,4,No,Postgraduate,Near,Male,62,2,2,0,1,0,1,-1.1644682878634187,-1.4703416263018354
18,71,Medium,Medium,No,7,72,High,0,High,High,Positive,5,No,College,Moderate,Female,66,1,2,0,1,0,1,-0.329763390723983,-0.7774970421901317
15,91,High,Medium,No,6,80,Medium,0,Low,Medium,Positive,3,No,Postgraduate,Near,Male,69,2,1,1,0,0,1,-0.8305863290076444,0.9546144180891273
28,66,Medium,Medium,No,10,52,Low,0,Low,High,Positive,3,No,High School,Near,Male,64,1,0,0,1,0,1,1.3396464035548883,-1.2105249072599464
13,86,Low,Medium,No,7,58,Medium,0,Medium,Medium,Positive,3,No,High School,Near,Male,63,0,1,1,0,1,0,-1.1644682878634187,0.5215865530193126
25,97,Low,High,Yes,5,85,Medium,2,High,Medium,Positive,2,No,High School,Near,Male,74,0,1,0,1,0,1,0.8388234652712269,1.474247856172905
25,87,High,Medium,Yes,8,83,Medium,0,Medium,High,Positive,4,No,College,Moderate,Male,72,2,1,1,0,0,1,0.8388234652712269,0.6081921260332754
31,92,Medium,Medium,Yes,9,54,Medium,1,Low,Medium,Positive,3,No,College,Near,Male,71,1,1,1,0,1,0,1.8404693418385496,1.0412199911030902
18,64,Low,High,Yes,9,97,Medium,2,Medium,Medium,Negative,3,No,High School,Moderate,Female,64,0,1,0,1,0,1,-0.329763390723983,-1.3837360532878724
24,70,High,High,No,6,63,Low,0,Low,Medium,Neutral,3,No,High School,Near,Male,65,2,0,0,1,1,0,0.6718824858433398,-0.8641026152040947
34,96,Medium,Medium,Yes,5,94,High,1,Medium,High,Negative,5,Yes,High School,Moderate,Female,75,1,2,0,1,0,1,2.341292280122211,1.3876422831589421
16,89,High,Medium,No,9,96,Medium,2,Medium,Low,Positive,3,No,College,Far,Male,69,2,1,0,1,0,1,-0.6636453495797573,0.7814032720612014
11,86,Medium,Medium,No,5,75,Medium,1,Medium,Low,Neutral,4,No,Postgraduate,Moderate,Female,65,1,1,0,1,0,1,-1.498350246719193,0.5215865530193126
9,87,Low,Low,No,8,71,Low,0,Low,High,Neutral,1,No,College,Moderate,Male,60,0,0,0,1,1,0,-1.8322322055749671,0.6081921260332754
24,77,Medium,Medium,Yes,6,64,Medium,2,High,Medium,Positive,4,No,High School,Near,Male,69,1,1,0,1,0,1,0.6718824858433398,-0.25786360410635406
9,62,High,High,Yes,9,90,High,4,High,Medium,Neutral,4,No,College,Far,Male,65,2,2,0,1,0,1,-1.8322322055749671,-1.5569471993157984
18,91,Low,Medium,Yes,5,60,Low,0,High,High,Positive,4,No,High School,Moderate,Male,67,0,0,1,0,0,1,-0.329763390723983,0.9546144180891273
23,87,High,Low,No,6,81,Low,5,Medium,High,Neutral,2,No,High School,Far,Female,70,2,0,1,0,0,1,0.5049415064154527,0.6081921260332754
21,79,Medium,Low,Yes,8,78,Low,1,Low,High,Positive,4,No,College,Moderate,Female,66,1,0,0,1,0,1,0.17105954755967837,-0.08465245807842814
23,96,Medium,Medium,Yes,8,62,Medium,0,Low,High,Neutral,4,No,High School,Moderate,Female,69,1,1,0,1,0,1,0.5049415064154527,1.3876422831589421
21,73,Medium,Medium,Yes,9,99,Medium,2,Medium,High,Neutral,3,No,Postgraduate,Near,Male,69,1,1,0,1,0,1,0.17105954755967837,-0.6042858961622058
28,72,High,Medium,Yes,8,92,Low,1,Medium,Medium,Negative,2,No,High School,Near,Female,68,2,0,0,1,0,1,1.3396464035548883,-0.6908914691761688
14,95,Medium,Medium,Yes,8,51,Medium,5,Medium,Medium,Positive,4,No,College,Near,Female,70,1,1,1,0,0,1,-0.9975273084355315,1.3010367101449791
16,92,Medium,Low,No,9,71,High,2,Low,Medium,Neutral,2,No,High School,Moderate,Female,66,1,2,1,0,0,1,-0.6636453495797573,1.0412199911030902
15,81,High,Medium,No,5,68,Low,0,Medium,High,Positive,3,No,High School,Near,Female,65,2,0,0,1,1,0,-0.8305863290076444,0.08855868794949777
25,65,Low,Medium,No,6,94,Medium,1,Low,High,Negative,4,No,College,Near,Male,65,0,1,0,1,0,1,0.8388234652712269,-1.2971304802739094
25,69,Low,Medium,Yes,5,63,Medium,1,High,Medium,Neutral,2,No,High School,Near,Male,65,0,1,1,0,0,1,0.8388234652712269,-0.9507081882180577
23,86,Low,Medium,Yes,4,100,Medium,0,Low,High,Negative,3,No,Postgraduate,Near,Male,69,0,1,0,1,0,1,0.5049415064154527,0.5215865530193126
27,75,Medium,Medium,No,8,60,Medium,4,Medium,Medium,Positive,2,No,Postgraduate,Moderate,Female,69,1,1,0,1,0,1,1.1727054241270012,-0.4310747501342799
13,93,Medium,High,No,9,62,Low,0,Low,Medium,Neutral,3,No,High School,Moderate,Male,65,1,0,1,0,0,1,-1.1644682878634187,1.1278255641170531
30,98,High,High,Yes,8,83,High,1,Low,High,Neutral,3,No,High School,Near,Female,76,2,2,0,1,1,0,1.6735283624106625,1.5608534291868679
29,92,Medium,High,No,8,58,Low,2,Medium,Low,Neutral,3,No,College,Near,Male,72,1,0,1,0,0,1,1.5065873829827754,1.0412199911030902
24,75,Medium,Low,No,7,94,Medium,2,Medium,High,Negative,4,No,High School,Near,Male,67,1,1,0,1,0,1,0.6718824858433398,-0.4310747501342799
31,92,High,Medium,Yes,7,55,Medium,3,Low,High,Positive,3,No,High School,Near,Male,74,2,1,0,1,0,1,1.8404693418385496,1.0412199911030902
10,74,Medium,Medium,Yes,10,99,High,2,Medium,High,Neutral,3,No,College,Near,Male,66,1,2,0,1,0,1,-1.66529122614708,-0.5176803231482429
17,67,High,High,Yes,9,94,Medium,2,Low,Low,Positive,3,No,High School,Near,Female,66,2,1,1,0,0,1,-0.49670437015187013,-1.1239193342459837
16,61,Medium,High,No,6,92,High,4,High,High,Neutral,3,No,High School,Near,Male,66,1,2,0,1,0,1,-0.6636453495797573,-1.6435527723297614
24,75,Low,High,Yes,9,70,High,5,High,High,Negative,5,No,College,Near,Female,71,0,2,0,1,0,1,0.6718824858433398,-0.4310747501342799
14,96,Medium,Low,No,9,76,Medium,0,Low,High,Neutral,3,No,High School,Moderate,Male,66,1,1,0,1,0,1,-0.9975273084355315,1.3876422831589421
25,70,Low,High,No,8,73,High,1,Low,Low,Negative,2,No,Postgraduate,Near,Male,65,0,2,0,1,0,1,0.8388234652712269,-0.8641026152040947
28,68,Low,High,Yes,8,99,Medium,1,High,Medium,Neutral,3,No,High School,Near,Female,69,0,1,0,1,0,1,1.3396464035548883,-1.0373137612320207
24,99,Medium,Low,Yes,8,52,Low,1,Low,High,Negative,2,No,High School,Near,Male,69,1,0,0,1,0,1,0.6718824858433398,1.6474590022008309
22,61,Medium,Medium,Yes,5,69,Low,2,Low,High,Neutral,2,No,High School,Far,Female,63,1,0,0,1,0,1,0.3380005269875655,-1.6435527723297614
14,91,Low,Medium,No,5,98,High,0,High,High,Neutral,3,No,High School,Near,Female,68,0,2,0,1,0,1,-0.9975273084355315,0.9546144180891273
15,73,Medium,Medium,No,8,68,Medium,1,High,Medium,Neutral,3,No,High School,Near,Female,64,1,1,0,1,0,1,-0.8305863290076444,-0.6042858961622058
27,61,Medium,Medium,No,5,70,Medium,2,Low,Low,Neutral,2,No,College,Near,Male,64,1,1,0,1,0,1,1.1727054241270012,-1.6435527723297614
25,97,Medium,High,Yes,5,82,High,1,Low,High,Negative,5,No,College,Moderate,Male,73,1,2,0,1,0,1,0.8388234652712269,1.474247856172905
20,66,Low,High,Yes,4,95,High,2,High,Medium,Neutral,2,No,High School,Moderate,Female,66,0,2,0,1,0,1,0.0041185681317912485,-1.2105249072599464
17,82,Medium,High,No,6,65,Low,4,Low,Medium,Positive,3,No,High School,Moderate,Female,67,1,0,1,0,0,1,-0.49670437015187013,0.17516426096346072
8,71,High,Medium,Yes,8,97,Medium,3,Medium,Medium,Neutral,1,Yes,High School,Near,Female,63,2,1,1,0,0,1,-1.9991731850028542,-0.7774970421901317
14,63,Medium,Medium,Yes,8,64,High,1,Low,Medium,Neutral,3,No,High School,Moderate,Male,61,1,2,0,1,0,1,-0.9975273084355315,-1.4703416263018354
31,62,Medium,Medium,Yes,8,91,High,4,High,High,Positive,4,No,High School,Moderate,Male,71,1,2,0,1,0,1,1.8404693418385496,-1.5569471993157984
12,65,Low,Medium,Yes,6,64,Medium,1,Medium,Medium,Positive,3,No,College,Near,Female,61,0,1,0,1,0,1,-1.3314092672913058,-1.2971304802739094
21,63,Medium,Low,Yes,7,54,Low,1,Medium,Medium,Positive,3,No,College,Moderate,Female,62,1,0,1,0,0,1,0.17105954755967837,-1.4703416263018354
26,90,High,High,Yes,8,91,Medium,1,High,High,Neutral,4,Yes,High School,Near,Male,74,2,1,1,0,0,1,1.005764444699114,0.8680088450751643
12,79,Medium,Medium,No,8,73,Medium,2,Medium,Medium,Neutral,4,No,High School,Near,Male,65,1,1,1,0,0,1,-1.3314092672913058,-0.08465245807842814
21,74,Low,Low,Yes,6,70,Low,2,Low,High,Positive,3,No,High School,Moderate,Female,64,0,0,0,1,0,1,0.17105954755967837,-0.5176803231482429
26,77,Low,Low,No,7,71,Medium,1,Medium,High,Neutral,4,No,Postgraduate,Moderate,Male,66,0,1,0,1,0,1,1.005764444699114,-0.25786360410635406
20,97,High,High,Yes,4,81,Medium,1,Medium,Medium,Positive,2,Yes,High School,Near,Male,72,2,1,0,1,0,1,0.0041185681317912485,1.474247856172905
37,96,High,Medium,Yes,7,63,Medium,0,Medium,High,Positive,4,No,High School,Near,Male,76,2,1,1,0,0,1,2.8421152184058722,1.3876422831589421
10,89,Medium,Medium,Yes,6,62,Medium,4,Low,Medium,Positive,3,No,Postgraduate,Moderate,Male,67,1,1,0,1,0,1,-1.66529122614708,0.7814032720612014
26,95,Medium,High,No,9,74,Low,3,Low,Medium,Neutral,3,Yes,High School,Near,Female,71,1,0,1,0,0,1,1.005764444699114,1.3010367101449791
19,73,High,Medium,No,6,52,Medium,1,Medium,Medium,Positive,3,No,High School,Near,Male,65,2,1,0,1,0,1,-0.16282241129609587,-0.6042858961622058
25,75,Low,Low,Yes,7,82,Medium,3,Medium,High,Negative,4,No,Postgraduate,Near,Male,68,0,1,1,0,0,1,0.8388234652712269,-0.4310747501342799
23,85,Medium,Medium,Yes,6,91,Low,1,Low,High,Neutral,3,No,High School,Far,Male,68,1,0,0,1,0,1,0.5049415064154527,0.43498098000534957
16,85,High,Low,Yes,6,86,Low,3,High,High,Neutral,2,No,High School,Far,Male,67,2,0,1,0,0,1,-0.6636453495797573,0.43498098000534957
21,79,Medium,Low,No,8,73,Medium,1,Low,Low,Neutral,2,No,High School,Near,Female,64,1,1,0,1,0,1,0.17105954755967837,-0.08465245807842814
9,76,Low,High,No,6,78,Low,0,Medium,Medium,Negative,4,Yes,Postgraduate,Near,Male,60,0,0,0,1,1,0,-1.8322322055749671,-0.344469177120317
24,99,Medium,Medium,No,10,51,Low,1,Low,Medium,Neutral,3,No,High School,Near,Male,70,1,0,0,1,0,1,0.6718824858433398,1.6474590022008309
22,93,High,Medium,Yes,4,96,High,1,High,Low,Positive,2,No,College,Near,Male,73,2,2,1,0,0,1,0.3380005269875655,1.1278255641170531
24,77,Medium,Medium,Yes,8,78,Low,2,High,High,Positive,3,No,High School,Moderate,Male,69,1,0,1,0,0,1,0.6718824858433398,-0.25786360410635406
26,89,High,Medium,No,7,66,Medium,0,Low,Medium,Neutral,5,Yes,College,Near,Male,70,2,1,0,1,0,1,1.005764444699114,0.7814032720612014
22,71,Medium,Medium,No,7,65,Low,1,Low,Medium,Neutral,3,No,College,Near,Male,64,1,0,0,1,0,1,0.3380005269875655,-0.7774970421901317
21,64,High,Low,Yes,7,83,High,2,Low,Low,Neutral,3,No,High School,Moderate,Female,64,2,2,0,1,0,1,0.17105954755967837,-1.3837360532878724
15,74,High,Medium,Yes,8,79,Medium,0,High,Medium,Negative,3,No,College,Near,Male,65,2,1,0,1,0,1,-0.8305863290076444,-0.5176803231482429
16,76,Medium,Medium,No,7,59,Low,0,Low,Medium,Neutral,2,No,College,Near,Female,62,1,0,0,1,0,1,-0.6636453495797573,-0.344469177120317
27,61,Medium,Medium,Yes,9,70,Medium,0,Medium,Medium,Neutral,2,No,High School,Near,Male,64,1,1,0,1,0,1,1.1727054241270012,-1.6435527723297614
29,93,Medium,Medium,Yes,7,84,Medium,0,High,Medium,Neutral,3,No,College,Moderate,Male,72,1,1,0,1,0,1,1.5065873829827754,1.1278255641170531
19,74,Medium,Low,Yes,5,65,High,1,Low,High,Positive,3,No,High School,Near,Male,64,1,2,0,1,1,0,-0.16282241129609587,-0.5176803231482429
20,83,Medium,Medium,Yes,7,75,Medium,0,Medium,Medium,Neutral,4,No,High School,Near,Female,67,1,1,0,1,0,1,0.0041185681317912485,0.26176983397742365
15,63,High,High,Yes,9,63,Low,4,High,High,Negative,3,No,College,Near,Male,64,2,0,1,0,1,0,-0.8305863290076444,-1.4703416263018354
27,67,Low,Medium,No,6,54,Medium,0,Medium,Low,Negative,2,No,High School,Far,Male,61,0,1,1,0,0,1,1.1727054241270012,-1.1239193342459837
24,96,Medium,High,Yes,5,69,Medium,1,Low,Medium,Positive,4,No,High School,Near,Male,72,1,1,0,1,0,1,0.6718824858433398,1.3876422831589421
32,84,Medium,Medium,Yes,8,87,Medium,2,Medium,Medium,Positive,1,No,High School,Far,Male,70,1,1,0,1,1,0,2.0074103212664367,0.34837540699138664
15,98,Medium,High,No,8,61,Medium,4,Low,Medium,Positive,2,No,High School,Moderate,Female,70,1,1,0,1,0,1,-0.8305863290076444,1.5608534291868679
18,100,Medium,Medium,No,6,88,Medium,2,Medium,Medium,Neutral,2,No,College,Moderate,Male,71,1,1,0,1,0,1,-0.329763390723983,1.7340645752147938
21,75,High,High,No,7,83,Low,1,Medium,Medium,Positive,2,No,College,Near,Female,68,2,0,0,1,0,1,0.17105954755967837,-0.4310747501342799
24,72,Medium,Medium,No,7,75,Medium,3,High,Medium,Neutral,2,No,College,Near,Female,68,1,1,1,0,0,1,0.6718824858433398,-0.6908914691761688
19,94,High,High,No,7,99,Medium,0,Low,Medium,Neutral,1,Yes,High School,Near,Male,70,2,1,0,1,0,1,-0.16282241129609587,1.2144311371310161
15,100,High,High,No,8,94,High,2,Medium,High,Negative,3,No,College,Near,Male,73,2,2,0,1,0,1,-0.8305863290076444,1.7340645752147938
25,85,High,Medium,No,6,78,Low,2,Medium,High,Neutral,1,No,High School,Far,Female,69,2,0,0,1,0,1,0.8388234652712269,0.43498098000534957
24,92,Medium,High,No,8,78,High,0,Medium,Medium,Neutral,3,No,High School,Near,Male,71,1,2,0,1,0,1,0.6718824858433398,1.0412199911030902
15,91,Low,Medium,No,6,64,Low,1,Low,High,Positive,3,Yes,High School,Near,Male,64,0,0,0,1,0,1,-0.8305863290076444,0.9546144180891273
28,74,Medium,Medium,No,9,96,Low,0,Medium,Medium,Neutral,3,No,High School,Near,Female,68,1,0,1,0,0,1,1.3396464035548883,-0.5176803231482429
27,83,Medium,Medium,No,10,95,Medium,0,High,Low,Neutral,4,No,High School,Moderate,Female,69,1,1,1,0,0,1,1.1727054241270012,0.26176983397742365
21,93,High,Low,No,6,87,Medium,1,Low,High,Positive,2,No,High School,Near,Female,70,2,1,0,1,0,1,0.17105954755967837,1.1278255641170531
20,88,Medium,Medium,No,5,56,Medium,1,Low,Medium,Neutral,4,No,High School,Near,Female,67,1,1,0,1,0,1,0.0041185681317912485,0.6947976990472384
23,61,Medium,High,Yes,8,85,Medium,1,Medium,High,Positive,0,No,High School,Near,Male,66,1,1,1,0,0,1,0.5049415064154527,-1.6435527723297614
15,73,Medium,High,No,7,63,Medium,2,Medium,Medium,Neutral,5,No,Postgraduate,Moderate,Male,65,1,1,0,1,0,1,-0.8305863290076444,-0.6042858961622058
20,66,Medium,High,Yes,8,59,Low,4,Medium,Medium,Positive,3,No,College,Near,Male,66,1,0,0,1,0,1,0.0041185681317912485,-1.2105249072599464
7,69,Low,Medium,Yes,6,88,Medium,0,Low,High,Negative,4,No,Postgraduate,Near,Female,61,0,1,1,0,0,1,-2.1661141644307413,-0.9507081882180577
25,96,Low,Medium,No,7,98,Medium,0,Low,Medium,Positive,2,No,High School,Near,Female,71,0,1,0,1,0,1,0.8388234652712269,1.3876422831589421
11,61,High,Low,Yes,6,55,Medium,5,High,Low,Neutral,3,No,High School,Far,Male,60,2,1,0,1,0,1,-1.498350246719193,-1.6435527723297614
29,69,Medium,Medium,Yes,7,58,Medium,1,Low,Low,Positive,2,No,College,Near,Male,66,1,1,0,1,0,1,1.5065873829827754,-0.9507081882180577
18,72,Low,Low,Yes,5,61,Low,1,Medium,Medium,Negative,4,No,College,Moderate,Male,61,0,0,1,0,0,1,-0.329763390723983,-0.6908914691761688
19,85,Medium,Medium,Yes,7,98,High,2,Medium,Medium,Negative,3,Yes,High School,Moderate,Female,68,1,2,0,1,0,1,-0.16282241129609587,0.43498098000534957
16,81,Medium,High,Yes,5,85,High,2,Low,Medium,Positive,3,No,College,Near,Male,68,1,2,0,1,1,0,-0.6636453495797573,0.08855868794949777
18,69,Medium,Medium,Yes,6,84,Medium,2,Low,Medium,Positive,4,No,High School,Near,Male,65,1,1,0,1,0,1,-0.329763390723983,-0.9507081882180577
29,67,High,Low,No,7,75,Medium,3,Low,Medium,Neutral,1,No,High School,Near,Female,65,2,1,0,1,1,0,1.5065873829827754,-1.1239193342459837
5,69,Medium,Medium,Yes,8,77,Medium,2,Low,High,Negative,2,No,College,Near,Female,60,1,1,0,1,1,0,-2.4999961232865155,-0.9507081882180577
28,80,Low,Medium,No,8,65,Low,2,Low,Medium,Neutral,2,No,College,Near,Male,67,0,0,1,0,0,1,1.3396464035548883,0.0019531149355348125
22,71,High,Medium,No,8,58,Medium,2,Low,Medium,Negative,4,No,College,Near,Female,65,2,1,0,1,1,0,0.3380005269875655,-0.7774970421901317
13,98,High,Medium,Yes,5,89,High,1,High,Medium,Negative,3,No,High School,Near,Male,70,2,2,0,1,0,1,-1.1644682878634187,1.5608534291868679
14,79,Medium,Medium,No,9,74,Medium,1,Medium,Medium,Neutral,4,No,High School,Near,Male,64,1,1,0,1,0,1,-0.9975273084355315,-0.08465245807842814
30,62,Medium,High,Yes,6,63,Medium,2,Low,High,Positive,4,No,High School,Moderate,Male,68,1,1,0,1,0,1,1.6735283624106625,-1.5569471993157984
14,89,High,Medium,No,6,82,High,2,Medium,Medium,Negative,4,No,College,Moderate,Female,69,2,2,0,1,0,1,-0.9975273084355315,0.7814032720612014
13,73,Medium,High,Yes,7,60,High,0,High,High,Neutral,3,No,College,Near,Female,65,1,2,0,1,0,1,-1.1644682878634187,-0.6042858961622058
27,86,Medium,Medium,No,6,74,Medium,2,High,High,Neutral,3,No,High School,Near,Male,71,1,1,1,0,0,1,1.1727054241270012,0.5215865530193126
22,71,Medium,Medium,Yes,8,60,Low,1,Medium,High,Neutral,4,No,High School,Moderate,Female,65,1,0,0,1,0,1,0.3380005269875655,-0.7774970421901317
14,83,Medium,High,Yes,8,88,Low,0,High,Medium,Negative,2,Yes,High School,Moderate,Male,65,1,0,0,1,0,1,-0.9975273084355315,0.26176983397742365
21,91,Medium,Medium,Yes,6,66,High,0,Medium,Medium,Positive,2,Yes,College,Far,Female,68,1,2,0,1,0,1,0.17105954755967837,0.9546144180891273
14,97,Medium,Low,No,7,72,High,1,Low,Low,Neutral,3,No,High School,Near,Female,66,1,2,0,1,0,1,-0.9975273084355315,1.474247856172905
27,70,Low,Low,Yes,7,88,Medium,1,High,Medium,Neutral,3,No,High School,Near,Male,65,0,1,0,1,1,0,1.1727054241270012,-0.8641026152040947
26,73,High,High,Yes,8,83,Low,2,Medium,Medium,Positive,4,No,College,Near,Male,71,2,0,0,1,0,1,1.005764444699114,-0.6042858961622058
23,79,Low,Medium,Yes,6,70,Medium,3,Medium,High,Negative,4,No,Postgraduate,Moderate,Female,68,0,1,0,1,0,1,0.5049415064154527,-0.08465245807842814
22,97,Medium,Medium,Yes,6,54,Medium,2,High,Medium,Neutral,2,No,College,Near,Male,70,1,1,0,1,1,0,0.3380005269875655,1.474247856172905
31,96,Medium,Low,No,5,96,Low,3,Low,High,Neutral,2,No,College,Near,Female,74,1,0,1,0,0,1,1.8404693418385496,1.3876422831589421
20,64,High,Low,Yes,6,50,High,0,Low,Medium,Neutral,2,No,High School,Near,Male,62,2,2,1,0,0,1,0.0041185681317912485,-1.3837360532878724
13,65,Medium,High,No,5,87,Low,1,Medium,Medium,Positive,2,Yes,High School,Moderate,Female,61,1,0,0,1,0,1,-1.1644682878634187,-1.2971304802739094
23,80,High,High,Yes,6,97,Medium,0,Medium,Medium,Neutral,3,No,High School,Near,Male,70,2,1,1,0,0,1,0.5049415064154527,0.0019531149355348125
33,64,Low,Medium,Yes,9,65,Medium,0,Medium,Medium,Negative,2,No,College,Moderate,Male,65,0,1,0,1,0,1,2.174351300694324,-1.3837360532878724
14,74,Medium,Medium,Yes,8,54,High,2,Low,Low,Neutral,2,No,High School,Moderate,Male,62,1,2,0,1,0,1,-0.9975273084355315,-0.5176803231482429
18,66,High,High,No,9,62,Medium,2,High,Medium,Neutral,4,No,High School,Moderate,Female,65,2,1,0,1,0,1,-0.329763390723983,-1.2105249072599464
22,85,High,Medium,No,6,66,Low,0,Low,Medium,Positive,4,No,College,Near,Male,68,2,0,1,0,0,1,0.3380005269875655,0.43498098000534957
20,98,Medium,High,Yes,4,73,Medium,2,Medium,Low,Positive,1,No,High School,Far,Male,70,1,1,1,0,0,1,0.0041185681317912485,1.5608534291868679
14,100,Medium,Low,No,7,76,Low,1,Medium,Medium,Neutral,3,No,Postgraduate,Near,Female,68,1,0,1,0,0,1,-0.9975273084355315,1.7340645752147938
27,75,Low,Medium,No,10,86,Medium,3,Medium,Medium,Positive,6,No,Postgraduate,Near,Female,69,0,1,1,0,1,0,1.1727054241270012,-0.4310747501342799
34,84,Medium,High,Yes,6,95,Medium,1,Low,Medium,Neutral,3,No,Postgraduate,Far,Male,73,1,1,1,0,0,1,2.341292280122211,0.34837540699138664
21,94,Medium,Medium,Yes,7,73,Medium,1,Medium,Medium,Positive,5,No,College,Near,Female,71,1,1,1,0,0,1,0.17105954755967837,1.2144311371310161
15,65,Low,High,Yes,5,87,Medium,0,Low,High,Neutral,4,No,High School,Near,Female,63,0,1,1,0,0,1,-0.8305863290076444,-1.2971304802739094
11,88,High,Medium,Yes,7,56,Low,2,Medium,Medium,Neutral,2,No,College,Near,Male,66,2,0,0,1,0,1,-1.498350246719193,0.6947976990472384
22,76,High,Low,Yes,7,66,Low,1,Low,High,Positive,4,No,Postgraduate,Near,Male,67,2,0,1,0,0,1,0.3380005269875655,-0.344469177120317
27,68,Low,High,No,4,56,Medium,0,Low,High,Neutral,1,No,High School,Near,Female,64,0,1,0,1,0,1,1.1727054241270012,-1.0373137612320207
23,76,Medium,Low,Yes,5,85,Medium,1,Medium,Low,Neutral,3,No,High School,Near,Female,66,1,1,0,1,0,1,0.5049415064154527,-0.344469177120317
20,63,High,High,Yes,5,95,Medium,2,High,High,Positive,3,No,College,Near,Male,69,2,1,0,1,0,1,0.0041185681317912485,-1.4703416263018354
16,88,Medium,High,Yes,5,94,High,4,Medium,Medium,Positive,6,No,College,Moderate,Male,72,1,2,1,0,0,1,-0.6636453495797573,0.6947976990472384
13,70,Medium,High,Yes,6,66,Medium,1,Medium,Medium,Negative,4,No,High School,Near,Male,63,1,1,0,1,0,1,-1.1644682878634187,-0.8641026152040947
25,72,Medium,High,Yes,8,62,Medium,2,Low,Medium,Positive,2,No,High School,Near,Female,67,1,1,0,1,0,1,0.8388234652712269,-0.6908914691761688
25,65,Low,Medium,No,6,64,Medium,1,Medium,Medium,Negative,4,No,College,Near,Male,64,0,1,1,0,0,1,0.8388234652712269,-1.2971304802739094
11,95,Medium,Medium,Yes,9,64,High,4,Low,Medium,Positive,4,No,High School,Moderate,Male,68,1,2,0,1,0,1,-1.498350246719193,1.3010367101449791
30,80,High,High,No,6,54,High,1,High,Medium,Positive,3,No,High School,Moderate,Female,71,2,2,0,1,0,1,1.6735283624106625,0.0019531149355348125
23,83,Medium,Low,Yes,7,57,Medium,2,Medium,High,Positive,4,No,High School,Moderate,Female,67,1,1,0,1,1,0,0.5049415064154527,0.26176983397742365
28,83,Medium,Low,No,8,61,Medium,1,Low,Medium,Negative,5,Yes,Postgraduate,Near,Male,67,1,1,1,0,0,1,1.3396464035548883,0.26176983397742365
12,76,Medium,Medium,Yes,9,50,Medium,2,Medium,High,Negative,3,No,College,Near,Male,64,1,1,0,1,0,1,-1.3314092672913058,-0.344469177120317
12,68,High,Low,No,6,52,Low,5,High,High,Neutral,3,No,College,Near,Male,63,2,0,0,1,0,1,-1.3314092672913058,-1.0373137612320207
19,90,High,High,No,8,85,Medium,2,Medium,Medium,Neutral,4,No,College,Near,Male,72,2,1,0,1,0,1,-0.16282241129609587,0.8680088450751643
23,65,Low,Medium,Yes,6,81,Low,2,Low,Medium,Neutral,2,No,High School,Near,Female,63,0,0,0,1,0,1,0.5049415064154527,-1.2971304802739094
31,64,High,Medium,No,10,97,Low,2,Medium,Medium,Negative,4,No,High School,Far,Female,67,2,0,1,0,0,1,1.8404693418385496,-1.3837360532878724
24,88,Low,Medium,Yes,5,70,Medium,1,Low,Medium,Positive,2,No,Postgraduate,Near,Male,68,0,1,1,0,1,0,0.6718824858433398,0.6947976990472384
19,68,Low,High,Yes,8,72,High,2,Low,High,Neutral,3,No,College,Far,Male,64,0,2,1,0,0,1,-0.16282241129609587,-1.0373137612320207
14,72,Medium,High,No,9,53,Medium,4,Medium,Medium,Negative,3,No,Postgraduate,Near,Male,65,1,1,0,1,0,1,-0.9975273084355315,-0.6908914691761688
27,79,Medium,Low,Yes,5,58,High,2,Medium,Medium,Neutral,1,No,Postgraduate,Far,Female,68,1,2,1,0,0,1,1.1727054241270012,-0.08465245807842814
14,78,Medium,High,Yes,8,85,Medium,2,Low,Medium,Negative,4,No,High School,Near,Male,66,1,1,1,0,0,1,-0.9975273084355315,-0.1712580310923911
30,88,Medium,Medium,Yes,6,62,High,4,Low,Medium,Positive,5,No,College,Far,Female,73,1,2,1,0,0,1,1.6735283624106625,0.6947976990472384
18,85,Low,Medium,Yes,10,89,Medium,1,High,Medium,Positive,3,No,High School,Near,Female,68,0,1,1,0,0,1,-0.329763390723983,0.43498098000534957
30,86,Medium,High,No,4,85,High,2,Medium,Medium,Neutral,5,Yes,Postgraduate,Far,Male,72,1,2,1,0,0,1,1.6735283624106625,0.5215865530193126
24,89,Medium,Medium,Yes,5,87,Medium,3,High,Medium,Neutral,0,No,High School,Near,Female,70,1,1,0,1,1,0,0.6718824858433398,0.7814032720612014
19,72,Medium,Medium,Yes,5,85,High,1,Low,Medium,Neutral,4,No,College,Near,Female,66,1,2,1,0,0,1,-0.16282241129609587,-0.6908914691761688
17,73,Low,Medium,Yes,5,85,High,3,Medium,Medium,Positive,1,No,College,Near,Female,66,0,2,0,1,0,1,-0.49670437015187013,-0.6042858961622058
18,78,Low,Low,Yes,8,77,Medium,2,Medium,High,Neutral,4,No,College,Near,Female,66,0,1,1,0,0,1,-0.329763390723983,-0.1712580310923911
23,72,High,Low,Yes,10,84,Low,2,Low,Medium,Negative,2,No,High School,Moderate,Male,65,2,0,0,1,0,1,0.5049415064154527,-0.6908914691761688
20,99,High,Low,Yes,9,76,High,2,Low,Medium,Neutral,5,No,College,Far,Male,71,2,2,0,1,0,1,0.0041185681317912485,1.6474590022008309
16,93,Low,Medium,Yes,7,60,Medium,1,Medium,Medium,Positive,1,No,High School,Moderate,Female,66,0,1,0,1,0,1,-0.6636453495797573,1.1278255641170531
19,67,Medium,Low,No,7,61,High,1,Medium,Medium,Neutral,4,No,College,Moderate,Female,63,1,2,1,0,0,1,-0.16282241129609587,-1.1239193342459837
20,60,Medium,Medium,Yes,6,70,Medium,2,Low,Medium,Neutral,3,Yes,Postgraduate,Near,Female,63,1,1,0,1,0,1,0.0041185681317912485,-1.7301583453437241
7,62,High,Medium,Yes,8,51,Low,0,Medium,Low,Positive,3,No,College,Moderate,Male,58,2,0,0,1,0,1,-2.1661141644307413,-1.5569471993157984
23,70,Medium,High,No,7,94,Low,3,Medium,High,Neutral,3,No,High School,Near,Female,68,1,0,0,1,0,1,0.5049415064154527,-0.8641026152040947
14,65,High,Medium,No,7,63,Medium,2,Low,Medium,Neutral,3,No,High School,Moderate,Male,61,2,1,0,1,0,1,-0.9975273084355315,-1.2971304802739094
13,81,Medium,High,No,6,53,Low,2,Low,Medium,Positive,4,No,High School,Near,Male,65,1,0,0,1,0,1,-1.1644682878634187,0.08855868794949777
10,94,High,Low,No,5,71,Medium,1,High,Medium,Positive,3,No,High School,Moderate,Male,67,2,1,0,1,0,1,-1.66529122614708,1.2144311371310161
9,89,Low,High,Yes,7,91,Medium,1,High,Low,Neutral,3,No,Postgraduate,Near,Male,67,0,1,0,1,0,1,-1.8322322055749671,0.7814032720612014
12,69,High,Low,No,7,70,Medium,1,Medium,Medium,Positive,4,No,High School,Near,Male,62,2,1,1,0,0,1,-1.3314092672913058,-0.9507081882180577
16,76,Medium,High,Yes,6,63,High,0,Low,Medium,Positive,1,No,High School,Near,Female,86,1,2,0,1,0,1,-0.6636453495797573,-0.344469177120317
32,80,High,Medium,No,6,77,Low,0,Medium,Medium,Neutral,5,No,College,Near,Male,71,2,0,0,1,0,1,2.0074103212664367,0.0019531149355348125
17,92,Medium,Medium,Yes,8,79,Medium,1,Low,Medium,Positive,3,No,Postgraduate,Near,Male,70,1,1,0,1,0,1,-0.49670437015187013,1.0412199911030902
21,94,Medium,Medium,No,8,88,Medium,1,Medium,Medium,Positive,3,No,College,Near,Male,71,1,1,0,1,0,1,0.17105954755967837,1.2144311371310161
22,96,High,Low,No,10,90,High,2,Low,Medium,Neutral,3,Yes,College,Moderate,Male,71,2,2,0,1,0,1,0.3380005269875655,1.3876422831589421
21,80,High,High,Yes,9,85,Low,1,High,Medium,Negative,3,No,College,Near,Female,70,2,0,0,1,0,1,0.17105954755967837,0.0019531149355348125
20,88,Medium,High,Yes,5,50,Medium,2,Low,Medium,Neutral,5,No,High School,Moderate,Male,67,1,1,0,1,1,0,0.0041185681317912485,0.6947976990472384
13,64,Medium,Low,Yes,7,50,High,0,Medium,Low,Positive,4,No,High School,Near,Male,60,1,2,0,1,0,1,-1.1644682878634187,-1.3837360532878724
29,83,High,High,No,5,99,Medium,0,Medium,High,Neutral,4,No,College,Near,Female,73,2,1,0,1,0,1,1.5065873829827754,0.26176983397742365
31,70,High,Low,Yes,4,63,High,1,Medium,Medium,Neutral,2,Yes,High School,Near,Female,67,2,2,0,1,0,1,1.8404693418385496,-0.8641026152040947
10,77,Low,High,Yes,10,64,High,1,Low,Medium,Negative,3,Yes,College,Near,Female,62,0,2,1,0,0,1,-1.66529122614708,-0.25786360410635406
14,85,Medium,High,No,9,87,High,0,Medium,Medium,Negative,3,No,College,Near,Female,67,1,2,0,1,0,1,-0.9975273084355315,0.43498098000534957
18,70,High,Low,No,6,79,Medium,1,Medium,High,Positive,2,No,College,Near,Female,65,2,1,0,1,0,1,-0.329763390723983,-0.8641026152040947
14,62,Medium,Medium,No,9,73,Medium,1,Low,Medium,Neutral,6,No,High School,Near,Male,61,1,1,0,1,0,1,-0.9975273084355315,-1.5569471993157984
23,60,High,Medium,Yes,9,56,Low,0,Low,Medium,Negative,4,No,High School,Moderate,Female,61,2,0,1,0,1,0,0.5049415064154527,-1.7301583453437241
16,61,High,Medium,No,4,54,Low,1,Low,Medium,Neutral,2,No,High School,Near,Female,60,2,0,1,0,0,1,-0.6636453495797573,-1.6435527723297614
33,60,High,High,No,8,85,Low,4,Low,Low,Negative,3,No,High School,Near,Male,68,2,0,0,1,0,1,2.174351300694324,-1.7301583453437241
27,64,High,Medium,Yes,6,56,Low,0,Low,High,Neutral,5,No,College,Moderate,Female,65,2,0,0,1,0,1,1.1727054241270012,-1.3837360532878724
21,70,High,High,Yes,8,72,Low,3,Medium,Low,Neutral,1,No,Postgraduate,Moderate,Female,67,2,0,0,1,0,1,0.17105954755967837,-0.8641026152040947
26,69,High,Low,No,10,87,Low,2,Medium,Low,Positive,2,No,Postgraduate,Near,Male,67,2,0,0,1,0,1,1.005764444699114,-0.9507081882180577
27,99,High,Medium,No,9,96,Low,0,High,Medium,Positive,2,No,College,Moderate,Male,74,2,0,1,0,0,1,1.1727054241270012,1.6474590022008309
17,72,Low,Medium,No,7,94,Low,4,Medium,Medium,Positive,2,No,High School,Far,Female,64,0,0,0,1,0,1,-0.49670437015187013,-0.6908914691761688
15,65,Medium,High,Yes,9,93,Low,2,Low,Low,Neutral,3,No,College,Near,Male,64,1,0,1,0,0,1,-0.8305863290076444,-1.2971304802739094
20,82,Medium,Low,Yes,4,68,Medium,2,Low,High,Neutral,3,No,High School,Near,Male,67,1,1,0,1,0,1,0.0041185681317912485,0.17516426096346072
25,94,High,High,No,8,96,High,6,Medium,Medium,Negative,3,Yes,High School,Far,Female,74,2,2,0,1,0,1,0.8388234652712269,1.2144311371310161
21,87,Medium,Medium,Yes,8,84,High,1,Low,Low,Positive,2,No,College,Near,Male,69,1,2,1,0,0,1,0.17105954755967837,0.6081921260332754
11,72,Low,Medium,No,8,94,High,1,Low,Low,Positive,2,No,High School,Near,Male,62,0,2,0,1,0,1,-1.498350246719193,-0.6908914691761688
15,82,Medium,Medium,Yes,6,54,Medium,1,Medium,Medium,Positive,2,No,College,Near,Female,66,1,1,0,1,0,1,-0.8305863290076444,0.17516426096346072
20,89,High,High,Yes,8,52,Low,2,Medium,Medium,Negative,3,No,College,Moderate,Female,69,2,0,0,1,0,1,0.0041185681317912485,0.7814032720612014
20,89,High,Medium,Yes,8,71,Medium,1,Medium,Medium,Negative,1,No,Postgraduate,Far,Male,68,2,1,0,1,0,1,0.0041185681317912485,0.7814032720612014
32,87,High,Medium,Yes,4,91,Medium,2,High,Medium,Neutral,2,No,High School,Moderate,Female,74,2,1,0,1,0,1,2.0074103212664367,0.6081921260332754
12,95,Medium,Medium,No,7,70,Medium,4,Medium,High,Positive,3,No,High School,Far,Male,68,1,1,0,1,0,1,-1.3314092672913058,1.3010367101449791
23,95,Medium,Medium,Yes,6,94,High,2,Medium,Medium,Neutral,3,No,High School,Near,Male,73,1,2,0,1,0,1,0.5049415064154527,1.3010367101449791
29,83,Medium,Low,No,8,62,Low,4,High,Medium,Negative,5,No,College,Near,Male,70,1,0,0,1,0,1,1.5065873829827754,0.26176983397742365
34,77,Medium,High,No,9,52,Medium,0,Medium,Medium,Neutral,4,No,High School,Moderate,Female,69,1,1,1,0,0,1,2.341292280122211,-0.25786360410635406
18,86,Medium,Medium,Yes,6,88,Medium,2,Medium,High,Neutral,2,No,College,Far,Male,68,1,1,0,1,0,1,-0.329763390723983,0.5215865530193126
23,93,Medium,High,No,5,81,High,2,Low,Medium,Negative,1,No,College,Near,Male,71,1,2,1,0,0,1,0.5049415064154527,1.1278255641170531
23,60,Low,Medium,No,7,72,Low,3,High,Medium,Neutral,2,No,College,Near,Female,64,0,0,0,1,0,1,0.5049415064154527,-1.7301583453437241
21,100,Medium,Medium,No,5,92,Low,3,Low,Low,Positive,3,Yes,Postgraduate,Near,Male,71,1,0,0,1,0,1,0.17105954755967837,1.7340645752147938
19,67,Medium,Medium,No,7,91,Medium,1,Low,High,Neutral,3,No,High School,Near,Female,65,1,1,0,1,0,1,-0.16282241129609587,-1.1239193342459837
23,79,Low,Medium,Yes,7,66,High,1,High,Medium,Positive,3,No,Postgraduate,Near,Male,68,0,2,1,0,0,1,0.5049415064154527,-0.08465245807842814
5,95,Medium,High,Yes,8,92,Low,1,Low,High,Neutral,2,No,College,Near,Female,67,1,0,1,0,0,1,-2.4999961232865155,1.3010367101449791
24,69,Medium,High,Yes,7,67,Medium,2,Medium,High,Negative,4,No,Postgraduate,Far,Male,67,1,1,0,1,0,1,0.6718824858433398,-0.9507081882180577
21,79,Medium,Low,Yes,7,81,Low,2,Medium,Medium,Neutral,4,No,High School,Near,Male,67,1,0,0,1,0,1,0.17105954755967837,-0.08465245807842814
19,65,Medium,High,Yes,9,60,Low,1,Low,Medium,Neutral,3,No,Postgraduate,Moderate,Male,63,1,0,0,1,0,1,-0.16282241129609587,-1.2971304802739094
32,76,Medium,Medium,No,7,63,Medium,0,Medium,Low,Positive,3,No,High School,Near,Female,68,1,1,0,1,0,1,2.0074103212664367,-0.344469177120317
16,67,High,High,Yes,6,72,Medium,1,Low,High,Positive,3,No,Postgraduate,Near,Female,66,2,1,0,1,0,1,-0.6636453495797573,-1.1239193342459837
18,75,Medium,Medium,Yes,7,66,High,1,High,High,Positive,4,No,High School,Near,Male,67,1,2,0,1,0,1,-0.329763390723983,-0.4310747501342799
32,75,Medium,Low,Yes,6,56,Medium,3,Medium,Medium,Neutral,2,No,College,Moderate,Female,68,1,1,0,1,0,1,2.0074103212664367,-0.4310747501342799
15,100,High,Medium,Yes,5,74,Medium,2,High,Medium,Neutral,3,No,Postgraduate,Near,Male,72,2,1,1,0,0,1,-0.8305863290076444,1.7340645752147938
17,100,Medium,Medium,No,5,76,Low,3,Low,High,Neutral,3,No,Postgraduate,Moderate,Female,70,1,0,1,0,0,1,-0.49670437015187013,1.7340645752147938
19,65,Low,High,No,9,58,Low,3,Medium,Medium,Negative,4,No,High School,Moderate,Female,62,0,0,0,1,0,1,-0.16282241129609587,-1.2971304802739094
25,89,Medium,Low,Yes,6,59,Medium,2,Low,Medium,Neutral,2,No,College,Near,Female,69,1,1,0,1,0,1,0.8388234652712269,0.7814032720612014
21,62,Medium,Low,Yes,7,51,Low,0,Low,Medium,Positive,4,No,High School,Near,Female,61,1,0,1,0,0,1,0.17105954755967837,-1.5569471993157984
12,61,Medium,Low,Yes,7,52,Low,2,Low,Medium,Positive,2,No,High School,Moderate,Female,58,1,0,0,1,0,1,-1.3314092672913058,-1.6435527723297614
17,64,Low,Medium,No,7,68,Medium,5,Medium,Medium,Neutral,3,No,High School,Near,Male,63,0,1,1,0,0,1,-0.49670437015187013,-1.3837360532878724
16,99,High,Medium,No,9,57,High,4,Medium,Medium,Positive,3,No,College,Near,Female,71,2,2,0,1,1,0,-0.6636453495797573,1.6474590022008309
20,98,Low,Medium,Yes,7,96,Low,1,Low,High,Positive,3,No,College,Near,Female,70,0,0,0,1,1,0,0.0041185681317912485,1.5608534291868679
23,68,High,Medium,No,6,60,Medium,1,Low,Medium,Neutral,3,No,High School,Near,Female,64,2,1,0,1,0,1,0.5049415064154527,-1.0373137612320207
23,66,High,Low,No,6,53,Low,2,Medium,Medium,Positive,1,No,College,Far,Male,63,2,0,0,1,0,1,0.5049415064154527,-1.2105249072599464
9,70,High,Medium,Yes,8,70,Low,1,Medium,Medium,Positive,3,No,College,Near,Male,63,2,0,0,1,0,1,-1.8322322055749671,-0.8641026152040947
26,81,High,Low,No,8,60,High,2,Low,High,Positive,5,No,Postgraduate,Near,Female,71,2,2,0,1,0,1,1.005764444699114,0.08855868794949777
22,83,Low,High,Yes,8,53,Medium,0,Low,Low,Negative,2,No,Postgraduate,Near,Female,65,0,1,0,1,1,0,0.3380005269875655,0.26176983397742365
28,69,High,High,No,7,88,Low,2,Low,Medium,Neutral,2,No,High School,Moderate,Male,68,2,0,0,1,0,1,1.3396464035548883,-0.9507081882180577
23,90,Medium,High,Yes,5,78,High,1,Medium,Medium,Neutral,3,No,High School,Moderate,Male,70,1,2,1,0,1,0,0.5049415064154527,0.8680088450751643
27,72,High,High,Yes,8,53,Medium,3,Medium,Low,Neutral,3,No,High School,Far,Female,68,2,1,0,1,0,1,1.1727054241270012,-0.6908914691761688
23,97,Medium,High,No,7,73,Medium,3,Low,Medium,Negative,1,No,High School,Moderate,Male,69,1,1,1,0,1,0,0.5049415064154527,1.474247856172905
28,86,Medium,Medium,Yes,7,52,Medium,0,Medium,Medium,Positive,5,No,College,Near,Male,70,1,1,0,1,0,1,1.3396464035548883,0.5215865530193126
23,77,High,Medium,No,5,68,Low,0,High,High,Positive,3,Yes,High School,Near,Male,67,2,0,1,0,0,1,0.5049415064154527,-0.25786360410635406
19,92,Low,High,Yes,6,68,Medium,2,Medium,Medium,Neutral,2,No,High School,Near,Female,69,0,1,0,1,0,1,-0.16282241129609587,1.0412199911030902
34,93,Low,Medium,No,6,91,Low,2,High,Medium,Neutral,3,No,High School,Moderate,Female,73,0,0,0,1,0,1,2.341292280122211,1.1278255641170531
25,72,Medium,Medium,Yes,8,87,Low,3,Medium,Low,Positive,3,No,Postgraduate,Moderate,Male,68,1,0,0,1,0,1,0.8388234652712269,-0.6908914691761688
23,74,High,Medium,No,8,95,Medium,2,Low,Medium,Negative,2,No,College,Far,Female,67,2,1,0,1,0,1,0.5049415064154527,-0.5176803231482429
12,97,Medium,High,Yes,7,57,Low,0,Low,Medium,Positive,4,No,College,Moderate,Female,67,1,0,1,0,0,1,-1.3314092672913058,1.474247856172905
12,67,Medium,High,Yes,8,77,Medium,2,Low,High,Positive,3,No,College,Near,Male,64,1,1,1,0,0,1,-1.3314092672913058,-1.1239193342459837
22,62,High,Medium,No,9,51,Medium,2,Low,Medium,Neutral,2,No,High School,Near,Male,63,2,1,0,1,0,1,0.3380005269875655,-1.5569471993157984
21,78,Low,High,No,8,91,Medium,1,Medium,Low,Negative,5,No,Postgraduate,Near,Female,67,0,1,1,0,1,0,0.17105954755967837,-0.1712580310923911
16,92,Medium,High,Yes,8,68,Medium,1,Medium,High,Positive,2,No,High School,Near,Male,70,1,1,0,1,0,1,-0.6636453495797573,1.0412199911030902
21,91,High,Medium,Yes,6,53,High,1,Medium,Medium,Positive,3,No,Postgraduate,Near,Female,71,2,2,0,1,0,1,0.17105954755967837,0.9546144180891273
30,97,Medium,High,Yes,6,66,High,1,Medium,Medium,Neutral,2,No,College,Near,Male,74,1,2,1,0,0,1,1.6735283624106625,1.474247856172905
24,81,Medium,High,Yes,9,64,High,2,High,Low,Positive,3,No,High School,Near,Male,70,1,2,0,1,0,1,0.6718824858433398,0.08855868794949777
13,64,Low,Low,No,6,88,Medium,1,Medium,Medium,Neutral,2,No,College,Moderate,Female,59,0,1,0,1,0,1,-1.1644682878634187,-1.3837360532878724
19,84,Low,Medium,Yes,8,56,Medium,0,Low,Medium,Neutral,3,Yes,High School,Near,Male,64,0,1,1,0,0,1,-0.16282241129609587,0.34837540699138664
15,91,Low,Medium,No,10,78,Low,2,Medium,High,Neutral,3,No,High School,Near,Female,67,0,0,0,1,0,1,-0.8305863290076444,0.9546144180891273
18,64,Medium,Medium,Yes,8,90,Medium,1,Low,Medium,Neutral,3,No,High School,Near,Male,63,1,1,0,1,0,1,-0.329763390723983,-1.3837360532878724
18,67,Low,High,Yes,7,87,Medium,5,Low,Low,Positive,2,No,College,Near,Male,66,0,1,0,1,0,1,-0.329763390723983,-1.1239193342459837
17,60,Medium,Medium,Yes,5,97,Medium,1,Medium,Medium,Negative,4,No,College,Far,Male,62,1,1,1,0,0,1,-0.49670437015187013,-1.7301583453437241
12,84,Low,Medium,No,7,50,Medium,3,High,High,Neutral,3,No,High School,Near,Male,65,0,1,0,1,0,1,-1.3314092672913058,0.34837540699138664
19,95,High,High,Yes,9,68,Medium,3,High,Medium,Positive,4,No,College,Far,Male,73,2,1,0,1,0,1,-0.16282241129609587,1.3010367101449791
17,87,High,High,Yes,7,68,High,1,Medium,High,Positive,2,No,High School,Near,Male,70,2,2,0,1,0,1,-0.49670437015187013,0.6081921260332754
2,99,Medium,Low,Yes,9,52,Low,0,Medium,Medium,Neutral,4,No,High School,Near,Male,62,1,0,0,1,0,1,-3.000819061570177,1.6474590022008309
32,63,Medium,High,No,8,91,Medium,2,High,Low,Positive,5,Yes,High School,Near,Female,68,1,1,0,1,1,0,2.0074103212664367,-1.4703416263018354
27,96,High,Low,Yes,7,84,Medium,1,High,Medium,Neutral,3,No,College,Near,Male,74,2,1,0,1,0,1,1.1727054241270012,1.3876422831589421
18,93,Medium,Medium,No,7,76,Low,2,Medium,Medium,Neutral,4,No,High School,Near,Female,96,1,0,1,0,0,1,-0.329763390723983,1.1278255641170531
20,73,High,High,No,5,70,High,1,Low,High,Negative,2,No,High School,Moderate,Male,66,2,2,0,1,0,1,0.0041185681317912485,-0.6042858961622058
13,99,Low,High,Yes,6,95,Medium,0,Low,Medium,Positive,4,No,Postgraduate,Near,Male,69,0,1,0,1,1,0,-1.1644682878634187,1.6474590022008309
30,72,High,High,Yes,6,63,Medium,1,Low,Medium,Neutral,3,No,Postgraduate,Near,Female,70,2,1,0,1,0,1,1.6735283624106625,-0.6908914691761688
31,96,Medium,Low,Yes,8,67,Medium,2,Medium,Medium,Neutral,3,No,College,Near,Male,73,1,1,1,0,0,1,1.8404693418385496,1.3876422831589421
21,95,Low,Low,No,7,98,Low,1,Low,High,Positive,2,No,High School,Near,Male,69,0,0,0,1,0,1,0.17105954755967837,1.3010367101449791
26,90,High,High,Yes,9,53,Medium,1,Low,Medium,Neutral,4,No,High School,Far,Male,71,2,1,1,0,0,1,1.005764444699114,0.8680088450751643
21,83,High,Low,Yes,7,89,Low,0,Low,Low,Neutral,2,No,College,Moderate,Female,65,2,0,0,1,1,0,0.17105954755967837,0.26176983397742365
12,65,Medium,Low,Yes,6,86,Medium,1,Medium,Medium,Positive,3,No,Postgraduate,Near,Female,62,1,1,0,1,0,1,-1.3314092672913058,-1.2971304802739094
18,81,High,High,No,6,95,Low,1,Medium,Medium,Positive,3,No,High School,Near,Male,69,2,0,0,1,0,1,-0.329763390723983,0.08855868794949777
21,74,Low,Medium,No,6,55,High,3,Low,Medium,Positive,2,No,College,Near,Male,65,0,2,0,1,0,1,0.17105954755967837,-0.5176803231482429
17,92,Medium,Medium,No,7,99,Medium,1,Medium,Medium,Neutral,2,No,College,Far,Female,68,1,1,0,1,0,1,-0.49670437015187013,1.0412199911030902
19,90,Low,Low,Yes,6,51,High,1,Low,Medium,Negative,3,Yes,Postgraduate,Near,Male,65,0,2,0,1,0,1,-0.16282241129609587,0.8680088450751643
19,96,Medium,High,Yes,5,67,Medium,4,High,Medium,Neutral,1,No,High School,Moderate,Male,72,1,1,1,0,0,1,-0.16282241129609587,1.3876422831589421
20,61,High,High,Yes,9,54,Medium,2,High,Medium,Positive,4,No,Postgraduate,Near,Male,67,2,1,1,0,0,1,0.0041185681317912485,-1.6435527723297614
20,92,Medium,Low,No,7,53,Medium,2,Medium,High,Positive,2,No,College,Far,Male,68,1,1,1,0,0,1,0.0041185681317912485,1.0412199911030902
14,98,Low,Medium,No,7,98,Medium,0,Medium,High,Positive,3,No,High School,Near,Male,68,0,1,0,1,1,0,-0.9975273084355315,1.5608534291868679
16,92,Medium,Medium,No,6,86,Low,2,Medium,Medium,Neutral,3,Yes,College,Near,Female,66,1,0,1,0,1,0,-0.6636453495797573,1.0412199911030902
12,65,Medium,High,Yes,5,75,High,0,High,Medium,Negative,2,No,High School,Moderate,Male,62,1,2,1,0,0,1,-1.3314092672913058,-1.2971304802739094
26,63,Medium,Medium,Yes,7,55,Medium,2,Medium,High,Neutral,4,No,High School,Far,Male,65,1,1,0,1,0,1,1.005764444699114,-1.4703416263018354
7,61,Low,High,Yes,4,76,High,1,Medium,Medium,Positive,5,No,High School,Far,Female,60,0,2,1,0,0,1,-2.1661141644307413,-1.6435527723297614
27,85,High,Medium,Yes,8,66,Medium,2,Low,High,Neutral,4,Yes,High School,Moderate,Male,70,2,1,1,0,0,1,1.1727054241270012,0.43498098000534957
28,85,Medium,Medium,Yes,6,64,Low,1,Low,Medium,Neutral,1,No,High School,Moderate,Male,68,1,0,0,1,0,1,1.3396464035548883,0.43498098000534957
18,99,Medium,High,Yes,7,81,Low,1,Medium,Medium,Neutral,3,No,Postgraduate,Near,Male,72,1,0,0,1,0,1,-0.329763390723983,1.6474590022008309
4,76,Medium,Medium,Yes,8,90,Medium,2,High,Medium,Positive,2,No,High School,Moderate,Female,63,1,1,0,1,0,1,-2.6669371027144027,-0.344469177120317
18,73,Medium,High,Yes,7,72,Low,1,Medium,Medium,Neutral,1,Yes,High School,Moderate,Male,63,1,0,1,0,0,1,-0.329763390723983,-0.6042858961622058
20,85,Low,Medium,Yes,5,75,Low,1,Medium,Medium,Neutral,2,No,College,Near,Male,67,0,0,0,1,0,1,0.0041185681317912485,0.43498098000534957
14,93,Medium,Low,Yes,9,83,Low,4,Medium,Medium,Neutral,2,No,Postgraduate,Near,Female,68,1,0,0,1,0,1,-0.9975273084355315,1.1278255641170531
17,97,Medium,Medium,No,5,56,Low,2,High,Medium,Positive,3,No,High School,Near,Female,69,1,0,0,1,0,1,-0.49670437015187013,1.474247856172905
29,92,High,Medium,Yes,4,91,Low,1,High,High,Neutral,4,No,High School,Near,Female,75,2,0,0,1,0,1,1.5065873829827754,1.0412199911030902
24,77,Low,Medium,No,8,92,High,0,High,Medium,Neutral,3,No,High School,Moderate,Male,67,0,2,0,1,0,1,0.6718824858433398,-0.25786360410635406
14,85,High,High,Yes,5,77,Medium,2,Low,High,Positive,3,No,High School,Near,Male,69,2,1,0,1,0,1,-0.9975273084355315,0.43498098000534957
10,94,Low,Medium,No,9,59,Low,0,Medium,Medium,Positive,2,No,Postgraduate,Near,Male,65,0,0,0,1,0,1,-1.66529122614708,1.2144311371310161
18,80,Low,High,Yes,8,75,Medium,2,Medium,Medium,Negative,4,No,High School,Near,Male,65,0,1,0,1,1,0,-0.329763390723983,0.0019531149355348125
19,69,Medium,Medium,Yes,7,55,Low,1,Low,Medium,Positive,4,No,College,Near,Female,63,1,0,0,1,0,1,-0.16282241129609587,-0.9507081882180577
23,67,Low,Medium,No,6,88,Medium,2,Medium,Medium,Neutral,4,No,High School,Near,Male,65,0,1,1,0,0,1,0.5049415064154527,-1.1239193342459837
17,60,Medium,Low,No,6,66,Medium,0,Low,Medium,Positive,2,No,High School,Far,Female,58,1,1,0,1,0,1,-0.49670437015187013,-1.7301583453437241
23,89,High,High,Yes,6,66,Low,0,Low,High,Positive,3,No,High School,Moderate,Male,70,2,0,1,0,0,1,0.5049415064154527,0.7814032720612014
32,64,Low,Low,Yes,6,97,Medium,1,Medium,Low,Neutral,5,No,College,Moderate,Male,66,0,1,0,1,0,1,2.0074103212664367,-1.3837360532878724
25,70,Medium,Low,No,9,71,Medium,2,Low,Medium,Negative,2,No,College,Near,Female,63,1,1,0,1,1,0,0.8388234652712269,-0.8641026152040947
20,72,Medium,Low,Yes,6,89,Low,1,Low,Medium,Negative,3,No,High School,Far,Male,62,1,0,1,0,0,1,0.0041185681317912485,-0.6908914691761688
19,82,Medium,Medium,Yes,8,82,High,2,Medium,Medium,Positive,3,No,College,Moderate,Female,69,1,2,1,0,0,1,-0.16282241129609587,0.17516426096346072
18,76,Medium,Medium,No,9,66,High,1,High,High,Positive,3,No,High School,Near,Female,66,1,2,0,1,0,1,-0.329763390723983,-0.344469177120317
27,87,High,Low,No,6,56,Medium,0,Low,High,Neutral,2,No,High School,Moderate,Male,68,2,1,0,1,0,1,1.1727054241270012,0.6081921260332754
16,62,Low,Medium,Yes,8,90,Low,2,High,Medium,Neutral,2,No,Postgraduate,Far,Male,62,0,0,0,1,0,1,-0.6636453495797573,-1.5569471993157984
20,65,High,Medium,No,6,88,Medium,0,Medium,High,Negative,4,Yes,High School,Near,Male,64,2,1,0,1,0,1,0.0041185681317912485,-1.2971304802739094
20,80,Medium,High,Yes,7,58,Low,0,Medium,Medium,Neutral,2,No,College,Near,Female,65,1,0,0,1,1,0,0.0041185681317912485,0.0019531149355348125
17,73,Medium,High,Yes,6,62,Low,2,Low,Medium,Negative,3,No,College,Far,Male,64,1,0,1,0,0,1,-0.49670437015187013,-0.6042858961622058
12,72,Medium,Medium,No,6,88,High,2,High,Medium,Positive,3,No,High School,Near,Female,65,1,2,0,1,0,1,-1.3314092672913058,-0.6908914691761688
22,63,Medium,Medium,Yes,7,99,Low,3,Medium,Medium,Neutral,4,No,High School,Moderate,Male,65,1,0,1,0,0,1,0.3380005269875655,-1.4703416263018354
20,96,Low,Medium,Yes,5,92,Medium,0,Medium,Medium,Neutral,3,No,College,Near,Female,70,0,1,0,1,0,1,0.0041185681317912485,1.3876422831589421
23,88,Low,High,No,8,84,High,2,Medium,Medium,Positive,3,Yes,Postgraduate,Near,Female,71,0,2,1,0,0,1,0.5049415064154527,0.6947976990472384
17,65,Medium,Medium,Yes,5,96,Low,2,Medium,High,Positive,3,No,College,Moderate,Male,65,1,0,0,1,0,1,-0.49670437015187013,-1.2971304802739094
27,63,High,Medium,No,5,64,Medium,1,High,High,Positive,4,No,Postgraduate,Near,Male,67,2,1,0,1,1,0,1.1727054241270012,-1.4703416263018354
15,99,Low,High,Yes,7,50,High,4,Low,Medium,Positive,2,No,High School,Moderate,Male,68,0,2,0,1,1,0,-0.8305863290076444,1.6474590022008309
30,87,High,High,Yes,6,66,Low,1,Medium,Medium,Neutral,4,No,High School,Near,Male,73,2,0,0,1,0,1,1.6735283624106625,0.6081921260332754
10,77,Medium,High,No,8,99,Medium,0,Medium,High,Neutral,4,Yes,High School,Near,Male,64,1,1,0,1,0,1,-1.66529122614708,-0.25786360410635406
23,88,High,High,No,7,94,Low,3,Low,Medium,Positive,1,No,High School,Near,Male,71,2,0,1,0,1,0,0.5049415064154527,0.6947976990472384
23,90,Medium,High,No,5,53,Medium,2,Medium,High,Positive,2,No,High School,Near,Female,70,1,1,1,0,0,1,0.5049415064154527,0.8680088450751643
15,91,Low,High,No,8,75,Medium,4,Medium,Medium,Neutral,1,No,High School,Near,Female,68,0,1,0,1,0,1,-0.8305863290076444,0.9546144180891273
23,79,High,Medium,Yes,7,54,Medium,2,Low,Medium,Neutral,4,No,College,Moderate,Female,68,2,1,1,0,0,1,0.5049415064154527,-0.08465245807842814
28,77,Low,High,Yes,7,89,Medium,3,Low,Medium,Positive,3,Yes,High School,Far,Male,68,0,1,0,1,0,1,1.3396464035548883,-0.25786360410635406
7,60,Medium,High,Yes,10,69,Low,0,Low,Medium,Positive,3,No,College,Moderate,Female,59,1,0,1,0,0,1,-2.1661141644307413,-1.7301583453437241
23,97,Medium,Medium,Yes,9,96,Medium,2,Medium,High,Neutral,4,No,College,Near,Male,74,1,1,1,0,0,1,0.5049415064154527,1.474247856172905
5,84,Medium,Medium,Yes,7,53,Low,1,Low,High,Positive,3,No,Postgraduate,Moderate,Male,62,1,0,0,1,1,0,-2.4999961232865155,0.34837540699138664
14,68,High,Low,Yes,5,87,High,2,Medium,Medium,Positive,3,No,High School,Far,Male,64,2,2,0,1,0,1,-0.9975273084355315,-1.0373137612320207
30,97,High,High,No,5,70,Medium,0,High,Medium,Positive,2,No,Postgraduate,Near,Male,76,2,1,0,1,0,1,1.6735283624106625,1.474247856172905
17,97,High,Medium,Yes,9,63,Medium,2,Low,Medium,Positive,2,No,High School,Near,Male,70,2,1,0,1,0,1,-0.49670437015187013,1.474247856172905
13,100,High,Medium,No,6,76,Medium,0,Low,Low,Positive,5,No,Postgraduate,Near,Male,69,2,1,0,1,1,0,-1.1644682878634187,1.7340645752147938
19,95,Medium,Medium,Yes,7,74,High,0,Low,High,Positive,2,No,High School,Near,Female,69,1,2,0,1,1,0,-0.16282241129609587,1.3010367101449791
32,100,Low,High,Yes,5,67,Medium,4,Medium,Medium,Positive,3,No,High School,Far,Male,74,0,1,0,1,1,0,2.0074103212664367,1.7340645752147938
9,70,High,Medium,No,8,82,Low,2,High,High,Negative,2,No,High School,Near,Female,62,2,0,0,1,1,0,-1.8322322055749671,-0.8641026152040947
14,94,Medium,Medium,No,9,83,High,2,Low,High,Positive,3,No,Postgraduate,Moderate,Male,70,1,2,0,1,0,1,-0.9975273084355315,1.2144311371310161
29,93,Low,Medium,Yes,9,54,Medium,4,Low,High,Positive,3,No,High School,Near,Male,71,0,1,0,1,1,0,1.5065873829827754,1.1278255641170531
31,69,Medium,Low,Yes,6,80,Low,4,Medium,Medium,Negative,2,No,College,Near,Male,68,1,0,0,1,0,1,1.8404693418385496,-0.9507081882180577
19,64,High,Low,Yes,8,86,Low,3,High,Medium,Neutral,3,No,Postgraduate,Near,Female,66,2,0,1,0,0,1,-0.16282241129609587,-1.3837360532878724
13,99,Low,Medium,No,7,54,High,3,High,Medium,Negative,3,No,High School,Far,Male,67,0,2,0,1,0,1,-1.1644682878634187,1.6474590022008309
33,72,High,Medium,No,8,83,Low,3,Low,High,Neutral,4,No,High School,Near,Male,71,2,0,1,0,0,1,2.174351300694324,-0.6908914691761688
30,95,Medium,Medium,Yes,7,90,Medium,3,Medium,Medium,Neutral,1,No,High School,Moderate,Male,74,1,1,0,1,0,1,1.6735283624106625,1.3010367101449791
24,60,Low,Medium,Yes,6,92,Low,3,Medium,Medium,Positive,2,No,College,Near,Male,65,0,0,0,1,0,1,0.6718824858433398,-1.7301583453437241
15,61,High,Low,Yes,9,52,Medium,1,Medium,Medium,Neutral,3,No,High School,Moderate,Female,60,2,1,1,0,0,1,-0.8305863290076444,-1.6435527723297614
20,79,High,High,Yes,7,85,Low,2,Medium,Medium,Neutral,2,No,College,Moderate,Male,69,2,0,0,1,0,1,0.0041185681317912485,-0.08465245807842814
19,70,Medium,Medium,Yes,6,90,Low,2,Low,Medium,Positive,3,No,High School,Moderate,Male,65,1,0,1,0,0,1,-0.16282241129609587,-0.8641026152040947
22,88,Medium,Low,Yes,7,70,Medium,3,Low,Medium,Positive,2,No,High School,Near,Female,69,1,1,0,1,0,1,0.3380005269875655,0.6947976990472384
29,83,Medium,Low,Yes,6,77,High,1,Medium,Medium,Neutral,4,No,High School,Near,Male,70,1,2,0,1,0,1,1.5065873829827754,0.26176983397742365
25,63,High,Low,Yes,8,63,Medium,0,Medium,High,Positive,1,Yes,Postgraduate,Near,Female,65,2,1,1,0,0,1,0.8388234652712269,-1.4703416263018354
14,67,Low,Low,Yes,7,66,Low,0,Low,Medium,Neutral,4,No,High School,Far,Female,57,0,0,0,1,0,1,-0.9975273084355315,-1.1239193342459837
28,76,Medium,Medium,Yes,6,75,Low,0,Medium,High,Positive,2,No,High School,Near,Female,68,1,0,0,1,0,1,1.3396464035548883,-0.344469177120317
22,67,High,High,No,10,58,Medium,2,High,Low,Neutral,3,No,Postgraduate,Near,Male,67,2,1,0,1,0,1,0.3380005269875655,-1.1239193342459837
24,92,Medium,Medium,No,5,69,Medium,2,Medium,Medium,Negative,4,No,High School,Near,Female,70,1,1,1,0,0,1,0.6718824858433398,1.0412199911030902
29,77,Medium,Medium,Yes,8,65,Medium,1,Medium,Medium,Neutral,3,No,High School,Near,Male,68,1,1,0,1,0,1,1.5065873829827754,-0.25786360410635406
13,64,High,High,Yes,7,62,Medium,1,Low,Medium,Neutral,1,No,College,Moderate,Female,62,2,1,0,1,0,1,-1.1644682878634187,-1.3837360532878724
20,79,High,Medium,Yes,5,74,Medium,1,Low,Medium,Neutral,5,No,High School,Far,Male,67,2,1,0,1,0,1,0.0041185681317912485,-0.08465245807842814
17,64,High,High,Yes,6,92,Medium,0,Medium,Medium,Positive,1,No,Postgraduate,Near,Male,66,2,1,1,0,0,1,-0.49670437015187013,-1.3837360532878724
11,65,Medium,Low,Yes,5,62,Medium,2,Medium,High,Neutral,2,No,College,Far,Female,60,1,1,0,1,0,1,-1.498350246719193,-1.2971304802739094
22,70,High,Low,No,10,83,Low,0,Medium,Medium,Positive,2,No,College,Moderate,Male,65,2,0,0,1,0,1,0.3380005269875655,-0.8641026152040947
35,94,High,Medium,Yes,7,63,Medium,1,Low,High,Positive,2,No,College,Near,Female,75,2,1,0,1,0,1,2.508233259550098,1.2144311371310161
9,97,Low,Medium,Yes,7,57,Medium,4,Medium,High,Neutral,5,No,High School,Far,Female,67,0,1,0,1,0,1,-1.8322322055749671,1.474247856172905
20,93,Medium,High,No,10,97,Medium,1,Low,Medium,Neutral,2,No,Postgraduate,Moderate,Male,71,1,1,0,1,0,1,0.0041185681317912485,1.1278255641170531
24,73,Low,Low,Yes,6,82,Medium,0,Medium,Medium,Negative,2,Yes,High School,Near,Male,63,0,1,0,1,0,1,0.6718824858433398,-0.6042858961622058
21,71,High,Medium,Yes,9,55,Low,2,High,High,Positive,1,No,Postgraduate,Moderate,Male,67,2,0,0,1,0,1,0.17105954755967837,-0.7774970421901317
19,82,High,Medium,No,8,82,Low,2,Low,Medium,Negative,4,No,Postgraduate,Near,Female,68,2,0,1,0,0,1,-0.16282241129609587,0.17516426096346072
12,89,High,Low,Yes,4,59,Low,2,Low,High,Negative,4,No,High School,Near,Male,65,2,0,0,1,0,1,-1.3314092672913058,0.7814032720612014
21,100,Low,High,No,6,94,Medium,1,High,Medium,Positive,3,No,College,Moderate,Female,72,0,1,0,1,1,0,0.17105954755967837,1.7340645752147938
15,65,Medium,Medium,No,8,62,Medium,1,Medium,Medium,Neutral,4,No,High School,Moderate,Female,61,1,1,0,1,0,1,-0.8305863290076444,-1.2971304802739094
7,62,Low,High,No,7,90,Medium,1,Medium,Low,Neutral,5,No,College,Moderate,Female,60,0,1,0,1,0,1,-2.1661141644307413,-1.5569471993157984
27,88,High,High,Yes,7,60,Medium,2,Low,Medium,Positive,2,No,High School,Near,Female,72,2,1,0,1,0,1,1.1727054241270012,0.6947976990472384
26,93,Medium,Medium,Yes,6,78,Medium,2,Medium,Medium,Neutral,3,No,Postgraduate,Far,Female,72,1,1,0,1,0,1,1.005764444699114,1.1278255641170531
20,94,Low,Medium,Yes,6,96,Medium,2,Medium,Medium,Negative,3,No,College,Near,Male,70,0,1,1,0,0,1,0.0041185681317912485,1.2144311371310161
21,87,Low,Medium,No,7,65,High,2,Medium,Medium,Negative,3,Yes,College,Near,Male,67,0,2,0,1,0,1,0.17105954755967837,0.6081921260332754
26,98,Medium,Medium,No,10,54,Medium,0,Low,High,Neutral,1,No,Postgraduate,Near,Male,71,1,1,1,0,0,1,1.005764444699114,1.5608534291868679
21,80,Medium,Low,Yes,6,78,Medium,0,Medium,Medium,Negative,2,No,Postgraduate,Near,Female,66,1,1,1,0,0,1,0.17105954755967837,0.0019531149355348125
25,97,High,High,No,6,59,Low,0,Low,High,Positive,2,No,High School,Near,Female,72,2,0,0,1,0,1,0.8388234652712269,1.474247856172905
18,99,Medium,Medium,Yes,7,86,Medium,1,High,Medium,Neutral,4,No,High School,Moderate,Female,70,1,1,0,1,1,0,-0.329763390723983,1.6474590022008309
28,94,Medium,Low,Yes,5,80,Medium,2,High,Medium,Negative,2,No,High School,Moderate,Female,71,1,1,0,1,0,1,1.3396464035548883,1.2144311371310161
22,72,Low,Low,Yes,8,67,High,2,Medium,Medium,Negative,4,No,College,Far,Male,64,0,2,0,1,0,1,0.3380005269875655,-0.6908914691761688
21,68,Medium,Medium,Yes,5,85,Medium,3,High,Medium,Positive,2,No,College,Moderate,Male,66,1,1,0,1,1,0,0.17105954755967837,-1.0373137612320207
12,82,High,Low,No,5,62,Low,2,Medium,Medium,Positive,4,No,High School,Near,Male,64,2,0,0,1,0,1,-1.3314092672913058,0.17516426096346072
22,78,Medium,Medium,Yes,5,96,Medium,0,Low,Medium,Neutral,3,No,High School,Moderate,Male,67,1,1,0,1,0,1,0.3380005269875655,-0.1712580310923911
15,95,Low,Low,No,5,67,High,3,Medium,Medium,Positive,3,No,High School,Moderate,Female,67,0,2,0,1,0,1,-0.8305863290076444,1.3010367101449791
16,64,High,Low,No,9,88,Medium,1,Medium,High,Positive,3,No,High School,Near,Male,64,2,1,0,1,0,1,-0.6636453495797573,-1.3837360532878724
15,70,Low,Medium,No,8,63,Low,0,Medium,Medium,Positive,4,No,High School,Moderate,Female,61,0,0,1,0,0,1,-0.8305863290076444,-0.8641026152040947
14,90,High,High,Yes,8,86,Medium,4,Medium,Medium,Negative,2,No,High School,Near,Female,99,2,1,1,0,0,1,-0.9975273084355315,0.8680088450751643
33,64,Medium,Medium,No,8,52,Low,3,High,Medium,Positive,4,No,High School,Near,Male,67,1,0,0,1,1,0,2.174351300694324,-1.3837360532878724
28,73,Medium,High,Yes,7,65,High,3,High,High,Positive,3,No,Postgraduate,Near,Male,72,1,2,0,1,0,1,1.3396464035548883,-0.6042858961622058
32,75,Low,Low,No,7,55,Medium,1,Medium,Medium,Neutral,4,No,High School,Moderate,Male,66,0,1,0,1,0,1,2.0074103212664367,-0.4310747501342799
13,85,Low,High,Yes,9,73,High,3,Medium,High,Positive,2,No,Postgraduate,Moderate,Male,68,0,2,0,1,0,1,-1.1644682878634187,0.43498098000534957
20,66,High,Low,No,9,72,Low,1,Medium,High,Positive,1,No,College,Near,Female,64,2,0,0,1,0,1,0.0041185681317912485,-1.2105249072599464
12,94,High,High,No,5,68,High,1,High,Medium,Neutral,2,No,High School,Near,Male,69,2,2,0,1,0,1,-1.3314092672913058,1.2144311371310161
16,78,Medium,High,No,10,99,Low,0,Low,Medium,Positive,4,No,High School,Far,Female,65,1,0,0,1,0,1,-0.6636453495797573,-0.1712580310923911
14,97,Low,High,No,5,62,Medium,1,Medium,Medium,Neutral,4,Yes,Postgraduate,Far,Female,66,0,1,0,1,1,0,-0.9975273084355315,1.474247856172905
27,79,High,High,Yes,6,90,Low,3,Medium,High,Positive,4,No,High School,Near,Male,73,2,0,0,1,0,1,1.1727054241270012,-0.08465245807842814
18,71,Medium,Medium,Yes,7,72,Low,0,Low,Medium,Neutral,4,No,High School,Near,Female,63,1,0,0,1,0,1,-0.329763390723983,-0.7774970421901317
26,66,Medium,Medium,Yes,7,67,High,3,Medium,Medium,Negative,4,No,High School,Moderate,Female,66,1,2,0,1,0,1,1.005764444699114,-1.2105249072599464
24,60,Medium,Medium,Yes,10,60,Low,3,Low,High,Neutral,2,No,Postgraduate,Near,Female,65,1,0,1,0,0,1,0.6718824858433398,-1.7301583453437241
34,81,Medium,Medium,Yes,9,82,Low,1,Medium,High,Negative,2,No,High School,Near,Male,71,1,0,0,1,0,1,2.341292280122211,0.08855868794949777
11,64,Medium,Low,Yes,8,67,High,1,Medium,Medium,Neutral,2,Yes,College,Near,Male,58,1,2,0,1,1,0,-1.498350246719193,-1.3837360532878724
28,76,Medium,Medium,No,9,91,Medium,0,Low,High,Neutral,3,No,High School,Moderate,Male,68,1,1,1,0,0,1,1.3396464035548883,-0.344469177120317
27,84,Medium,Medium,No,8,98,Medium,0,Low,Medium,Neutral,4,No,High School,Moderate,Male,69,1,1,0,1,0,1,1.1727054241270012,0.34837540699138664
14,71,High,Low,Yes,6,61,Low,0,Low,Medium,Positive,3,No,Postgraduate,Near,Female,63,2,0,0,1,0,1,-0.9975273084355315,-0.7774970421901317
26,67,Medium,Medium,Yes,8,56,Medium,1,Medium,Medium,Negative,5,No,College,Near,Female,66,1,1,0,1,0,1,1.005764444699114,-1.1239193342459837
22,91,Medium,Medium,Yes,7,66,Medium,0,High,High,Negative,3,No,College,Near,Female,69,1,1,0,1,1,0,0.3380005269875655,0.9546144180891273
19,98,Medium,Low,Yes,6,73,Medium,3,Low,Medium,Negative,3,No,College,Near,Male,69,1,1,1,0,0,1,-0.16282241129609587,1.5608534291868679
15,64,High,Medium,No,9,65,Medium,2,Medium,Medium,Neutral,2,No,High School,Near,Male,63,2,1,0,1,0,1,-0.8305863290076444,-1.3837360532878724
16,66,Low,High,Yes,7,99,Medium,1,Low,Medium,Positive,3,No,College,Near,Female,65,0,1,0,1,0,1,-0.6636453495797573,-1.2105249072599464
32,98,Low,High,No,5,89,Medium,2,High,Low,Positive,3,No,College,Near,Male,76,0,1,1,0,0,1,2.0074103212664367,1.5608534291868679
20,62,High,Medium,Yes,6,98,High,0,High,High,Neutral,3,No,Postgraduate,Near,Male,67,2,2,0,1,0,1,0.0041185681317912485,-1.5569471993157984
25,99,Low,Medium,No,8,69,Medium,1,Low,High,Positive,3,No,Postgraduate,Moderate,Male,70,0,1,0,1,1,0,0.8388234652712269,1.6474590022008309
15,60,Medium,Low,No,9,65,Medium,1,Medium,High,Negative,5,No,College,Moderate,Male,60,1,1,0,1,0,1,-0.8305863290076444,-1.7301583453437241
15,95,High,Low,No,8,70,Medium,2,High,High,Neutral,3,Yes,High School,Near,Female,68,2,1,0,1,0,1,-0.8305863290076444,1.3010367101449791
26,72,Medium,Medium,Yes,8,76,Medium,1,Medium,Medium,Negative,3,No,Postgraduate,Near,Male,68,1,1,0,1,0,1,1.005764444699114,-0.6908914691761688
12,98,Low,High,Yes,6,87,Medium,2,Low,Medium,Neutral,3,No,Postgraduate,Near,Female,70,0,1,1,0,0,1,-1.3314092672913058,1.5608534291868679
18,73,Medium,High,Yes,7,94,High,1,High,Medium,Neutral,3,No,Postgraduate,Moderate,Female,68,1,2,1,0,0,1,-0.329763390723983,-0.6042858961622058
20,86,High,High,No,7,73,Medium,3,Low,Low,Neutral,3,Yes,High School,Near,Male,69,2,1,0,1,0,1,0.0041185681317912485,0.5215865530193126
21,63,Medium,Medium,Yes,7,64,Medium,0,Low,Medium,Negative,3,No,High School,Near,Female,62,1,1,0,1,0,1,0.17105954755967837,-1.4703416263018354
19,70,High,Low,No,7,66,Medium,1,High,Low,Neutral,4,No,College,Moderate,Male,64,2,1,1,0,0,1,-0.16282241129609587,-0.8641026152040947
22,91,High,Medium,No,6,85,Low,2,Medium,Medium,Positive,2,No,High School,Moderate,Female,71,2,0,1,0,0,1,0.3380005269875655,0.9546144180891273
24,81,Medium,Medium,Yes,8,78,Medium,1,Low,Medium,Positive,2,No,High School,Near,Male,68,1,1,0,1,0,1,0.6718824858433398,0.08855868794949777
24,97,High,Medium,No,5,74,High,0,Medium,Low,Neutral,5,No,High School,Near,Female,72,2,2,0,1,0,1,0.6718824858433398,1.474247856172905
14,77,Medium,Medium,Yes,5,60,Low,1,High,High,Negative,3,No,Postgraduate,Far,Male,64,1,0,1,0,0,1,-0.9975273084355315,-0.25786360410635406
18,95,Medium,High,Yes,6,94,Medium,6,Low,High,Neutral,3,No,High School,Far,Female,73,1,1,0,1,0,1,-0.329763390723983,1.3010367101449791
27,78,Medium,High,No,8,89,Low,0,Low,Medium,Neutral,3,No,Postgraduate,Near,Female,69,1,0,0,1,0,1,1.1727054241270012,-0.1712580310923911
25,99,Low,Medium,No,8,57,Medium,1,Medium,Low,Positive,3,No,Postgraduate,Moderate,Male,70,0,1,1,0,0,1,0.8388234652712269,1.6474590022008309
12,98,Medium,High,No,4,68,Medium,3,Low,High,Neutral,2,No,High School,Near,Female,69,1,1,0,1,0,1,-1.3314092672913058,1.5608534291868679
22,73,Medium,Low,No,8,77,Medium,1,High,Medium,Neutral,3,No,High School,Far,Male,64,1,1,0,1,0,1,0.3380005269875655,-0.6042858961622058
8,95,Medium,Medium,No,7,73,Low,2,Medium,Medium,Neutral,2,No,College,Near,Male,66,1,0,1,0,0,1,-1.9991731850028542,1.3010367101449791
20,94,Medium,Medium,Yes,6,70,High,1,Medium,Medium,Neutral,2,No,High School,Moderate,Female,69,1,2,0,1,0,1,0.0041185681317912485,1.2144311371310161
31,68,High,Medium,No,7,86,Low,1,Low,Medium,Positive,3,No,High School,Moderate,Female,68,2,0,1,0,0,1,1.8404693418385496,-1.0373137612320207
14,85,Medium,Low,Yes,5,53,Medium,4,Medium,Medium,Neutral,3,No,High School,Near,Male,65,1,1,0,1,0,1,-0.9975273084355315,0.43498098000534957
15,63,High,Low,Yes,7,74,Medium,4,Low,Medium,Negative,2,No,High School,Moderate,Male,62,2,1,0,1,0,1,-0.8305863290076444,-1.4703416263018354
25,93,High,High,Yes,5,63,Medium,2,High,Medium,Positive,2,No,Postgraduate,Near,Female,75,2,1,0,1,0,1,0.8388234652712269,1.1278255641170531
11,67,Medium,Medium,Yes,6,54,Low,0,Low,Medium,Positive,3,No,High School,Near,Female,60,1,0,0,1,0,1,-1.498350246719193,-1.1239193342459837
16,63,Medium,High,Yes,6,73,Medium,0,Medium,Medium,Neutral,4,No,College,Near,Male,63,1,1,0,1,0,1,-0.6636453495797573,-1.4703416263018354
24,76,Medium,Low,Yes,8,59,Medium,2,Medium,Medium,Positive,4,No,College,Far,Male,66,1,1,0,1,0,1,0.6718824858433398,-0.344469177120317
16,83,High,Medium,Yes,7,63,Medium,0,Medium,Medium,Neutral,3,No,Postgraduate,Near,Female,67,2,1,0,1,0,1,-0.6636453495797573,0.26176983397742365
19,94,Low,Medium,Yes,8,75,Medium,1,Medium,Medium,Negative,3,No,College,Moderate,Female,68,0,1,0,1,0,1,-0.16282241129609587,1.2144311371310161
24,99,Medium,Medium,Yes,5,99,Medium,0,Low,Medium,Positive,3,No,High School,Moderate,Female,72,1,1,0,1,0,1,0.6718824858433398,1.6474590022008309
23,78,Low,Medium,No,7,84,High,0,Low,Medium,Neutral,3,No,College,Near,Male,66,0,2,1,0,0,1,0.5049415064154527,-0.1712580310923911
22,62,Medium,Medium,Yes,8,64,Medium,0,Low,Medium,Neutral,3,No,Postgraduate,Near,Female,63,1,1,0,1,0,1,0.3380005269875655,-1.5569471993157984
18,90,Medium,High,Yes,9,69,Medium,1,High,High,Positive,3,No,College,Moderate,Female,71,1,1,1,0,0,1,-0.329763390723983,0.8680088450751643
22,83,Low,Medium,Yes,5,70,High,2,Low,Medium,Positive,3,No,College,Far,Male,67,0,2,0,1,0,1,0.3380005269875655,0.26176983397742365
19,78,Medium,Medium,Yes,6,58,Medium,1,Low,Medium,Neutral,3,No,Postgraduate,Near,Male,66,1,1,0,1,0,1,-0.16282241129609587,-0.1712580310923911
23,72,High,Medium,No,8,58,Medium,2,Low,High,Positive,2,No,College,Near,Female,66,2,1,1,0,1,0,0.5049415064154527,-0.6908914691761688
17,80,High,High,No,9,57,Medium,4,Low,Medium,Positive,2,No,College,Near,Male,68,2,1,0,1,0,1,-0.49670437015187013,0.0019531149355348125
19,74,Medium,Medium,No,7,76,High,1,High,Medium,Neutral,3,No,College,Near,Female,66,1,2,0,1,0,1,-0.16282241129609587,-0.5176803231482429
14,90,High,Medium,Yes,5,84,Medium,0,Low,Medium,Negative,3,No,Postgraduate,Near,Female,68,2,1,0,1,0,1,-0.9975273084355315,0.8680088450751643
20,82,High,Medium,Yes,5,80,Medium,3,Low,Medium,Neutral,1,Yes,College,Near,Female,68,2,1,0,1,0,1,0.0041185681317912485,0.17516426096346072
15,95,Low,Medium,Yes,7,99,Low,0,High,High,Neutral,2,No,High School,Near,Female,68,0,0,0,1,0,1,-0.8305863290076444,1.3010367101449791
13,82,Medium,High,No,8,56,Low,2,Low,High,Neutral,3,No,Postgraduate,Near,Male,66,1,0,1,0,0,1,-1.1644682878634187,0.17516426096346072
22,70,High,Low,No,7,99,Medium,1,Low,High,Positive,2,No,High School,Moderate,Male,66,2,1,1,0,0,1,0.3380005269875655,-0.8641026152040947
21,94,Medium,High,No,5,73,Low,0,Medium,High,Neutral,3,No,Postgraduate,Far,Female,70,1,0,0,1,0,1,0.17105954755967837,1.2144311371310161
25,82,High,Medium,Yes,9,61,Low,1,High,Medium,Negative,2,No,High School,Near,Male,68,2,0,0,1,0,1,0.8388234652712269,0.17516426096346072
17,68,Medium,Medium,Yes,6,97,High,2,High,Low,Negative,3,No,High School,Moderate,Male,65,1,2,0,1,0,1,-0.49670437015187013,-1.0373137612320207
22,85,Low,High,Yes,8,73,High,1,Medium,Medium,Positive,3,No,College,Near,Male,70,0,2,1,0,0,1,0.3380005269875655,0.43498098000534957
23,74,Medium,Medium,No,4,67,Medium,3,High,Medium,Negative,5,No,High School,Far,Male,66,1,1,1,0,0,1,0.5049415064154527,-0.5176803231482429
23,94,Medium,High,Yes,9,61,Medium,0,Medium,Medium,Negative,1,Yes,Postgraduate,Moderate,Female,68,1,1,0,1,1,0,0.5049415064154527,1.2144311371310161
15,78,Medium,Medium,Yes,6,63,High,1,Medium,Medium,Neutral,2,Yes,College,Moderate,Male,64,1,2,1,0,0,1,-0.8305863290076444,-0.1712580310923911
21,89,Medium,Medium,No,9,99,Medium,0,Medium,Medium,Negative,3,No,High School,Near,Male,69,1,1,1,0,0,1,0.17105954755967837,0.7814032720612014
22,64,Medium,Medium,No,8,65,Low,2,Medium,Medium,Neutral,4,No,Postgraduate,Near,Female,65,1,0,1,0,0,1,0.3380005269875655,-1.3837360532878724
20,76,Medium,High,Yes,5,99,Low,3,Medium,High,Negative,3,No,Postgraduate,Near,Female,69,1,0,0,1,1,0,0.0041185681317912485,-0.344469177120317
7,99,Low,High,Yes,7,67,Low,1,High,High,Neutral,4,No,High School,Near,Female,66,0,0,1,0,1,0,-2.1661141644307413,1.6474590022008309
21,92,High,Low,No,9,62,Medium,1,Medium,Low,Positive,2,No,High School,Near,Female,68,2,1,0,1,0,1,0.17105954755967837,1.0412199911030902
33,66,Medium,Medium,Yes,6,59,Medium,3,High,Medium,Positive,2,No,Postgraduate,Near,Female,70,1,1,0,1,0,1,2.174351300694324,-1.2105249072599464
18,71,High,Medium,No,9,71,Medium,1,Medium,High,Positive,3,No,High School,Moderate,Female,65,2,1,0,1,0,1,-0.329763390723983,-0.7774970421901317
16,73,High,Medium,Yes,8,62,Medium,0,High,High,Neutral,2,No,High School,Near,Female,65,2,1,1,0,0,1,-0.6636453495797573,-0.6042858961622058
22,86,Medium,Low,No,9,85,Medium,1,Medium,Medium,Negative,3,No,Postgraduate,Near,Female,68,1,1,0,1,0,1,0.3380005269875655,0.5215865530193126
22,90,Low,Medium,No,7,62,Low,0,Medium,Medium,Positive,3,No,College,Near,Male,67,0,0,0,1,0,1,0.3380005269875655,0.8680088450751643
27,90,High,High,No,7,92,Medium,0,Low,Medium,Neutral,3,No,High School,Near,Female,72,2,1,1,0,0,1,1.1727054241270012,0.8680088450751643
12,80,High,High,Yes,10,92,High,1,High,High,Positive,3,No,Postgraduate,Moderate,Male,70,2,2,0,1,0,1,-1.3314092672913058,0.0019531149355348125
24,92,Low,High,Yes,8,64,High,1,High,High,Neutral,3,No,College,Near,Male,72,0,2,1,0,0,1,0.6718824858433398,1.0412199911030902
24,77,High,High,Yes,7,88,Low,1,High,Medium,Negative,5,No,College,Near,Male,71,2,0,0,1,0,1,0.6718824858433398,-0.25786360410635406
19,65,Low,Medium,No,8,93,Low,1,Medium,High,Neutral,4,No,College,Near,Male,64,0,0,1,0,0,1,-0.16282241129609587,-1.2971304802739094
22,83,Low,High,Yes,6,80,Medium,2,Medium,Medium,Positive,5,No,High School,Moderate,Female,69,0,1,0,1,0,1,0.3380005269875655,0.26176983397742365
26,98,Medium,Medium,Yes,7,68,Medium,4,Low,Medium,Positive,1,No,High School,Near,Female,73,1,1,0,1,0,1,1.005764444699114,1.5608534291868679
25,92,Low,High,Yes,9,72,Medium,1,Low,Medium,Negative,5,No,Postgraduate,Far,Female,70,0,1,0,1,0,1,0.8388234652712269,1.0412199911030902
13,83,High,Medium,No,7,89,Medium,1,Low,Medium,Neutral,4,No,Postgraduate,Near,Female,68,2,1,0,1,0,1,-1.1644682878634187,0.26176983397742365
25,86,High,Medium,No,6,65,Medium,2,Medium,High,Positive,5,No,High School,Moderate,Male,71,2,1,0,1,0,1,0.8388234652712269,0.5215865530193126
20,97,Medium,High,No,6,67,Low,1,Low,High,Positive,3,No,Postgraduate,Near,Female,71,1,0,1,0,0,1,0.0041185681317912485,1.474247856172905
20,77,Low,High,Yes,7,58,High,0,High,Medium,Neutral,3,No,High School,Near,Male,66,0,2,0,1,0,1,0.0041185681317912485,-0.25786360410635406
20,73,Medium,High,No,6,70,Low,3,High,High,Neutral,4,No,High School,Near,Female,68,1,0,0,1,0,1,0.0041185681317912485,-0.6042858961622058
19,99,Medium,High,Yes,5,54,Low,0,Medium,Medium,Neutral,2,No,Postgraduate,Near,Male,70,1,0,0,1,0,1,-0.16282241129609587,1.6474590022008309
27,95,Medium,Medium,No,5,66,Low,3,Medium,Medium,Neutral,4,No,High School,Near,Male,72,1,0,0,1,0,1,1.1727054241270012,1.3010367101449791
19,73,Low,High,Yes,9,69,High,1,Low,Low,Positive,4,No,Postgraduate,Near,Female,66,0,2,0,1,0,1,-0.16282241129609587,-0.6042858961622058
13,79,Medium,High,Yes,7,63,Low,3,High,Medium,Neutral,2,No,High School,Near,Female,65,1,0,1,0,1,0,-1.1644682878634187,-0.08465245807842814
18,77,Medium,High,Yes,7,55,High,3,High,Medium,Neutral,3,Yes,High School,Near,Female,66,1,2,1,0,1,0,-0.329763390723983,-0.25786360410635406
21,66,High,Medium,Yes,6,76,Low,3,Low,Medium,Neutral,1,No,High School,Moderate,Female,65,2,0,1,0,0,1,0.17105954755967837,-1.2105249072599464
27,98,High,Low,Yes,6,93,Low,0,Low,Medium,Neutral,4,No,High School,Moderate,Male,72,2,0,1,0,0,1,1.1727054241270012,1.5608534291868679
24,76,Medium,Medium,Yes,6,67,Medium,2,High,Medium,Negative,3,No,College,Near,Female,68,1,1,0,1,0,1,0.6718824858433398,-0.344469177120317
15,95,Medium,Medium,Yes,7,62,High,0,High,Medium,Negative,3,No,College,Near,Female,68,1,2,0,1,0,1,-0.8305863290076444,1.3010367101449791
35,68,Low,High,Yes,5,64,Medium,0,High,Low,Positive,4,Yes,High School,Near,Male,67,0,1,0,1,0,1,2.508233259550098,-1.0373137612320207
22,82,Medium,Medium,Yes,9,93,Low,2,Low,Medium,Neutral,2,No,High School,Near,Male,68,1,0,0,1,0,1,0.3380005269875655,0.17516426096346072
28,61,High,Medium,No,7,76,High,1,Medium,High,Positive,4,No,High School,Moderate,Male,67,2,2,0,1,0,1,1.3396464035548883,-1.6435527723297614
19,91,Medium,High,No,7,57,Low,3,High,High,Negative,3,No,High School,Moderate,Female,69,1,0,0,1,0,1,-0.16282241129609587,0.9546144180891273
23,83,Low,Low,No,8,85,Medium,2,Low,Medium,Neutral,2,Yes,High School,Near,Male,65,0,1,1,0,0,1,0.5049415064154527,0.26176983397742365
25,85,Medium,Medium,No,8,58,Medium,2,Medium,High,Neutral,4,No,College,Near,Male,70,1,1,0,1,0,1,0.8388234652712269,0.43498098000534957
27,62,High,Medium,No,6,53,Low,1,Medium,Medium,Positive,2,No,High School,Moderate,Male,64,2,0,0,1,0,1,1.1727054241270012,-1.5569471993157984
26,68,Medium,Medium,No,8,63,Medium,2,Low,High,Positive,3,No,High School,Near,Male,66,1,1,0,1,0,1,1.005764444699114,-1.0373137612320207
25,63,Low,Medium,No,8,58,Medium,1,High,Medium,Positive,1,No,College,Near,Female,64,0,1,0,1,0,1,0.8388234652712269,-1.4703416263018354
18,72,High,High,Yes,7,80,High,1,High,High,Negative,2,Yes,High School,Moderate,Female,66,2,2,0,1,0,1,-0.329763390723983,-0.6908914691761688
17,85,Medium,Medium,Yes,9,74,Medium,1,Medium,Medium,Neutral,2,No,High School,Near,Male,67,1,1,1,0,0,1,-0.49670437015187013,0.43498098000534957
22,83,Medium,Low,Yes,8,86,Medium,3,Medium,Low,Negative,4,No,High School,Near,Male,68,1,1,0,1,0,1,0.3380005269875655,0.26176983397742365
26,84,Medium,Medium,No,8,76,Medium,5,Medium,High,Neutral,2,No,High School,Moderate,Male,71,1,1,0,1,0,1,1.005764444699114,0.34837540699138664
19,82,High,Low,No,9,71,Medium,1,Low,High,Neutral,3,No,College,Near,Female,67,2,1,1,0,0,1,-0.16282241129609587,0.17516426096346072
26,71,High,Medium,Yes,7,76,Medium,3,Low,Medium,Positive,2,No,Postgraduate,Moderate,Male,69,2,1,0,1,0,1,1.005764444699114,-0.7774970421901317
29,70,Medium,Low,Yes,7,72,Low,1,Medium,Medium,Positive,4,No,College,Near,Male,67,1,0,0,1,0,1,1.5065873829827754,-0.8641026152040947
15,65,Low,High,Yes,8,52,Medium,4,Low,Medium,Neutral,3,Yes,High School,Moderate,Female,61,0,1,1,0,0,1,-0.8305863290076444,-1.2971304802739094
15,94,Medium,Medium,No,7,84,Medium,0,Medium,High,Positive,2,No,High School,Moderate,Male,68,1,1,0,1,0,1,-0.8305863290076444,1.2144311371310161
19,85,Low,Low,Yes,8,98,Medium,2,Medium,Low,Neutral,4,No,High School,Near,Female,67,0,1,1,0,0,1,-0.16282241129609587,0.43498098000534957
22,67,Low,Medium,Yes,6,71,Low,1,Medium,High,Neutral,4,No,College,Moderate,Male,64,0,0,0,1,0,1,0.3380005269875655,-1.1239193342459837
17,67,Medium,Medium,Yes,4,71,Medium,3,Medium,High,Negative,2,No,High School,Moderate,Female,63,1,1,0,1,0,1,-0.49670437015187013,-1.1239193342459837
28,95,Low,Medium,No,8,52,High,3,High,High,Negative,4,No,College,Near,Male,72,0,2,0,1,0,1,1.3396464035548883,1.3010367101449791
23,90,High,Medium,No,5,95,Low,2,Low,Medium,Negative,2,No,High School,Moderate,Male,69,2,0,0,1,0,1,0.5049415064154527,0.8680088450751643
20,86,Low,High,No,6,96,Medium,1,High,Low,Neutral,2,Yes,High School,Far,Male,66,0,1,0,1,0,1,0.0041185681317912485,0.5215865530193126
11,76,Medium,Medium,Yes,8,91,Low,1,High,High,Neutral,3,Yes,College,Near,Female,64,1,0,1,0,0,1,-1.498350246719193,-0.344469177120317
12,70,Low,Medium,Yes,8,55,Medium,2,Medium,High,Negative,4,No,High School,Near,Female,61,0,1,0,1,0,1,-1.3314092672913058,-0.8641026152040947
22,99,Medium,High,Yes,9,95,Medium,2,Low,Low,Negative,4,Yes,High School,Near,Male,71,1,1,0,1,0,1,0.3380005269875655,1.6474590022008309
7,92,Low,Medium,Yes,4,51,Medium,0,High,Medium,Positive,1,No,High School,Near,Female,63,0,1,0,1,0,1,-2.1661141644307413,1.0412199911030902
26,72,Medium,Low,No,7,72,Low,2,Medium,Low,Neutral,4,No,High School,Near,Female,65,1,0,0,1,0,1,1.005764444699114,-0.6908914691761688
19,94,High,Low,Yes,7,75,Medium,2,High,Medium,Negative,5,No,College,Near,Female,71,2,1,0,1,0,1,-0.16282241129609587,1.2144311371310161
39,90,High,High,No,8,92,High,2,Medium,High,Neutral,1,No,High School,Near,Female,78,2,2,1,0,0,1,3.1759971772616464,0.8680088450751643
34,72,Medium,High,Yes,9,88,Low,1,High,Medium,Positive,3,No,Postgraduate,Near,Male,73,1,0,1,0,0,1,2.341292280122211,-0.6908914691761688
19,77,Low,Medium,No,5,90,Low,1,Low,High,Neutral,3,No,College,Near,Female,65,0,0,1,0,0,1,-0.16282241129609587,-0.25786360410635406
19,67,Low,Medium,Yes,7,93,High,0,Medium,Medium,Positive,4,No,Postgraduate,Near,Male,66,0,2,0,1,0,1,-0.16282241129609587,-1.1239193342459837
26,64,High,Low,Yes,8,74,Low,3,Medium,High,Neutral,2,No,High School,Near,Male,66,2,0,0,1,0,1,1.005764444699114,-1.3837360532878724
30,89,Medium,Medium,No,6,89,Medium,3,High,Medium,Neutral,3,No,Postgraduate,Moderate,Male,74,1,1,0,1,0,1,1.6735283624106625,0.7814032720612014
10,71,Medium,Low,No,10,53,Low,4,High,Medium,Positive,3,No,High School,Near,Female,62,1,0,1,0,0,1,-1.66529122614708,-0.7774970421901317
9,93,High,Low,Yes,6,72,Low,1,Medium,Medium,Positive,2,No,College,Near,Female,66,2,0,0,1,0,1,-1.8322322055749671,1.1278255641170531
16,100,High,High,No,7,52,Medium,4,Low,Medium,Negative,4,No,High School,Near,Female,71,2,1,0,1,0,1,-0.6636453495797573,1.7340645752147938
23,63,High,Medium,Yes,5,96,Medium,2,High,Medium,Neutral,2,No,High School,Near,Female,67,2,1,0,1,0,1,0.5049415064154527,-1.4703416263018354
23,79,High,Low,Yes,7,98,Low,0,Medium,High,Neutral,4,No,College,Near,Female,69,2,0,0,1,0,1,0.5049415064154527,-0.08465245807842814
26,92,Medium,High,No,4,54,Medium,2,High,Medium,Positive,4,No,High School,Moderate,Male,72,1,1,0,1,0,1,1.005764444699114,1.0412199911030902
13,92,High,High,Yes,7,77,Medium,2,High,Medium,Positive,4,No,Postgraduate,Near,Male,72,2,1,0,1,0,1,-1.1644682878634187,1.0412199911030902
6,90,Medium,Medium,Yes,9,66,Medium,2,Medium,High,Positive,2,No,High School,Far,Male,65,1,1,0,1,0,1,-2.3330551438586284,0.8680088450751643
25,74,High,High,No,5,67,High,1,Medium,Medium,Positive,5,No,Postgraduate,Near,Male,71,2,2,0,1,0,1,0.8388234652712269,-0.5176803231482429
15,78,Medium,Medium,No,5,73,Medium,0,High,High,Positive,1,Yes,College,Near,Male,64,1,1,1,0,0,1,-0.8305863290076444,-0.1712580310923911
8,84,Medium,Low,Yes,9,56,Low,1,Low,Medium,Positive,2,No,High School,Moderate,Male,61,1,0,0,1,0,1,-1.9991731850028542,0.34837540699138664
21,99,Medium,Low,Yes,9,59,Low,1,High,High,Negative,2,No,College,Moderate,Female,69,1,0,0,1,0,1,0.17105954755967837,1.6474590022008309
25,73,Low,Medium,Yes,5,79,Medium,1,Low,Medium,Neutral,5,No,High School,Moderate,Female,65,0,1,1,0,0,1,0.8388234652712269,-0.6042858961622058
19,97,Medium,Low,Yes,10,51,High,3,Low,High,Neutral,4,No,College,Far,Female,69,1,2,0,1,0,1,-0.16282241129609587,1.474247856172905
17,71,Medium,Medium,No,8,80,Low,2,High,Low,Neutral,3,No,High School,Near,Female,64,1,0,0,1,0,1,-0.49670437015187013,-0.7774970421901317
19,100,Medium,Low,Yes,9,66,High,1,High,Medium,Negative,4,Yes,Postgraduate,Moderate,Male,69,1,2,0,1,0,1,-0.16282241129609587,1.7340645752147938
18,87,Medium,Medium,Yes,6,92,Low,1,Low,Medium,Neutral,4,No,High School,Near,Female,68,1,0,1,0,0,1,-0.329763390723983,0.6081921260332754
12,79,Medium,Low,No,9,80,Low,1,High,Medium,Positive,2,No,College,Moderate,Male,63,1,0,0,1,0,1,-1.3314092672913058,-0.08465245807842814
16,85,Low,Medium,No,7,85,High,1,Medium,High,Neutral,2,No,High School,Near,Male,66,0,2,0,1,0,1,-0.6636453495797573,0.43498098000534957
23,71,Medium,Medium,No,7,56,Low,1,Medium,Medium,Positive,4,No,High School,Near,Female,65,1,0,1,0,0,1,0.5049415064154527,-0.7774970421901317
22,71,High,Medium,Yes,8,63,Medium,2,Medium,High,Negative,2,No,High School,Moderate,Male,66,2,1,0,1,0,1,0.3380005269875655,-0.7774970421901317
21,65,Medium,Medium,No,6,100,Medium,3,Medium,Medium,Neutral,4,No,Postgraduate,Near,Male,67,1,1,0,1,0,1,0.17105954755967837,-1.2971304802739094
14,65,Medium,High,Yes,5,72,Low,3,Low,High,Negative,2,No,High School,Near,Male,62,1,0,1,0,0,1,-0.9975273084355315,-1.2971304802739094
19,74,Medium,High,Yes,7,68,Medium,2,Low,High,Negative,2,No,High School,Near,Female,66,1,1,0,1,0,1,-0.16282241129609587,-0.5176803231482429
7,91,High,Medium,No,7,94,High,3,High,Medium,Neutral,3,No,Postgraduate,Moderate,Female,68,2,2,0,1,1,0,-2.1661141644307413,0.9546144180891273
21,84,Medium,Medium,Yes,6,52,Medium,2,High,High,Negative,5,No,High School,Moderate,Male,68,1,1,0,1,0,1,0.17105954755967837,0.34837540699138664
29,64,Low,Medium,No,9,77,Medium,0,Low,High,Negative,2,No,High School,Moderate,Female,63,0,1,0,1,0,1,1.5065873829827754,-1.3837360532878724
11,94,High,Low,Yes,10,61,Medium,1,Medium,Low,Neutral,3,No,College,Moderate,Male,66,2,1,0,1,0,1,-1.498350246719193,1.2144311371310161
16,84,High,Low,No,6,68,Low,3,Medium,Medium,Neutral,3,No,High School,Near,Male,65,2,0,1,0,1,0,-0.6636453495797573,0.34837540699138664
22,98,High,Medium,Yes,7,60,Medium,1,High,Medium,Positive,1,No,High School,Near,Male,72,2,1,0,1,0,1,0.3380005269875655,1.5608534291868679
28,87,Medium,Medium,No,6,52,Medium,4,Low,Low,Neutral,3,No,Postgraduate,Near,Female,70,1,1,1,0,0,1,1.3396464035548883,0.6081921260332754
17,67,High,Low,No,10,71,Medium,1,Medium,Medium,Positive,3,No,High School,Near,Male,63,2,1,0,1,0,1,-0.49670437015187013,-1.1239193342459837
16,79,Medium,Medium,No,8,89,Medium,0,Low,High,Neutral,4,No,High School,Near,Male,65,1,1,1,0,0,1,-0.6636453495797573,-0.08465245807842814
8,86,High,Low,Yes,8,98,Low,1,Low,Medium,Neutral,1,No,College,Near,Male,65,2,0,1,0,0,1,-1.9991731850028542,0.5215865530193126
21,61,High,High,No,9,81,Medium,1,Medium,Medium,Neutral,3,No,Postgraduate,Near,Male,66,2,1,1,0,0,1,0.17105954755967837,-1.6435527723297614
32,61,High,Medium,Yes,7,69,High,0,High,Medium,Positive,3,No,High School,Moderate,Female,68,2,2,0,1,0,1,2.0074103212664367,-1.6435527723297614
22,65,Medium,Low,Yes,7,88,Low,2,Medium,Medium,Positive,4,No,College,Near,Male,64,1,0,0,1,1,0,0.3380005269875655,-1.2971304802739094
20,70,High,Medium,No,9,75,Low,3,Medium,Medium,Neutral,4,No,College,Moderate,Male,66,2,0,0,1,0,1,0.0041185681317912485,-0.8641026152040947
22,77,Low,Medium,Yes,8,68,Medium,3,High,High,Positive,4,No,High School,Moderate,Male,68,0,1,0,1,0,1,0.3380005269875655,-0.25786360410635406
20,79,Low,Medium,Yes,6,59,Medium,0,Low,Medium,Positive,2,No,High School,Moderate,Male,64,0,1,0,1,0,1,0.0041185681317912485,-0.08465245807842814
15,66,Medium,Medium,No,6,90,Low,2,Medium,Medium,Negative,3,No,College,Far,Female,62,1,0,0,1,0,1,-0.8305863290076444,-1.2105249072599464
25,87,Medium,Medium,Yes,6,75,Medium,0,Low,Medium,Neutral,2,Yes,High School,Near,Male,67,1,1,1,0,1,0,0.8388234652712269,0.6081921260332754
21,84,Low,High,No,9,98,Medium,1,Low,Medium,Negative,3,No,High School,Moderate,Male,67,0,1,0,1,0,1,0.17105954755967837,0.34837540699138664
20,72,Medium,Medium,No,9,90,Low,1,Medium,Medium,Neutral,2,No,Postgraduate,Moderate,Male,65,1,0,1,0,0,1,0.0041185681317912485,-0.6908914691761688
14,61,Low,Medium,Yes,10,71,Medium,2,Low,Medium,Neutral,4,No,High School,Near,Male,59,0,1,0,1,1,0,-0.9975273084355315,-1.6435527723297614
28,63,Medium,High,Yes,6,87,Low,0,Low,Medium,Positive,2,No,High School,Moderate,Female,66,1,0,0,1,0,1,1.3396464035548883,-1.4703416263018354
24,76,High,Low,No,7,73,Medium,4,Medium,Medium,Neutral,2,No,High School,Near,Female,68,2,1,0,1,0,1,0.6718824858433398,-0.344469177120317
17,66,High,Medium,No,6,54,Medium,2,High,Low,Positive,3,Yes,High School,Near,Female,63,2,1,0,1,0,1,-0.49670437015187013,-1.2105249072599464
26,75,Medium,Low,Yes,7,76,Medium,2,Medium,Medium,Neutral,3,No,College,Near,Male,68,1,1,0,1,0,1,1.005764444699114,-0.4310747501342799
17,85,High,Low,Yes,8,93,Low,2,Medium,High,Positive,3,No,College,Far,Female,68,2,0,0,1,0,1,-0.49670437015187013,0.43498098000534957
15,82,Medium,Medium,Yes,7,93,Medium,3,Low,High,Negative,2,No,High School,Moderate,Female,66,1,1,0,1,0,1,-0.8305863290076444,0.17516426096346072
15,69,High,Low,No,9,79,Low,1,Medium,Medium,Positive,2,No,High School,Moderate,Female,63,2,0,1,0,0,1,-0.8305863290076444,-0.9507081882180577
9,74,Medium,Low,No,6,69,Low,3,Low,Medium,Positive,2,No,High School,Moderate,Female,61,1,0,1,0,0,1,-1.8322322055749671,-0.5176803231482429
23,85,High,Medium,Yes,8,51,Low,0,High,Low,Negative,4,No,College,Near,Female,68,2,0,0,1,0,1,0.5049415064154527,0.43498098000534957
9,94,High,Low,No,6,66,Low,0,Low,High,Positive,3,No,College,Near,Male,66,2,0,0,1,0,1,-1.8322322055749671,1.2144311371310161
13,90,Medium,High,No,4,99,High,1,High,Medium,Neutral,4,Yes,College,Moderate,Male,69,1,2,0,1,0,1,-1.1644682878634187,0.8680088450751643
8,82,Medium,High,Yes,5,86,Medium,0,Low,Medium,Negative,3,No,Postgraduate,Near,Female,64,1,1,0,1,1,0,-1.9991731850028542,0.17516426096346072
19,74,Medium,Medium,No,7,86,High,1,High,Medium,Positive,3,No,Postgraduate,Near,Male,68,1,2,1,0,0,1,-0.16282241129609587,-0.5176803231482429
19,75,Medium,High,No,10,88,Low,0,Low,High,Positive,2,No,High School,Near,Female,66,1,0,0,1,0,1,-0.16282241129609587,-0.4310747501342799
18,95,Medium,Medium,No,6,81,Medium,0,Low,Medium,Positive,3,Yes,High School,Near,Female,68,1,1,0,1,0,1,-0.329763390723983,1.3010367101449791
14,62,Medium,High,Yes,7,79,Low,2,Medium,Medium,Positive,2,No,High School,Moderate,Female,62,1,0,1,0,0,1,-0.9975273084355315,-1.5569471993157984
13,100,Medium,Low,Yes,8,73,Low,1,Low,Medium,Neutral,3,No,Postgraduate,Near,Male,68,1,0,0,1,0,1,-1.1644682878634187,1.7340645752147938
23,87,Medium,High,No,6,72,Medium,1,Low,High,Negative,3,No,College,Moderate,Male,69,1,1,1,0,0,1,0.5049415064154527,0.6081921260332754
17,87,High,High,Yes,6,94,Medium,2,Low,Medium,Neutral,3,No,High School,Moderate,Male,70,2,1,1,0,0,1,-0.49670437015187013,0.6081921260332754
22,62,High,Medium,Yes,7,70,Low,4,Low,Medium,Negative,2,No,College,Near,Female,65,2,0,0,1,0,1,0.3380005269875655,-1.5569471993157984
15,84,Low,Medium,Yes,6,92,Medium,3,Medium,Medium,Positive,3,No,College,Near,Female,68,0,1,0,1,0,1,-0.8305863290076444,0.34837540699138664
21,79,Medium,High,No,4,92,Low,0,Low,Medium,Negative,2,No,Postgraduate,Near,Female,67,1,0,0,1,0,1,0.17105954755967837,-0.08465245807842814
28,64,Low,Medium,Yes,6,89,Medium,0,Low,Low,Neutral,4,No,College,Far,Male,64,0,1,0,1,0,1,1.3396464035548883,-1.3837360532878724
24,71,Low,Medium,No,8,52,Medium,2,Medium,Medium,Negative,3,No,College,Near,Female,63,0,1,0,1,1,0,0.6718824858433398,-0.7774970421901317
18,96,Medium,Low,Yes,8,57,Medium,1,Medium,Medium,Negative,2,No,High School,Near,Female,67,1,1,0,1,0,1,-0.329763390723983,1.3876422831589421
22,82,High,Low,No,9,66,Medium,1,Low,High,Negative,3,No,High School,Moderate,Male,66,2,1,1,0,0,1,0.3380005269875655,0.17516426096346072
19,77,High,Low,Yes,9,92,Medium,2,Low,Medium,Positive,4,No,High School,Near,Female,67,2,1,0,1,0,1,-0.16282241129609587,-0.25786360410635406
20,63,Medium,Medium,Yes,6,94,Medium,2,Medium,Medium,Neutral,3,No,High School,Far,Female,63,1,1,0,1,1,0,0.0041185681317912485,-1.4703416263018354
18,89,Medium,Medium,Yes,6,52,Medium,3,High,High,Positive,3,No,High School,Moderate,Female,69,1,1,0,1,0,1,-0.329763390723983,0.7814032720612014
19,88,High,High,No,6,66,Medium,3,Medium,Medium,Positive,2,No,High School,Near,Female,70,2,1,0,1,0,1,-0.16282241129609587,0.6947976990472384
21,85,High,Medium,Yes,7,93,Medium,0,High,Medium,Neutral,4,No,High School,Moderate,Male,70,2,1,0,1,0,1,0.17105954755967837,0.43498098000534957
14,80,High,Medium,No,6,62,Medium,0,High,Medium,Negative,2,No,Postgraduate,Near,Male,65,2,1,1,0,0,1,-0.9975273084355315,0.0019531149355348125
14,77,Low,Low,No,7,99,Low,2,Medium,Medium,Positive,2,No,Postgraduate,Moderate,Female,64,0,0,0,1,0,1,-0.9975273084355315,-0.25786360410635406
12,84,Medium,High,Yes,6,74,High,1,Medium,High,Negative,3,No,College,Moderate,Female,67,1,2,0,1,0,1,-1.3314092672913058,0.34837540699138664
10,69,Low,Medium,No,8,97,Medium,1,Medium,Medium,Negative,3,No,High School,Near,Female,61,0,1,1,0,0,1,-1.66529122614708,-0.9507081882180577
13,98,Medium,High,Yes,6,71,Medium,1,Low,High,Positive,1,No,College,Near,Female,70,1,1,1,0,0,1,-1.1644682878634187,1.5608534291868679
21,84,High,Low,No,6,66,High,2,High,Medium,Positive,4,Yes,College,Far,Male,68,2,2,1,0,0,1,0.17105954755967837,0.34837540699138664
15,72,Medium,Medium,Yes,8,68,High,0,Medium,Medium,Positive,2,No,High School,Near,Female,64,1,2,0,1,0,1,-0.8305863290076444,-0.6908914691761688
23,78,High,Medium,No,8,94,Medium,1,High,Medium,Neutral,2,Yes,High School,Moderate,Male,68,2,1,1,0,0,1,0.5049415064154527,-0.1712580310923911
20,92,Medium,Low,No,7,67,Low,1,Medium,Medium,Positive,5,No,High School,Near,Male,68,1,0,0,1,0,1,0.0041185681317912485,1.0412199911030902
8,66,High,High,Yes,8,83,Medium,0,Low,Medium,Positive,4,No,College,Near,Male,63,2,1,1,0,0,1,-1.9991731850028542,-1.2105249072599464
24,72,Low,Medium,Yes,8,73,Low,1,Low,Medium,Positive,2,No,College,Moderate,Female,65,0,0,0,1,0,1,0.6718824858433398,-0.6908914691761688
25,87,Low,Medium,Yes,10,97,Medium,4,Low,Low,Neutral,3,Yes,High School,Near,Female,69,0,1,1,0,0,1,0.8388234652712269,0.6081921260332754
14,73,Medium,High,No,8,58,Medium,2,Low,High,Negative,2,No,College,Moderate,Male,63,1,1,0,1,0,1,-0.9975273084355315,-0.6042858961622058
23,92,Low,Medium,Yes,10,71,Medium,1,Low,Medium,Neutral,3,No,College,Near,Male,69,0,1,0,1,0,1,0.5049415064154527,1.0412199911030902
15,65,High,Low,Yes,7,56,Medium,3,High,Medium,Positive,3,Yes,High School,Near,Female,61,2,1,1,0,1,0,-0.8305863290076444,-1.2971304802739094
21,91,Low,High,Yes,9,79,Medium,2,Low,Medium,Neutral,3,No,College,Far,Female,69,0,1,1,0,0,1,0.17105954755967837,0.9546144180891273
12,63,High,Medium,No,9,70,Low,1,High,Low,Positive,3,No,College,Near,Female,62,2,0,0,1,0,1,-1.3314092672913058,-1.4703416263018354
9,61,Low,High,Yes,7,53,Medium,0,Medium,Medium,Positive,2,Yes,Postgraduate,Far,Male,58,0,1,0,1,0,1,-1.8322322055749671,-1.6435527723297614
18,96,Medium,High,Yes,6,92,Medium,2,Medium,Medium,Positive,3,No,High School,Far,Male,71,1,1,0,1,0,1,-0.329763390723983,1.3876422831589421
19,83,High,Low,No,6,69,Medium,5,Medium,Medium,Positive,2,No,Postgraduate,Far,Male,69,2,1,1,0,0,1,-0.16282241129609587,0.26176983397742365
18,74,High,Medium,No,8,75,High,1,High,High,Positive,3,No,Postgraduate,Moderate,Male,68,2,2,0,1,0,1,-0.329763390723983,-0.5176803231482429
13,69,Medium,Low,No,5,70,Medium,0,Medium,High,Negative,2,No,College,Near,Male,61,1,1,1,0,0,1,-1.1644682878634187,-0.9507081882180577
18,85,High,Medium,Yes,6,74,Medium,3,Low,Medium,Negative,2,No,College,Far,Male,67,2,1,1,0,0,1,-0.329763390723983,0.43498098000534957
22,80,Medium,High,Yes,9,51,Medium,2,Medium,Medium,Negative,3,No,Postgraduate,Near,Male,68,1,1,0,1,0,1,0.3380005269875655,0.0019531149355348125
20,100,Medium,Medium,Yes,8,91,Medium,3,Low,Medium,Positive,3,No,High School,Near,Male,72,1,1,0,1,0,1,0.0041185681317912485,1.7340645752147938
21,99,High,Low,Yes,4,67,Medium,1,Medium,Medium,Negative,4,No,College,Near,Female,71,2,1,1,0,0,1,0.17105954755967837,1.6474590022008309
16,85,Medium,Medium,Yes,5,86,Low,3,Medium,Medium,Positive,2,No,High School,Near,Male,67,1,0,0,1,1,0,-0.6636453495797573,0.43498098000534957
27,78,Medium,Medium,No,10,53,Medium,3,Medium,Medium,Neutral,4,Yes,Postgraduate,Moderate,Male,68,1,1,1,0,0,1,1.1727054241270012,-0.1712580310923911
13,80,Medium,Medium,No,9,76,Medium,0,High,Medium,Neutral,2,No,High School,Near,Female,64,1,1,0,1,0,1,-1.1644682878634187,0.0019531149355348125
23,87,Medium,High,No,6,95,High,3,High,Medium,Positive,0,No,High School,Near,Female,73,1,2,1,0,0,1,0.5049415064154527,0.6081921260332754
27,64,Low,Medium,Yes,5,70,Medium,0,Low,High,Positive,4,No,High School,Near,Female,65,0,1,0,1,0,1,1.1727054241270012,-1.3837360532878724
23,73,Low,High,No,5,60,High,1,Medium,Medium,Positive,2,No,Postgraduate,Near,Female,67,0,2,1,0,0,1,0.5049415064154527,-0.6042858961622058
19,63,High,Medium,Yes,8,55,Low,0,Medium,Medium,Positive,4,No,College,Moderate,Female,63,2,0,1,0,0,1,-0.16282241129609587,-1.4703416263018354
17,63,Medium,Medium,Yes,10,93,Medium,0,Low,Medium,Positive,2,Yes,Postgraduate,Near,Female,63,1,1,0,1,0,1,-0.49670437015187013,-1.4703416263018354
26,68,Medium,Medium,Yes,10,62,High,4,Medium,Medium,Neutral,2,No,Postgraduate,Near,Female,69,1,2,0,1,0,1,1.005764444699114,-1.0373137612320207
11,79,High,High,Yes,5,99,Medium,1,High,Low,Positive,3,No,High School,Near,Female,68,2,1,0,1,0,1,-1.498350246719193,-0.08465245807842814
14,91,Medium,Medium,Yes,7,62,Medium,2,Low,High,Neutral,2,No,College,Near,Male,68,1,1,0,1,0,1,-0.9975273084355315,0.9546144180891273
18,79,High,High,Yes,6,74,Medium,3,Low,Medium,Positive,4,No,High School,Near,Male,69,2,1,0,1,0,1,-0.329763390723983,-0.08465245807842814
27,73,High,High,Yes,7,73,High,5,High,High,Negative,3,No,High School,Near,Female,73,2,2,0,1,0,1,1.1727054241270012,-0.6042858961622058
22,63,High,High,Yes,5,53,High,3,Low,High,Negative,2,No,High School,Near,Male,66,2,2,0,1,0,1,0.3380005269875655,-1.4703416263018354
14,82,Medium,Medium,Yes,6,77,Medium,3,Medium,Medium,Positive,3,No,College,Near,Female,68,1,1,0,1,0,1,-0.9975273084355315,0.17516426096346072
18,71,Medium,Medium,No,6,84,Medium,2,Medium,Low,Neutral,2,No,Postgraduate,Near,Male,65,1,1,0,1,0,1,-0.329763390723983,-0.7774970421901317
16,85,Medium,Medium,No,8,87,High,4,Low,Medium,Negative,3,No,High School,Far,Male,67,1,2,1,0,0,1,-0.6636453495797573,0.43498098000534957
16,99,Medium,Medium,No,6,76,Low,2,Medium,Medium,Positive,4,No,College,Near,Female,70,1,0,1,0,0,1,-0.6636453495797573,1.6474590022008309
26,64,Medium,High,No,6,91,Medium,1,Low,Medium,Neutral,4,No,High School,Moderate,Male,66,1,1,1,0,0,1,1.005764444699114,-1.3837360532878724
12,68,Medium,High,No,8,88,High,3,Low,Medium,Negative,3,No,Postgraduate,Moderate,Female,64,1,2,0,1,0,1,-1.3314092672913058,-1.0373137612320207
30,79,Medium,High,No,9,60,Medium,1,Low,Medium,Neutral,3,No,High School,Near,Female,69,1,1,0,1,0,1,1.6735283624106625,-0.08465245807842814
25,99,Low,Medium,No,10,70,Medium,1,Medium,Medium,Positive,5,No,College,Far,Female,71,0,1,0,1,0,1,0.8388234652712269,1.6474590022008309
27,91,Medium,Low,No,8,57,Medium,0,Low,Low,Neutral,4,No,Postgraduate,Moderate,Male,68,1,1,1,0,0,1,1.1727054241270012,0.9546144180891273
17,96,High,Medium,No,7,57,Low,2,Medium,Medium,Negative,3,No,College,Moderate,Female,68,2,0,1,0,0,1,-0.49670437015187013,1.3876422831589421
19,73,Low,Medium,Yes,9,86,High,0,Medium,High,Positive,3,No,College,Near,Female,66,0,2,0,1,0,1,-0.16282241129609587,-0.6042858961622058
11,100,Low,High,No,9,77,Medium,2,Medium,High,Positive,3,No,Postgraduate,Near,Female,70,0,1,0,1,0,1,-1.498350246719193,1.7340645752147938
17,64,Medium,High,No,8,80,Medium,0,High,High,Positive,2,No,Postgraduate,Near,Female,65,1,1,0,1,0,1,-0.49670437015187013,-1.3837360532878724
23,62,Medium,Low,Yes,5,87,Medium,1,Medium,Medium,Negative,4,No,High School,Near,Female,63,1,1,0,1,0,1,0.5049415064154527,-1.5569471993157984
28,94,Low,Medium,Yes,9,64,Medium,0,Medium,Medium,Neutral,3,No,High School,Moderate,Female,70,0,1,0,1,0,1,1.3396464035548883,1.2144311371310161
13,97,Low,Medium,Yes,8,70,Medium,0,High,Medium,Neutral,2,No,Postgraduate,Moderate,Female,67,0,1,1,0,0,1,-1.1644682878634187,1.474247856172905
18,64,Medium,Medium,No,6,80,Medium,1,Medium,Medium,Positive,5,Yes,High School,Near,Male,63,1,1,0,1,0,1,-0.329763390723983,-1.3837360532878724
19,65,High,Medium,No,6,55,Medium,1,Low,High,Positive,3,No,Postgraduate,Moderate,Male,64,2,1,0,1,0,1,-0.16282241129609587,-1.2971304802739094
12,61,Low,Medium,Yes,8,92,Medium,2,High,Medium,Neutral,4,Yes,High School,Moderate,Male,60,0,1,0,1,0,1,-1.3314092672913058,-1.6435527723297614
24,64,Medium,Medium,Yes,4,67,Low,0,Low,Medium,Neutral,1,No,High School,Near,Male,62,1,0,0,1,0,1,0.6718824858433398,-1.3837360532878724
16,68,Medium,High,No,7,83,High,2,Low,High,Positive,2,No,High School,Near,Female,65,1,2,0,1,0,1,-0.6636453495797573,-1.0373137612320207
19,99,Low,Low,No,6,100,Medium,0,High,Low,Negative,3,No,Postgraduate,Near,Male,69,0,1,1,0,0,1,-0.16282241129609587,1.6474590022008309
17,87,Medium,High,Yes,6,74,Low,1,Low,High,Neutral,3,No,College,Moderate,Female,68,1,0,1,0,0,1,-0.49670437015187013,0.6081921260332754
15,91,Medium,Medium,No,6,61,Medium,1,Medium,High,Positive,2,No,High School,Moderate,Male,66,1,1,0,1,1,0,-0.8305863290076444,0.9546144180891273
20,91,High,High,Yes,5,61,Low,4,Low,Medium,Positive,2,No,Postgraduate,Near,Male,72,2,0,0,1,0,1,0.0041185681317912485,0.9546144180891273
19,81,Medium,High,Yes,9,53,Medium,2,High,Medium,Positive,3,No,High School,Near,Male,68,1,1,0,1,0,1,-0.16282241129609587,0.08855868794949777
18,92,Medium,Medium,No,4,88,Medium,3,High,Medium,Neutral,2,No,High School,Moderate,Male,69,1,1,0,1,0,1,-0.329763390723983,1.0412199911030902
16,84,Medium,Medium,No,7,65,Low,1,High,High,Negative,3,No,High School,Moderate,Male,65,1,0,0,1,0,1,-0.6636453495797573,0.34837540699138664
22,73,High,Medium,Yes,6,59,Low,0,Low,Medium,Positive,1,No,High School,Near,Male,65,2,0,0,1,0,1,0.3380005269875655,-0.6042858961622058
30,82,Low,Medium,Yes,10,86,Low,2,Low,High,Neutral,4,No,High School,Near,Female,70,0,0,0,1,0,1,1.6735283624106625,0.17516426096346072
21,81,Medium,Low,Yes,7,65,High,1,Medium,Medium,Positive,2,No,College,Moderate,Male,67,1,2,0,1,0,1,0.17105954755967837,0.08855868794949777
26,93,High,Medium,No,4,80,Medium,4,Low,Medium,Positive,3,Yes,College,Near,Male,73,2,1,1,0,0,1,1.005764444699114,1.1278255641170531
12,99,High,High,No,8,71,Medium,2,Medium,Low,Neutral,2,No,College,Near,Female,70,2,1,0,1,0,1,-1.3314092672913058,1.6474590022008309
21,76,Medium,Medium,Yes,5,67,Medium,1,High,Low,Positive,3,No,High School,Moderate,Male,66,1,1,1,0,0,1,0.17105954755967837,-0.344469177120317
13,91,Medium,Medium,Yes,8,74,Medium,1,Low,Medium,Positive,1,No,Postgraduate,Near,Male,68,1,1,1,0,0,1,-1.1644682878634187,0.9546144180891273
11,64,Medium,Medium,Yes,8,66,Medium,2,Low,Medium,Positive,2,No,College,Moderate,Male,61,1,1,0,1,0,1,-1.498350246719193,-1.3837360532878724
16,91,Medium,High,No,9,94,Low,0,High,Medium,Positive,3,No,Postgraduate,Near,Male,70,1,0,0,1,0,1,-0.6636453495797573,0.9546144180891273
27,75,Medium,Low,Yes,7,54,Low,2,Medium,Medium,Negative,3,No,Postgraduate,Near,Female,66,1,0,0,1,0,1,1.1727054241270012,-0.4310747501342799
26,62,High,Medium,Yes,8,52,Medium,4,Low,Medium,Neutral,5,No,College,Near,Male,67,2,1,0,1,0,1,1.005764444699114,-1.5569471993157984
21,75,High,High,No,7,70,High,1,Medium,High,Neutral,3,No,Postgraduate,Near,Female,69,2,2,1,0,0,1,0.17105954755967837,-0.4310747501342799
11,84,Medium,Low,Yes,6,59,Low,2,Medium,Medium,Positive,3,No,High School,Near,Female,64,1,0,0,1,0,1,-1.498350246719193,0.34837540699138664
19,65,High,Medium,Yes,9,87,Low,0,High,High,Positive,2,No,College,Moderate,Male,65,2,0,0,1,0,1,-0.16282241129609587,-1.2971304802739094
22,97,High,Medium,Yes,5,68,Low,7,Medium,High,Negative,5,No,College,Near,Female,75,2,0,1,0,0,1,0.3380005269875655,1.474247856172905
21,63,High,Medium,No,7,63,Medium,2,Medium,Medium,Neutral,2,No,High School,Far,Male,63,2,1,0,1,0,1,0.17105954755967837,-1.4703416263018354
9,97,High,Medium,No,6,68,Low,5,Medium,Medium,Neutral,3,No,College,Near,Male,69,2,0,1,0,0,1,-1.8322322055749671,1.474247856172905
15,88,Medium,High,Yes,8,61,Low,2,Medium,High,Positive,4,Yes,High School,Near,Male,68,1,0,0,1,0,1,-0.8305863290076444,0.6947976990472384
20,73,Medium,Low,Yes,6,65,Medium,2,High,High,Positive,2,No,College,Near,Male,66,1,1,1,0,0,1,0.0041185681317912485,-0.6042858961622058
23,76,Low,Medium,Yes,6,78,Low,2,High,Medium,Positive,2,No,High School,Moderate,Female,66,0,0,0,1,0,1,0.5049415064154527,-0.344469177120317
7,90,Low,Medium,Yes,7,93,Low,4,Medium,Medium,Neutral,3,No,College,Near,Male,66,0,0,0,1,0,1,-2.1661141644307413,0.8680088450751643
19,84,Medium,Medium,Yes,9,69,Medium,2,Medium,Low,Neutral,4,No,College,Near,Female,68,1,1,0,1,0,1,-0.16282241129609587,0.34837540699138664
21,87,Low,Medium,Yes,6,66,Medium,1,Low,Low,Negative,2,No,High School,Moderate,Female,65,0,1,0,1,0,1,0.17105954755967837,0.6081921260332754
25,76,Medium,High,No,6,89,High,3,Low,Medium,Neutral,3,No,College,Near,Male,70,1,2,0,1,0,1,0.8388234652712269,-0.344469177120317
24,80,Medium,High,No,5,51,Medium,3,High,Low,Positive,2,No,High School,Near,Female,68,1,1,0,1,0,1,0.6718824858433398,0.0019531149355348125
23,100,Medium,Medium,No,6,65,Low,1,Medium,High,Neutral,2,Yes,High School,Near,Female,70,1,0,0,1,0,1,0.5049415064154527,1.7340645752147938
15,69,Low,Medium,No,8,73,Medium,2,Medium,Medium,Neutral,2,No,High School,Moderate,Male,61,0,1,0,1,0,1,-0.8305863290076444,-0.9507081882180577
9,77,Low,Low,No,7,80,Medium,3,Medium,Medium,Positive,3,Yes,High School,Near,Male,61,0,1,0,1,0,1,-1.8322322055749671,-0.25786360410635406
18,72,Low,High,No,7,58,Low,6,Low,Medium,Positive,0,No,High School,Moderate,Male,64,0,0,0,1,0,1,-0.329763390723983,-0.6908914691761688
26,91,Low,Medium,No,10,72,Low,4,High,Medium,Neutral,3,No,College,Moderate,Male,71,0,0,0,1,0,1,1.005764444699114,0.9546144180891273
28,91,High,Medium,Yes,4,78,Low,1,Medium,Low,Positive,3,No,High School,Moderate,Male,72,2,0,0,1,0,1,1.3396464035548883,0.9546144180891273
24,72,Medium,High,Yes,10,76,High,1,Low,Medium,Negative,3,No,High School,Near,Male,66,1,2,0,1,1,0,0.6718824858433398,-0.6908914691761688
23,63,Medium,Medium,Yes,9,79,High,0,Low,Medium,Negative,4,No,High School,Far,Female,63,1,2,1,0,0,1,0.5049415064154527,-1.4703416263018354
22,60,Low,Low,No,7,83,Medium,3,Medium,Medium,Positive,1,No,College,Near,Female,62,0,1,0,1,1,0,0.3380005269875655,-1.7301583453437241
17,77,Medium,Medium,Yes,8,69,Low,3,High,Medium,Neutral,3,Yes,High School,Near,Male,65,1,0,0,1,0,1,-0.49670437015187013,-0.25786360410635406
19,76,Medium,Medium,Yes,6,53,Medium,2,Medium,Medium,Positive,5,No,High School,Near,Male,66,1,1,0,1,0,1,-0.16282241129609587,-0.344469177120317
30,100,Low,High,No,7,53,Medium,2,Low,High,Neutral,3,No,High School,Moderate,Male,72,0,1,1,0,0,1,1.6735283624106625,1.7340645752147938
14,79,High,Medium,Yes,10,93,Medium,2,Medium,Medium,Neutral,3,No,College,Near,Male,68,2,1,0,1,0,1,-0.9975273084355315,-0.08465245807842814
30,70,High,Low,No,6,84,High,2,Medium,Medium,Positive,3,No,Postgraduate,Near,Male,70,2,2,0,1,0,1,1.6735283624106625,-0.8641026152040947
18,96,Medium,Medium,Yes,7,88,Medium,1,Medium,High,Negative,3,No,High School,Moderate,Female,70,1,1,1,0,0,1,-0.329763390723983,1.3876422831589421
28,80,Medium,High,No,6,96,High,2,Low,Medium,Positive,6,No,High School,Near,Male,73,1,2,0,1,0,1,1.3396464035548883,0.0019531149355348125
12,84,Medium,High,No,6,88,High,2,High,High,Positive,2,No,High School,Near,Male,67,1,2,0,1,1,0,-1.3314092672913058,0.34837540699138664
24,64,Medium,Low,No,6,85,Medium,3,Medium,Medium,Positive,2,No,Postgraduate,Moderate,Male,65,1,1,0,1,0,1,0.6718824858433398,-1.3837360532878724
16,75,High,Low,Yes,5,83,Medium,1,Medium,High,Negative,3,No,College,Moderate,Female,65,2,1,1,0,0,1,-0.6636453495797573,-0.4310747501342799
12,98,Low,Medium,No,7,63,Medium,0,High,Medium,Neutral,3,Yes,High School,Near,Female,65,0,1,1,0,0,1,-1.3314092672913058,1.5608534291868679
21,84,Medium,Medium,Yes,7,98,Medium,0,Medium,Medium,Neutral,4,No,College,Near,Male,70,1,1,0,1,0,1,0.17105954755967837,0.34837540699138664
26,74,Medium,Low,Yes,6,77,Medium,3,Medium,Medium,Negative,2,No,High School,Far,Male,66,1,1,1,0,0,1,1.005764444699114,-0.5176803231482429
15,85,Medium,Medium,Yes,4,61,Medium,0,Medium,Low,Neutral,1,No,College,Near,Male,65,1,1,0,1,0,1,-0.8305863290076444,0.43498098000534957
11,96,High,High,No,7,60,Medium,2,Low,Medium,Neutral,1,No,High School,Near,Male,68,2,1,0,1,0,1,-1.498350246719193,1.3876422831589421
19,71,Medium,Medium,Yes,7,91,Medium,3,High,Medium,Negative,1,No,High School,Moderate,Female,66,1,1,0,1,0,1,-0.16282241129609587,-0.7774970421901317
19,80,Low,Medium,Yes,10,63,High,1,Medium,Medium,Neutral,2,No,College,Near,Female,65,0,2,0,1,1,0,-0.16282241129609587,0.0019531149355348125
23,98,Medium,High,Yes,7,52,Low,2,Low,High,Positive,4,Yes,High School,Near,Female,71,1,0,1,0,0,1,0.5049415064154527,1.5608534291868679
26,67,Low,Medium,Yes,8,71,Medium,2,High,Medium,Negative,3,No,High School,Near,Male,65,0,1,1,0,0,1,1.005764444699114,-1.1239193342459837
20,89,Low,Medium,Yes,6,91,High,0,Medium,Medium,Positive,4,No,College,Near,Male,70,0,2,1,0,0,1,0.0041185681317912485,0.7814032720612014
31,85,Medium,Medium,Yes,9,71,Low,0,Medium,High,Negative,2,Yes,College,Moderate,Female,69,1,0,0,1,0,1,1.8404693418385496,0.43498098000534957
21,87,Medium,Medium,No,6,90,High,3,High,Medium,Negative,4,No,High School,Near,Male,71,1,2,0,1,0,1,0.17105954755967837,0.6081921260332754
18,74,Medium,High,Yes,8,91,Medium,0,Medium,High,Positive,2,No,High School,Near,Female,67,1,1,1,0,0,1,-0.329763390723983,-0.5176803231482429
10,73,Medium,Medium,Yes,8,93,High,3,Low,Medium,Positive,2,Yes,High School,Moderate,Male,64,1,2,0,1,0,1,-1.66529122614708,-0.6042858961622058
18,87,Low,Low,No,8,79,High,1,Low,High,Negative,4,No,College,Near,Male,82,0,2,0,1,0,1,-0.329763390723983,0.6081921260332754
18,69,Medium,High,Yes,10,85,Medium,2,High,Medium,Positive,0,No,College,Moderate,Female,66,1,1,1,0,0,1,-0.329763390723983,-0.9507081882180577
26,77,Low,Medium,Yes,6,63,Low,1,Low,High,Negative,4,No,High School,Near,Male,66,0,0,0,1,0,1,1.005764444699114,-0.25786360410635406
23,68,High,Medium,Yes,9,55,Medium,1,Medium,Medium,Positive,3,No,High School,Moderate,Male,65,2,1,0,1,0,1,0.5049415064154527,-1.0373137612320207
13,60,Medium,Medium,No,9,77,Low,2,Medium,High,Positive,5,Yes,High School,Near,Male,61,1,0,1,0,0,1,-1.1644682878634187,-1.7301583453437241
21,99,Medium,High,No,7,51,High,2,Medium,Low,Neutral,2,No,Postgraduate,Near,Female,72,1,2,1,0,0,1,0.17105954755967837,1.6474590022008309
24,77,High,Medium,Yes,10,73,Medium,3,Medium,Medium,Positive,3,No,High School,Near,Male,70,2,1,0,1,0,1,0.6718824858433398,-0.25786360410635406
29,99,Medium,Medium,Yes,7,55,Low,0,Medium,Medium,Positive,3,No,High School,Moderate,Male,71,1,0,1,0,0,1,1.5065873829827754,1.6474590022008309
25,66,High,Medium,Yes,7,55,Medium,4,Medium,Medium,Neutral,2,Yes,High School,Moderate,Female,84,2,1,0,1,0,1,0.8388234652712269,-1.2105249072599464
25,83,High,High,Yes,7,94,Low,2,Low,High,Positive,3,Yes,College,Moderate,Male,72,2,0,0,1,0,1,0.8388234652712269,0.26176983397742365
20,68,Medium,High,Yes,5,82,Medium,1,Low,High,Positive,3,No,Postgraduate,Near,Female,67,1,1,0,1,1,0,0.0041185681317912485,-1.0373137612320207
22,92,High,Low,No,8,82,Medium,2,Medium,Medium,Neutral,5,No,Postgraduate,Near,Male,72,2,1,1,0,0,1,0.3380005269875655,1.0412199911030902
27,91,Low,High,Yes,8,70,Low,1,Medium,Low,Neutral,6,No,High School,Moderate,Female,70,0,0,0,1,0,1,1.1727054241270012,0.9546144180891273
12,65,Medium,High,No,7,71,Medium,1,Low,High,Neutral,4,No,High School,Moderate,Male,62,1,1,0,1,0,1,-1.3314092672913058,-1.2971304802739094
18,96,High,Medium,Yes,10,65,Low,3,Medium,Medium,Positive,2,No,College,Moderate,Female,71,2,0,0,1,0,1,-0.329763390723983,1.3876422831589421
15,68,Low,Medium,No,6,72,Low,3,High,Low,Neutral,3,No,High School,Near,Female,62,0,0,0,1,0,1,-0.8305863290076444,-1.0373137612320207
22,85,Medium,Medium,Yes,4,79,Low,1,Low,Low,Positive,3,No,High School,Near,Female,68,1,0,0,1,0,1,0.3380005269875655,0.43498098000534957
27,99,High,Medium,No,10,59,High,2,Low,Medium,Positive,3,No,High School,Near,Male,74,2,2,0,1,0,1,1.1727054241270012,1.6474590022008309
16,95,High,High,No,9,63,Medium,0,Medium,Low,Positive,3,No,High School,Near,Male,68,2,1,1,0,1,0,-0.6636453495797573,1.3010367101449791
6,98,Medium,Low,No,8,75,Medium,1,High,Medium,Neutral,3,Yes,Postgraduate,Far,Female,64,1,1,0,1,0,1,-2.3330551438586284,1.5608534291868679
18,74,High,Medium,Yes,6,69,Medium,0,Low,Medium,Positive,4,No,High School,Moderate,Male,65,2,1,0,1,0,1,-0.329763390723983,-0.5176803231482429
25,64,Medium,Low,Yes,8,91,Medium,1,Low,Low,Positive,5,No,College,Near,Male,66,1,1,0,1,0,1,0.8388234652712269,-1.3837360532878724
23,68,Medium,High,No,5,91,Low,5,Low,Medium,Neutral,1,No,College,Near,Female,68,1,0,0,1,0,1,0.5049415064154527,-1.0373137612320207
23,80,Medium,Medium,No,7,67,Low,2,Low,High,Neutral,4,No,High School,Near,Male,67,1,0,0,1,0,1,0.5049415064154527,0.0019531149355348125
18,92,Medium,Medium,Yes,6,73,Low,1,Medium,High,Neutral,5,Yes,High School,Moderate,Female,67,1,0,0,1,0,1,-0.329763390723983,1.0412199911030902
12,66,Medium,High,Yes,7,99,Low,2,Medium,Low,Neutral,3,No,High School,Moderate,Male,63,1,0,0,1,0,1,-1.3314092672913058,-1.2105249072599464
23,86,Medium,High,Yes,8,91,Medium,2,Low,Medium,Negative,1,No,College,Near,Female,71,1,1,0,1,0,1,0.5049415064154527,0.5215865530193126
15,73,Medium,High,No,5,61,Low,1,Low,High,Positive,2,No,Postgraduate,Moderate,Male,63,1,0,1,0,1,0,-0.8305863290076444,-0.6042858961622058
33,74,Medium,Low,No,8,64,Medium,0,Medium,Medium,Negative,3,Yes,High School,Near,Male,66,1,1,0,1,0,1,2.174351300694324,-0.5176803231482429
23,86,High,Medium,No,7,54,Low,2,Medium,Medium,Negative,2,Yes,High School,Near,Female,67,2,0,0,1,0,1,0.5049415064154527,0.5215865530193126
17,79,Medium,High,Yes,8,84,Medium,0,Medium,Medium,Neutral,2,No,High School,Moderate,Male,66,1,1,0,1,0,1,-0.49670437015187013,-0.08465245807842814
16,92,Medium,Medium,Yes,7,66,High,2,Medium,Medium,Positive,4,No,Postgraduate,Moderate,Female,70,1,2,0,1,0,1,-0.6636453495797573,1.0412199911030902
19,66,High,Medium,No,8,77,Low,3,Medium,Medium,Negative,4,No,College,Moderate,Female,64,2,0,0,1,1,0,-0.16282241129609587,-1.2105249072599464
19,92,Medium,Medium,Yes,6,88,Low,1,High,Medium,Positive,2,No,Postgraduate,Near,Male,71,1,0,0,1,0,1,-0.16282241129609587,1.0412199911030902
27,63,High,High,Yes,4,92,Medium,0,Low,Medium,Neutral,3,No,College,Near,Female,68,2,1,0,1,0,1,1.1727054241270012,-1.4703416263018354
21,68,Low,Medium,Yes,5,66,Low,2,High,Medium,Neutral,3,No,High School,Near,Male,64,0,0,1,0,0,1,0.17105954755967837,-1.0373137612320207
16,86,Medium,Medium,Yes,6,62,Low,1,Low,High,Positive,4,No,High School,Near,Female,66,1,0,0,1,0,1,-0.6636453495797573,0.5215865530193126
31,94,Low,Medium,No,5,92,Low,1,High,Low,Neutral,4,No,High School,Near,Male,72,0,0,1,0,0,1,1.8404693418385496,1.2144311371310161
20,70,Low,Medium,Yes,9,69,High,2,Medium,High,Neutral,3,No,Postgraduate,Near,Female,66,0,2,0,1,0,1,0.0041185681317912485,-0.8641026152040947
25,73,Medium,High,Yes,7,91,Medium,0,Medium,High,Neutral,4,No,High School,Near,Female,70,1,1,0,1,0,1,0.8388234652712269,-0.6042858961622058
16,81,Medium,Medium,Yes,8,57,High,1,Medium,Medium,Positive,2,No,High School,Near,Male,66,1,2,1,0,0,1,-0.6636453495797573,0.08855868794949777
22,68,High,Medium,No,8,96,Medium,1,Medium,Medium,Positive,3,No,Postgraduate,Moderate,Female,68,2,1,0,1,0,1,0.3380005269875655,-1.0373137612320207
22,92,Medium,Low,Yes,7,74,High,2,Medium,Low,Positive,4,No,College,Moderate,Male,70,1,2,0,1,0,1,0.3380005269875655,1.0412199911030902
9,91,Medium,Medium,No,10,59,High,0,Low,Medium,Positive,2,No,College,Moderate,Male,64,1,2,1,0,0,1,-1.8322322055749671,0.9546144180891273
32,66,High,High,Yes,10,77,High,3,Medium,Medium,Neutral,1,No,College,Near,Male,71,2,2,0,1,0,1,2.0074103212664367,-1.2105249072599464
28,79,Medium,High,Yes,9,94,Low,2,Low,Medium,Positive,5,No,College,Near,Male,72,1,0,1,0,0,1,1.3396464035548883,-0.08465245807842814
18,91,High,Medium,Yes,6,69,Medium,5,Low,High,Positive,2,No,High School,Near,Male,71,2,1,0,1,0,1,-0.329763390723983,0.9546144180891273
13,73,Medium,Low,No,9,59,Medium,0,Medium,High,Neutral,4,No,Postgraduate,Near,Male,63,1,1,0,1,0,1,-1.1644682878634187,-0.6042858961622058
22,85,Low,Medium,Yes,4,79,Medium,1,High,Low,Positive,2,No,College,Near,Male,68,0,1,0,1,0,1,0.3380005269875655,0.43498098000534957
21,62,Medium,Medium,No,9,92,Medium,1,Medium,Medium,Positive,4,Yes,High School,Near,Male,63,1,1,1,0,0,1,0.17105954755967837,-1.5569471993157984
22,84,Medium,Medium,No,4,56,Medium,0,High,Low,Positive,2,No,High School,Moderate,Male,66,1,1,1,0,0,1,0.3380005269875655,0.34837540699138664
21,66,Medium,Medium,Yes,7,52,High,1,Medium,Medium,Neutral,3,No,High School,Far,Female,63,1,2,0,1,0,1,0.17105954755967837,-1.2105249072599464
23,93,High,High,No,9,53,High,1,Low,Medium,Neutral,4,No,College,Near,Female,72,2,2,1,0,0,1,0.5049415064154527,1.1278255641170531
29,74,Medium,High,Yes,8,62,High,3,Low,High,Positive,3,Yes,Postgraduate,Moderate,Male,70,1,2,0,1,0,1,1.5065873829827754,-0.5176803231482429
23,71,Medium,Medium,Yes,5,50,Medium,1,Low,High,Positive,1,No,College,Near,Female,65,1,1,0,1,0,1,0.5049415064154527,-0.7774970421901317
14,94,Medium,High,Yes,7,71,Medium,0,Medium,Medium,Negative,3,Yes,College,Moderate,Female,67,1,1,1,0,0,1,-0.9975273084355315,1.2144311371310161
28,62,Low,High,No,8,85,Medium,2,Low,High,Positive,3,No,High School,Moderate,Female,66,0,1,0,1,0,1,1.3396464035548883,-1.5569471993157984
30,76,Medium,Medium,Yes,7,86,Medium,1,Medium,High,Neutral,2,Yes,Postgraduate,Far,Male,69,1,1,0,1,0,1,1.6735283624106625,-0.344469177120317
39,75,Medium,High,Yes,6,82,High,1,High,Low,Negative,3,No,College,Near,Male,73,1,2,0,1,0,1,3.1759971772616464,-0.4310747501342799
13,71,Medium,High,Yes,8,65,High,2,Medium,Medium,Neutral,4,No,Postgraduate,Near,Female,66,1,2,0,1,0,1,-1.1644682878634187,-0.7774970421901317
21,96,Medium,Medium,Yes,9,87,Medium,0,Medium,Medium,Neutral,6,Yes,High School,Near,Female,70,1,1,0,1,0,1,0.17105954755967837,1.3876422831589421
8,90,High,High,No,7,79,High,2,Low,Medium,Negative,4,No,College,Near,Male,68,2,2,0,1,0,1,-1.9991731850028542,0.8680088450751643
23,63,Low,Medium,Yes,9,93,Medium,2,Medium,High,Positive,2,No,High School,Far,Male,65,0,1,1,0,0,1,0.5049415064154527,-1.4703416263018354
17,89,Medium,Medium,No,7,74,Medium,1,Low,Medium,Positive,2,No,Postgraduate,Moderate,Female,67,1,1,1,0,0,1,-0.49670437015187013,0.7814032720612014
32,81,High,Medium,No,6,59,High,2,High,Medium,Neutral,2,No,High School,Moderate,Female,71,2,2,0,1,0,1,2.0074103212664367,0.08855868794949777
15,96,High,High,No,9,82,Medium,2,Low,Low,Neutral,3,No,High School,Near,Female,70,2,1,1,0,0,1,-0.8305863290076444,1.3876422831589421
10,73,Medium,Low,Yes,9,58,Low,5,Low,Medium,Negative,3,No,High School,Moderate,Male,61,1,0,1,0,0,1,-1.66529122614708,-0.6042858961622058
17,83,High,Medium,Yes,6,98,Medium,0,Medium,Medium,Positive,3,No,High School,Near,Male,69,2,1,0,1,0,1,-0.49670437015187013,0.26176983397742365
8,80,Low,Medium,Yes,6,85,Medium,1,Low,High,Negative,3,No,Postgraduate,Near,Male,63,0,1,0,1,0,1,-1.9991731850028542,0.0019531149355348125
25,80,Medium,Medium,Yes,10,88,Low,0,Low,High,Negative,2,No,College,Moderate,Male,67,1,0,1,0,0,1,0.8388234652712269,0.0019531149355348125
8,78,High,Medium,Yes,7,84,Medium,0,Medium,Medium,Positive,2,No,College,Near,Male,65,2,1,0,1,0,1,-1.9991731850028542,-0.1712580310923911
20,68,High,Medium,Yes,7,55,High,0,Low,Low,Positive,3,Yes,High School,Near,Female,63,2,2,0,1,0,1,0.0041185681317912485,-1.0373137612320207
8,90,Medium,Medium,No,7,73,High,3,High,Low,Negative,4,No,Postgraduate,Near,Male,67,1,2,1,0,0,1,-1.9991731850028542,0.8680088450751643
18,78,Low,High,Yes,9,83,Medium,2,Low,Medium,Negative,2,No,Postgraduate,Moderate,Female,66,0,1,1,0,0,1,-0.329763390723983,-0.1712580310923911
30,98,Low,Medium,Yes,10,61,Medium,0,Low,Medium,Positive,3,No,Postgraduate,Moderate,Male,72,0,1,0,1,0,1,1.6735283624106625,1.5608534291868679
22,70,Medium,High,No,7,84,Low,3,Low,High,Positive,5,No,High School,Near,Male,68,1,0,0,1,0,1,0.3380005269875655,-0.8641026152040947
15,87,High,Medium,Yes,10,91,Medium,1,Low,Low,Neutral,4,No,High School,Moderate,Male,67,2,1,0,1,0,1,-0.8305863290076444,0.6081921260332754
20,98,Medium,Medium,Yes,6,64,Medium,1,High,High,Positive,3,No,Postgraduate,Moderate,Male,72,1,1,1,0,0,1,0.0041185681317912485,1.5608534291868679
20,87,Medium,High,Yes,7,60,Medium,0,Low,Medium,Positive,2,Yes,High School,Far,Female,66,1,1,0,1,0,1,0.0041185681317912485,0.6081921260332754
23,95,Medium,Medium,Yes,8,94,Medium,1,Medium,Medium,Positive,4,No,High School,Near,Male,73,1,1,0,1,0,1,0.5049415064154527,1.3010367101449791
12,93,High,High,Yes,6,50,Low,4,High,High,Positive,3,No,Postgraduate,Moderate,Male,71,2,0,0,1,0,1,-1.3314092672913058,1.1278255641170531
24,74,Low,Low,Yes,8,63,High,1,Low,High,Positive,3,No,High School,Moderate,Male,65,0,2,0,1,0,1,0.6718824858433398,-0.5176803231482429
4,84,Medium,Medium,Yes,6,70,Medium,5,Medium,High,Neutral,4,No,High School,Near,Male,65,1,1,1,0,0,1,-2.6669371027144027,0.34837540699138664
16,66,High,Medium,Yes,5,84,Medium,2,Medium,Medium,Neutral,3,No,High School,Near,Female,65,2,1,1,0,0,1,-0.6636453495797573,-1.2105249072599464
17,81,Medium,Medium,Yes,4,100,Low,2,Medium,High,Neutral,2,No,College,Near,Male,68,1,0,1,0,0,1,-0.49670437015187013,0.08855868794949777
24,69,High,Medium,No,7,69,Medium,7,High,Medium,Positive,3,No,College,Near,Female,70,2,1,0,1,1,0,0.6718824858433398,-0.9507081882180577
20,90,Medium,Low,Yes,8,97,Low,1,Medium,Low,Neutral,2,No,High School,Near,Female,68,1,0,1,0,0,1,0.0041185681317912485,0.8680088450751643
12,81,Low,Medium,Yes,5,68,High,0,Low,High,Negative,2,No,High School,Near,Male,62,0,2,1,0,0,1,-1.3314092672913058,0.08855868794949777
14,76,Medium,Medium,No,7,85,High,3,Low,Medium,Neutral,3,No,College,Near,Male,66,1,2,1,0,0,1,-0.9975273084355315,-0.344469177120317
21,71,Medium,Medium,No,7,58,Low,3,Low,Medium,Negative,5,No,College,Near,Female,65,1,0,0,1,0,1,0.17105954755967837,-0.7774970421901317
20,100,Medium,Medium,Yes,7,73,Medium,1,Low,Medium,Neutral,4,No,College,Near,Female,71,1,1,0,1,0,1,0.0041185681317912485,1.7340645752147938
17,63,Medium,Medium,No,6,94,Low,0,Medium,Medium,Negative,2,No,High School,Moderate,Male,61,1,0,0,1,0,1,-0.49670437015187013,-1.4703416263018354
17,62,Medium,Medium,No,7,66,High,2,High,Medium,Neutral,4,No,High School,Moderate,Male,63,1,2,0,1,0,1,-0.49670437015187013,-1.5569471993157984
24,69,Medium,High,Yes,7,55,Low,3,Medium,High,Neutral,4,No,High School,Near,Male,67,1,0,0,1,0,1,0.6718824858433398,-0.9507081882180577
17,99,Medium,Medium,No,8,76,Low,2,High,Medium,Positive,4,No,Postgraduate,Near,Male,70,1,0,0,1,1,0,-0.49670437015187013,1.6474590022008309
19,99,Medium,Medium,Yes,5,72,Low,3,Medium,High,Neutral,4,No,Postgraduate,Near,Male,73,1,0,1,0,0,1,-0.16282241129609587,1.6474590022008309
33,86,Medium,Medium,No,7,61,Medium,1,High,Medium,Positive,3,No,High School,Near,Male,72,1,1,0,1,0,1,2.174351300694324,0.5215865530193126
11,95,Medium,Medium,Yes,5,95,Low,1,Low,High,Positive,3,No,Postgraduate,Near,Male,69,1,0,0,1,0,1,-1.498350246719193,1.3010367101449791
9,69,Low,Medium,Yes,7,80,Medium,1,Medium,Medium,Neutral,3,No,College,Moderate,Male,61,0,1,1,0,0,1,-1.8322322055749671,-0.9507081882180577
25,99,Medium,Medium,No,5,67,Medium,1,Low,High,Neutral,3,No,High School,Near,Male,71,1,1,0,1,0,1,0.8388234652712269,1.6474590022008309
16,66,Medium,Medium,Yes,6,100,Medium,1,Medium,Medium,Neutral,3,No,High School,Moderate,Female,64,1,1,0,1,0,1,-0.6636453495797573,-1.2105249072599464
18,64,Low,Medium,Yes,7,57,Medium,1,High,Medium,Neutral,3,No,High School,Moderate,Male,61,0,1,0,1,0,1,-0.329763390723983,-1.3837360532878724
15,64,Medium,Medium,No,6,92,Low,3,Low,Medium,Negative,4,No,College,Near,Female,63,1,0,0,1,0,1,-0.8305863290076444,-1.3837360532878724
18,83,Medium,Low,Yes,9,62,High,2,Low,Medium,Negative,2,No,High School,Near,Male,65,1,2,0,1,0,1,-0.329763390723983,0.26176983397742365
30,91,High,Medium,No,9,62,Low,3,Low,High,Negative,4,No,Postgraduate,Near,Female,73,2,0,0,1,0,1,1.6735283624106625,0.9546144180891273
25,75,Medium,Low,Yes,8,75,High,2,High,High,Negative,4,Yes,Postgraduate,Near,Male,68,1,2,1,0,0,1,0.8388234652712269,-0.4310747501342799
25,99,Medium,Medium,No,8,83,Medium,1,Medium,Medium,Neutral,2,No,College,Near,Female,72,1,1,0,1,0,1,0.8388234652712269,1.6474590022008309
12,77,Low,Low,Yes,7,85,Medium,1,Medium,Medium,Positive,3,No,College,Far,Male,62,0,1,0,1,0,1,-1.3314092672913058,-0.25786360410635406
13,66,High,Medium,Yes,9,51,Low,3,Medium,Medium,Positive,2,No,Postgraduate,Moderate,Male,63,2,0,1,0,0,1,-1.1644682878634187,-1.2105249072599464
3,79,Low,Medium,Yes,7,64,Low,0,Medium,Medium,Negative,3,No,Postgraduate,Far,Female,58,0,0,0,1,0,1,-2.8338780821422898,-0.08465245807842814
15,87,Medium,Medium,No,10,83,Medium,1,High,High,Positive,3,No,High School,Near,Male,68,1,1,1,0,0,1,-0.8305863290076444,0.6081921260332754
26,93,High,High,Yes,6,94,Low,1,Medium,High,Negative,2,No,High School,Near,Female,74,2,0,0,1,0,1,1.005764444699114,1.1278255641170531
23,78,Medium,Medium,Yes,5,83,Medium,1,Medium,Medium,Positive,3,No,High School,Near,Male,68,1,1,0,1,0,1,0.5049415064154527,-0.1712580310923911
19,84,Medium,Medium,Yes,5,63,Medium,1,High,Medium,Positive,2,No,High School,Near,Male,67,1,1,1,0,0,1,-0.16282241129609587,0.34837540699138664
20,71,Medium,Medium,Yes,5,75,Low,0,Medium,Medium,Positive,4,No,High School,Near,Male,65,1,0,1,0,0,1,0.0041185681317912485,-0.7774970421901317
16,86,Low,Low,Yes,5,82,Low,0,Low,Medium,Neutral,4,No,High School,Moderate,Female,63,0,0,0,1,0,1,-0.6636453495797573,0.5215865530193126
21,99,Medium,Low,No,7,57,High,2,Medium,Medium,Neutral,2,No,Postgraduate,Near,Male,71,1,2,0,1,0,1,0.17105954755967837,1.6474590022008309
25,62,Medium,Low,Yes,8,77,Medium,0,Medium,Low,Negative,4,No,College,Far,Female,62,1,1,0,1,0,1,0.8388234652712269,-1.5569471993157984
10,95,High,Low,Yes,7,74,High,2,Low,Medium,Negative,3,No,High School,Far,Male,66,2,2,0,1,0,1,-1.66529122614708,1.3010367101449791
22,82,Low,Medium,No,5,67,Low,1,Low,High,Neutral,1,Yes,Postgraduate,Near,Female,65,0,0,1,0,0,1,0.3380005269875655,0.17516426096346072
26,70,High,Medium,No,6,81,Low,0,Low,High,Neutral,3,No,High School,Moderate,Male,66,2,0,0,1,0,1,1.005764444699114,-0.8641026152040947
18,98,High,Low,No,8,82,Medium,3,Medium,High,Negative,3,No,College,Near,Male,71,2,1,0,1,0,1,-0.329763390723983,1.5608534291868679
24,79,Low,High,No,6,99,High,2,Low,High,Negative,3,No,High School,Near,Male,68,0,2,0,1,1,0,0.6718824858433398,-0.08465245807842814
37,73,Medium,High,Yes,6,71,Medium,0,High,High,Positive,5,No,High School,Moderate,Male,72,1,1,0,1,0,1,2.8421152184058722,-0.6042858961622058
19,67,Medium,High,No,5,77,Medium,1,Medium,High,Negative,4,No,Postgraduate,Near,Male,66,1,1,1,0,0,1,-0.16282241129609587,-1.1239193342459837
22,70,Medium,Low,Yes,6,58,Low,4,High,Medium,Positive,2,No,Postgraduate,Moderate,Male,66,1,0,0,1,0,1,0.3380005269875655,-0.8641026152040947
16,93,Low,High,No,6,77,High,2,Low,Medium,Negative,1,No,High School,Moderate,Male,67,0,2,0,1,0,1,-0.6636453495797573,1.1278255641170531
21,85,Low,High,Yes,7,52,Medium,5,High,High,Positive,3,No,Postgraduate,Moderate,Male,71,0,1,0,1,0,1,0.17105954755967837,0.43498098000534957
23,97,High,High,Yes,8,57,Low,2,High,Medium,Positive,1,No,Postgraduate,Far,Male,72,2,0,0,1,1,0,0.5049415064154527,1.474247856172905
21,69,Low,Medium,No,7,59,Medium,3,Low,Medium,Neutral,3,No,Postgraduate,Near,Male,64,0,1,0,1,0,1,0.17105954755967837,-0.9507081882180577
14,65,Low,High,No,7,82,Low,1,Low,Low,Negative,3,No,High School,Near,Male,60,0,0,0,1,0,1,-0.9975273084355315,-1.2971304802739094
21,60,High,Low,No,8,78,Medium,2,Medium,High,Positive,2,No,High School,Near,Female,64,2,1,0,1,0,1,0.17105954755967837,-1.7301583453437241
29,80,Medium,Low,Yes,5,90,Medium,2,Medium,Low,Positive,1,No,College,Near,Female,70,1,1,0,1,0,1,1.5065873829827754,0.0019531149355348125
23,100,Medium,Low,Yes,10,73,Medium,3,Medium,Medium,Neutral,2,No,College,Near,Male,72,1,1,1,0,0,1,0.5049415064154527,1.7340645752147938
26,88,Medium,High,No,6,74,Medium,0,Low,Medium,Negative,2,No,High School,Moderate,Female,68,1,1,0,1,0,1,1.005764444699114,0.6947976990472384
19,72,Medium,Low,Yes,8,58,Medium,0,Medium,Low,Neutral,3,No,High School,Near,Female,62,1,1,0,1,0,1,-0.16282241129609587,-0.6908914691761688
24,95,Medium,Low,No,5,87,Medium,0,Low,Medium,Neutral,2,No,High School,Far,Male,68,1,1,0,1,0,1,0.6718824858433398,1.3010367101449791
22,91,High,High,Yes,7,50,Medium,2,Low,Medium,Positive,5,No,Postgraduate,Moderate,Male,72,2,1,0,1,0,1,0.3380005269875655,0.9546144180891273
14,61,Medium,Low,Yes,7,71,Medium,0,Medium,Low,Neutral,1,No,Postgraduate,Near,Female,60,1,1,1,0,0,1,-0.9975273084355315,-1.6435527723297614
22,93,Medium,High,No,9,59,Low,3,Low,High,Positive,4,No,Postgraduate,Near,Female,72,1,0,0,1,0,1,0.3380005269875655,1.1278255641170531
14,72,Low,High,No,7,89,Medium,2,Medium,Medium,Positive,3,No,High School,Near,Female,65,0,1,0,1,0,1,-0.9975273084355315,-0.6908914691761688
16,66,Medium,Low,No,9,84,High,3,Low,Low,Positive,4,No,High School,Near,Female,63,1,2,0,1,0,1,-0.6636453495797573,-1.2105249072599464
21,69,Medium,Low,Yes,7,85,Medium,2,Medium,Medium,Positive,0,No,Postgraduate,Near,Male,66,1,1,1,0,0,1,0.17105954755967837,-0.9507081882180577
22,79,Low,Medium,No,10,57,Low,1,Medium,High,Positive,2,No,High School,Near,Male,65,0,0,0,1,0,1,0.3380005269875655,-0.08465245807842814
13,77,Medium,High,No,4,83,Medium,1,Medium,High,Negative,2,No,Postgraduate,Moderate,Male,65,1,1,0,1,0,1,-1.1644682878634187,-0.25786360410635406
26,72,Low,High,No,8,85,Medium,2,Low,Medium,Negative,3,No,High School,Near,Male,67,0,1,0,1,0,1,1.005764444699114,-0.6908914691761688
23,67,Medium,Medium,No,4,50,Low,4,Low,Medium,Positive,3,No,College,Moderate,Male,65,1,0,1,0,0,1,0.5049415064154527,-1.1239193342459837
16,90,High,Medium,No,7,66,Medium,0,High,High,Negative,3,No,High School,Moderate,Male,67,2,1,0,1,0,1,-0.6636453495797573,0.8680088450751643
11,100,Medium,Medium,Yes,9,54,Low,1,Low,Medium,Negative,3,No,Postgraduate,Near,Male,66,1,0,0,1,0,1,-1.498350246719193,1.7340645752147938
19,91,Low,High,Yes,9,84,High,2,High,High,Positive,3,Yes,High School,Near,Male,71,0,2,0,1,0,1,-0.16282241129609587,0.9546144180891273
17,72,Medium,Medium,No,8,61,Medium,1,Medium,Medium,Neutral,4,No,Postgraduate,Moderate,Male,64,1,1,0,1,0,1,-0.49670437015187013,-0.6908914691761688
21,70,Low,Low,No,7,63,Medium,0,Medium,Medium,Positive,2,No,High School,Far,Male,61,0,1,0,1,0,1,0.17105954755967837,-0.8641026152040947
18,69,High,High,Yes,8,54,Low,1,High,High,Neutral,2,No,High School,Near,Male,65,2,0,1,0,0,1,-0.329763390723983,-0.9507081882180577
8,65,Medium,Medium,No,10,74,Medium,1,Medium,High,Positive,5,No,High School,Near,Male,61,1,1,1,0,0,1,-1.9991731850028542,-1.2971304802739094
18,82,High,Low,No,7,52,Low,1,Low,Medium,Negative,4,No,High School,Near,Female,64,2,0,0,1,0,1,-0.329763390723983,0.17516426096346072
18,84,High,High,Yes,8,92,Low,0,Low,High,Negative,3,No,College,Near,Female,69,2,0,0,1,0,1,-0.329763390723983,0.34837540699138664
24,88,Medium,Medium,Yes,6,51,High,4,Medium,Low,Positive,4,No,High School,Near,Male,71,1,2,0,1,0,1,0.6718824858433398,0.6947976990472384
16,87,High,Medium,No,9,53,High,3,Medium,High,Neutral,5,No,College,Near,Male,70,2,2,1,0,0,1,-0.6636453495797573,0.6081921260332754
30,72,High,Medium,Yes,8,82,High,1,Low,Medium,Positive,1,No,College,Moderate,Female,70,2,2,0,1,0,1,1.6735283624106625,-0.6908914691761688
9,73,Medium,Medium,Yes,6,96,Low,0,Low,High,Positive,2,No,High School,Near,Male,62,1,0,0,1,0,1,-1.8322322055749671,-0.6042858961622058
28,87,Medium,Medium,No,8,95,Medium,2,Medium,Low,Positive,3,No,Postgraduate,Near,Female,73,1,1,1,0,0,1,1.3396464035548883,0.6081921260332754
19,74,Medium,High,No,8,54,High,0,Medium,Medium,Positive,3,No,College,Near,Male,66,1,2,0,1,0,1,-0.16282241129609587,-0.5176803231482429
25,69,Medium,Medium,Yes,8,64,Medium,1,High,Low,Negative,3,No,Postgraduate,Moderate,Female,66,1,1,0,1,0,1,0.8388234652712269,-0.9507081882180577
20,75,Low,Medium,No,7,76,Medium,3,High,High,Negative,3,No,College,Near,Female,66,0,1,1,0,0,1,0.0041185681317912485,-0.4310747501342799
27,71,Medium,Medium,Yes,9,51,Medium,3,High,Medium,Neutral,1,No,College,Far,Female,66,1,1,0,1,1,0,1.1727054241270012,-0.7774970421901317
18,64,Medium,Medium,Yes,6,76,Medium,2,Medium,High,Positive,4,No,High School,Near,Male,65,1,1,0,1,0,1,-0.329763390723983,-1.3837360532878724
13,93,Low,Low,No,7,72,High,2,Medium,Medium,Positive,2,No,Postgraduate,Near,Female,67,0,2,1,0,0,1,-1.1644682878634187,1.1278255641170531
29,94,High,Medium,No,7,79,Medium,6,Low,High,Neutral,4,No,College,Near,Female,76,2,1,1,0,0,1,1.5065873829827754,1.2144311371310161
19,69,Medium,Medium,Yes,9,96,Medium,0,High,High,Positive,3,No,High School,Moderate,Female,66,1,1,1,0,0,1,-0.16282241129609587,-0.9507081882180577
21,63,Medium,Medium,Yes,6,64,Low,1,High,High,Negative,3,No,High School,Near,Male,63,1,0,0,1,0,1,0.17105954755967837,-1.4703416263018354
27,90,Medium,Medium,No,7,82,Medium,0,Medium,Medium,Positive,3,No,College,Moderate,Female,71,1,1,0,1,0,1,1.1727054241270012,0.8680088450751643
14,68,Medium,High,No,6,71,Low,1,Medium,Medium,Positive,3,No,College,Moderate,Male,63,1,0,0,1,0,1,-0.9975273084355315,-1.0373137612320207
24,76,High,Low,Yes,7,72,Low,1,High,Medium,Positive,2,No,College,Moderate,Male,67,2,0,0,1,0,1,0.6718824858433398,-0.344469177120317
16,63,Medium,Medium,Yes,8,82,Medium,0,High,Medium,Neutral,3,No,High School,Near,Male,63,1,1,0,1,0,1,-0.6636453495797573,-1.4703416263018354
19,69,High,Medium,Yes,5,98,Medium,0,High,Medium,Neutral,4,No,High School,Moderate,Male,66,2,1,0,1,0,1,-0.16282241129609587,-0.9507081882180577
20,92,Medium,Medium,Yes,9,93,Low,3,High,Medium,Positive,2,No,College,Near,Female,72,1,0,0,1,0,1,0.0041185681317912485,1.0412199911030902
11,92,High,Medium,Yes,8,82,High,4,Medium,Medium,Negative,2,No,Postgraduate,Near,Female,70,2,2,1,0,0,1,-1.498350246719193,1.0412199911030902
15,68,High,Low,Yes,6,73,Medium,0,Medium,Medium,Positive,3,No,College,Near,Male,62,2,1,0,1,1,0,-0.8305863290076444,-1.0373137612320207
28,73,High,Medium,Yes,6,71,Medium,0,Medium,High,Positive,2,No,College,Moderate,Female,69,2,1,1,0,0,1,1.3396464035548883,-0.6042858961622058
25,65,Low,Medium,Yes,9,89,Medium,2,Medium,High,Neutral,3,No,High School,Near,Female,66,0,1,0,1,0,1,0.8388234652712269,-1.2971304802739094
20,63,Medium,Medium,Yes,8,61,Medium,2,High,Medium,Neutral,3,No,High School,Near,Male,64,1,1,0,1,0,1,0.0041185681317912485,-1.4703416263018354
21,100,Low,Medium,Yes,6,79,Medium,2,Low,Medium,Neutral,1,No,High School,Near,Female,70,0,1,0,1,0,1,0.17105954755967837,1.7340645752147938
18,86,Medium,Medium,No,6,75,High,0,Low,High,Neutral,4,No,High School,Near,Male,67,1,2,0,1,0,1,-0.329763390723983,0.5215865530193126
28,82,Medium,High,Yes,8,82,Low,1,Medium,Medium,Negative,2,No,Postgraduate,Near,Male,71,1,0,1,0,0,1,1.3396464035548883,0.17516426096346072
19,91,Medium,Medium,No,8,59,High,1,High,Medium,Neutral,2,No,Postgraduate,Near,Male,69,1,2,0,1,0,1,-0.16282241129609587,0.9546144180891273
21,94,High,Low,No,8,85,Medium,1,Medium,Medium,Negative,4,No,College,Near,Male,70,2,1,0,1,0,1,0.17105954755967837,1.2144311371310161
27,92,Medium,Medium,Yes,7,81,Medium,0,Low,Medium,Negative,1,No,College,Near,Male,70,1,1,0,1,0,1,1.1727054241270012,1.0412199911030902
15,61,High,Low,Yes,8,59,Medium,1,Medium,Medium,Neutral,2,No,Postgraduate,Moderate,Female,61,2,1,0,1,0,1,-0.8305863290076444,-1.6435527723297614
29,67,Low,High,No,7,72,Medium,0,Medium,High,Neutral,3,No,High School,Near,Female,65,0,1,0,1,1,0,1.5065873829827754,-1.1239193342459837
11,86,Medium,High,Yes,6,84,Medium,0,High,High,Neutral,3,No,High School,Near,Male,67,1,1,1,0,0,1,-1.498350246719193,0.5215865530193126
30,75,Medium,Low,Yes,9,95,Low,1,High,Medium,Negative,5,No,Postgraduate,Near,Male,70,1,0,0,1,0,1,1.6735283624106625,-0.4310747501342799
18,99,Medium,Medium,No,8,56,Medium,2,Low,High,Negative,3,No,High School,Near,Male,67,1,1,1,0,1,0,-0.329763390723983,1.6474590022008309
19,87,Low,High,Yes,6,50,Medium,3,Low,Medium,Neutral,2,No,Postgraduate,Near,Male,68,0,1,0,1,0,1,-0.16282241129609587,0.6081921260332754
9,98,High,High,No,7,58,Medium,2,Medium,Medium,Negative,4,No,College,Near,Male,69,2,1,0,1,0,1,-1.8322322055749671,1.5608534291868679
17,68,Medium,Medium,No,7,99,Medium,1,Medium,Low,Neutral,1,No,Postgraduate,Near,Male,65,1,1,1,0,0,1,-0.49670437015187013,-1.0373137612320207
14,95,High,Medium,Yes,6,88,Medium,2,Low,Low,Neutral,2,No,High School,Far,Male,68,2,1,0,1,0,1,-0.9975273084355315,1.3010367101449791
16,73,High,Medium,Yes,7,81,Medium,1,High,High,Negative,4,No,Postgraduate,Near,Male,67,2,1,0,1,0,1,-0.6636453495797573,-0.6042858961622058
19,100,Medium,High,Yes,6,57,Medium,1,High,Medium,Positive,2,Yes,High School,Near,Male,70,1,1,1,0,0,1,-0.16282241129609587,1.7340645752147938
26,66,High,High,No,8,71,High,2,Medium,Medium,Neutral,3,No,High School,Near,Female,68,2,2,0,1,0,1,1.005764444699114,-1.2105249072599464
21,81,High,Medium,Yes,7,86,Medium,1,Low,Medium,Neutral,4,No,College,Near,Male,69,2,1,0,1,0,1,0.17105954755967837,0.08855868794949777
22,92,High,Low,Yes,5,95,Low,0,Low,Low,Positive,3,No,Postgraduate,Near,Male,70,2,0,0,1,0,1,0.3380005269875655,1.0412199911030902
13,77,High,High,Yes,7,69,Medium,2,Low,High,Neutral,5,No,College,Moderate,Male,67,2,1,1,0,0,1,-1.1644682878634187,-0.25786360410635406
15,79,High,High,Yes,6,100,Medium,4,Low,Medium,Neutral,3,No,College,Near,Female,70,2,1,0,1,0,1,-0.8305863290076444,-0.08465245807842814
31,99,Medium,Low,Yes,4,57,High,1,High,High,Neutral,2,No,Postgraduate,Moderate,Female,74,1,2,0,1,0,1,1.8404693418385496,1.6474590022008309
16,77,Medium,Low,Yes,7,69,Low,1,Low,High,Neutral,4,No,High School,Near,Female,63,1,0,0,1,0,1,-0.6636453495797573,-0.25786360410635406
30,84,High,Medium,Yes,9,94,Medium,1,Low,High,Positive,2,Yes,High School,Near,Female,72,2,1,1,0,0,1,1.6735283624106625,0.34837540699138664
19,62,High,Medium,No,7,82,Low,0,Low,Low,Neutral,5,Yes,Postgraduate,Near,Male,62,2,0,1,0,0,1,-0.16282241129609587,-1.5569471993157984
20,94,Medium,Medium,No,8,91,Medium,1,Low,Medium,Positive,2,No,Postgraduate,Near,Female,71,1,1,0,1,0,1,0.0041185681317912485,1.2144311371310161
26,86,Medium,Low,No,7,95,Medium,0,Low,High,Negative,5,No,High School,Moderate,Male,68,1,1,0,1,0,1,1.005764444699114,0.5215865530193126
28,76,Medium,High,Yes,6,75,High,3,High,Medium,Positive,3,No,High School,Near,Male,72,1,2,0,1,0,1,1.3396464035548883,-0.344469177120317
19,61,Medium,High,Yes,6,62,High,1,High,Medium,Neutral,2,No,Postgraduate,Moderate,Female,64,1,2,0,1,0,1,-0.16282241129609587,-1.6435527723297614
18,84,Low,Low,No,5,85,Medium,0,Medium,Medium,Neutral,4,No,High School,Moderate,Male,64,0,1,0,1,0,1,-0.329763390723983,0.34837540699138664
20,61,Low,High,Yes,8,78,Medium,0,Low,Medium,Positive,5,No,High School,Near,Female,63,0,1,1,0,0,1,0.0041185681317912485,-1.6435527723297614
22,60,High,Medium,Yes,8,89,Medium,2,Medium,High,Neutral,4,No,College,Moderate,Male,66,2,1,1,0,0,1,0.3380005269875655,-1.7301583453437241
25,85,Medium,Medium,Yes,7,76,Medium,2,High,Medium,Positive,2,No,College,Near,Female,71,1,1,0,1,0,1,0.8388234652712269,0.43498098000534957
20,68,Medium,High,Yes,4,91,High,4,High,Medium,Positive,4,No,College,Near,Male,70,1,2,1,0,0,1,0.0041185681317912485,-1.0373137612320207
24,68,High,Medium,Yes,8,95,Low,3,Medium,Medium,Positive,0,No,High School,Moderate,Male,67,2,0,0,1,0,1,0.6718824858433398,-1.0373137612320207
30,86,High,High,Yes,6,87,Medium,0,Low,Low,Positive,4,No,College,Near,Female,73,2,1,1,0,0,1,1.6735283624106625,0.5215865530193126
22,62,Low,Medium,Yes,7,87,Medium,2,High,Low,Neutral,3,No,High School,Near,Female,64,0,1,0,1,0,1,0.3380005269875655,-1.5569471993157984
22,73,Low,Medium,No,5,79,Medium,4,Medium,Low,Negative,1,No,Postgraduate,Moderate,Female,65,0,1,0,1,0,1,0.3380005269875655,-0.6042858961622058
11,66,Medium,Medium,Yes,7,74,Medium,3,Medium,High,Neutral,3,No,High School,Far,Female,62,1,1,1,0,0,1,-1.498350246719193,-1.2105249072599464
4,83,High,Medium,No,7,99,Low,1,Low,Low,Neutral,3,No,College,Near,Female,64,2,0,1,0,0,1,-2.6669371027144027,0.26176983397742365
22,86,Low,Medium,No,4,82,Low,1,Low,Low,Positive,5,No,College,Moderate,Male,67,0,0,1,0,0,1,0.3380005269875655,0.5215865530193126
19,89,Medium,High,No,9,92,High,5,Medium,Medium,Positive,3,No,Postgraduate,Near,Male,74,1,2,1,0,0,1,-0.16282241129609587,0.7814032720612014
17,70,High,Medium,No,7,75,Medium,1,Low,Medium,Neutral,4,Yes,College,Far,Male,63,2,1,1,0,0,1,-0.49670437015187013,-0.8641026152040947
21,64,High,Low,Yes,7,78,Low,1,Medium,Medium,Positive,4,No,High School,Near,Male,64,2,0,0,1,0,1,0.17105954755967837,-1.3837360532878724
20,63,Medium,Low,No,8,83,Low,4,Medium,Medium,Neutral,3,No,Postgraduate,Moderate,Female,64,1,0,0,1,0,1,0.0041185681317912485,-1.4703416263018354
27,77,Low,High,No,7,86,High,1,High,High,Negative,3,No,College,Near,Male,70,0,2,0,1,0,1,1.1727054241270012,-0.25786360410635406
21,98,Medium,Medium,Yes,8,72,Medium,3,Low,Low,Positive,3,No,High School,Moderate,Female,71,1,1,0,1,0,1,0.17105954755967837,1.5608534291868679
16,69,Medium,Medium,Yes,5,68,Medium,0,Medium,High,Neutral,4,No,College,Moderate,Male,63,1,1,0,1,0,1,-0.6636453495797573,-0.9507081882180577
26,70,Medium,High,Yes,7,62,Medium,0,Low,Medium,Negative,1,No,College,Near,Female,66,1,1,1,0,0,1,1.005764444699114,-0.8641026152040947
19,64,Medium,High,Yes,4,71,Medium,1,High,Medium,Neutral,3,No,High School,Near,Male,65,1,1,0,1,0,1,-0.16282241129609587,-1.3837360532878724
23,84,Medium,High,No,7,61,Medium,2,Medium,High,Neutral,5,No,College,Moderate,Male,70,1,1,0,1,0,1,0.5049415064154527,0.34837540699138664
17,87,Low,Low,Yes,9,71,Medium,2,Low,Medium,Neutral,3,No,College,Moderate,Female,65,0,1,0,1,0,1,-0.49670437015187013,0.6081921260332754
16,86,High,Medium,Yes,5,94,High,0,Medium,Medium,Negative,2,No,High School,Near,Male,68,2,2,0,1,0,1,-0.6636453495797573,0.5215865530193126
21,94,Medium,High,No,6,99,Medium,1,Medium,High,Neutral,2,No,High School,Near,Male,72,1,1,1,0,0,1,0.17105954755967837,1.2144311371310161
20,79,Medium,High,Yes,4,79,Low,0,Medium,High,Neutral,4,No,High School,Moderate,Male,67,1,0,1,0,0,1,0.0041185681317912485,-0.08465245807842814
23,65,High,High,No,7,57,Low,1,High,Medium,Neutral,4,No,High School,Near,Male,65,2,0,0,1,1,0,0.5049415064154527,-1.2971304802739094
18,72,Medium,Medium,No,8,71,Low,2,High,Medium,Positive,4,No,Postgraduate,Near,Male,66,1,0,0,1,0,1,-0.329763390723983,-0.6908914691761688
9,86,High,High,No,8,80,Medium,1,Low,Medium,Positive,5,No,College,Far,Female,67,2,1,0,1,0,1,-1.8322322055749671,0.5215865530193126
17,85,Medium,Low,No,6,69,Medium,1,Medium,Medium,Neutral,3,Yes,Postgraduate,Near,Male,65,1,1,1,0,0,1,-0.49670437015187013,0.43498098000534957
25,81,Medium,Medium,No,4,60,Medium,2,Medium,Medium,Neutral,3,No,High School,Near,Male,68,1,1,1,0,0,1,0.8388234652712269,0.08855868794949777
18,87,Medium,Medium,No,5,61,High,2,Medium,Medium,Positive,1,No,High School,Near,Male,68,1,2,0,1,0,1,-0.329763390723983,0.6081921260332754
19,85,Medium,High,Yes,9,74,Medium,1,High,Medium,Neutral,3,No,College,Moderate,Female,69,1,1,0,1,0,1,-0.16282241129609587,0.43498098000534957
26,95,Medium,Low,Yes,8,61,Medium,2,Medium,Medium,Neutral,2,No,Postgraduate,Near,Female,71,1,1,1,0,0,1,1.005764444699114,1.3010367101449791
16,83,Medium,Medium,Yes,7,62,Medium,0,Low,Medium,Neutral,1,Yes,Postgraduate,Moderate,Male,64,1,1,1,0,0,1,-0.6636453495797573,0.26176983397742365
11,91,Low,High,No,7,94,Medium,1,Medium,Medium,Neutral,3,Yes,High School,Moderate,Male,65,0,1,0,1,0,1,-1.498350246719193,0.9546144180891273
19,70,Medium,Medium,No,5,89,Medium,1,Low,High,Neutral,2,No,High School,Near,Male,64,1,1,1,0,0,1,-0.16282241129609587,-0.8641026152040947
17,87,Medium,Medium,Yes,9,53,Low,3,Low,Medium,Positive,3,No,Postgraduate,Moderate,Female,67,1,0,0,1,0,1,-0.49670437015187013,0.6081921260332754
14,96,Medium,High,No,6,66,Medium,3,Medium,Medium,Positive,2,No,College,Near,Female,70,1,1,0,1,0,1,-0.9975273084355315,1.3876422831589421
19,75,Medium,High,No,8,77,Medium,1,Low,Low,Positive,4,No,High School,Moderate,Female,66,1,1,0,1,0,1,-0.16282241129609587,-0.4310747501342799
23,91,High,Medium,No,5,53,Low,3,Medium,High,Negative,3,No,High School,Near,Male,70,2,0,1,0,0,1,0.5049415064154527,0.9546144180891273
20,89,Medium,High,Yes,7,84,Low,1,High,High,Neutral,4,No,High School,Moderate,Male,70,1,0,0,1,0,1,0.0041185681317912485,0.7814032720612014
22,62,High,Medium,Yes,9,69,Low,1,High,Low,Negative,3,No,College,Near,Male,64,2,0,1,0,0,1,0.3380005269875655,-1.5569471993157984
31,83,Low,High,Yes,6,70,Medium,3,Low,Medium,Negative,3,No,College,Near,Male,71,0,1,1,0,0,1,1.8404693418385496,0.26176983397742365
18,65,Medium,High,Yes,8,63,Medium,1,Medium,Medium,Positive,3,No,High School,Far,Male,63,1,1,0,1,0,1,-0.329763390723983,-1.2971304802739094
22,99,Medium,Medium,Yes,5,67,High,1,Medium,High,Negative,3,No,College,Near,Male,72,1,2,1,0,0,1,0.3380005269875655,1.6474590022008309
17,92,High,High,No,6,93,Medium,4,Medium,Low,Neutral,4,No,College,Moderate,Female,72,2,1,1,0,0,1,-0.49670437015187013,1.0412199911030902
15,64,High,Low,Yes,7,89,Low,0,Low,Medium,Negative,2,No,High School,Near,Male,61,2,0,0,1,0,1,-0.8305863290076444,-1.3837360532878724
16,65,High,Low,Yes,8,97,High,2,Low,Medium,Negative,4,Yes,High School,Near,Female,63,2,2,0,1,0,1,-0.6636453495797573,-1.2971304802739094
17,84,Low,High,No,7,85,High,0,Medium,Medium,Positive,2,No,College,Moderate,Male,67,0,2,1,0,0,1,-0.49670437015187013,0.34837540699138664
22,74,High,Low,Yes,8,79,Low,3,Medium,Medium,Neutral,1,No,High School,Near,Female,67,2,0,0,1,0,1,0.3380005269875655,-0.5176803231482429
34,61,Medium,Low,No,9,63,Low,2,Medium,Medium,Neutral,5,No,High School,Moderate,Female,65,1,0,0,1,0,1,2.341292280122211,-1.6435527723297614
16,82,Low,Medium,No,6,83,Medium,0,Medium,Medium,Negative,2,No,High School,Near,Female,64,0,1,0,1,0,1,-0.6636453495797573,0.17516426096346072
18,76,Medium,Low,No,5,95,High,2,High,High,Positive,6,No,Postgraduate,Near,Female,69,1,2,0,1,0,1,-0.329763390723983,-0.344469177120317
20,64,Medium,High,No,6,53,High,4,High,Medium,Neutral,4,No,College,Moderate,Female,65,1,2,1,0,1,0,0.0041185681317912485,-1.3837360532878724
22,92,High,High,No,9,72,Low,1,Low,High,Neutral,4,Yes,Postgraduate,Near,Male,71,2,0,0,1,0,1,0.3380005269875655,1.0412199911030902
22,97,Medium,Medium,Yes,6,57,Medium,0,Medium,High,Positive,2,No,High School,Near,Male,70,1,1,1,0,0,1,0.3380005269875655,1.474247856172905
28,90,Low,Medium,Yes,9,91,Medium,0,Medium,Medium,Positive,2,No,College,Moderate,Female,98,0,1,0,1,0,1,1.3396464035548883,0.8680088450751643
5,93,Medium,Medium,Yes,7,81,Medium,1,Low,High,Neutral,2,No,College,Near,Female,65,1,1,0,1,1,0,-2.4999961232865155,1.1278255641170531
6,69,High,Medium,Yes,10,94,Medium,1,Medium,Medium,Neutral,4,No,Postgraduate,Near,Female,63,2,1,1,0,1,0,-2.3330551438586284,-0.9507081882180577
17,71,Medium,Medium,Yes,10,53,Low,0,Low,Low,Positive,3,No,High School,Moderate,Male,61,1,0,0,1,0,1,-0.49670437015187013,-0.7774970421901317
27,68,Medium,Low,Yes,9,95,Medium,1,Low,Medium,Positive,3,No,College,Moderate,Male,67,1,1,0,1,0,1,1.1727054241270012,-1.0373137612320207
11,91,Medium,Medium,No,5,53,Medium,0,Low,Medium,Neutral,2,No,Postgraduate,Near,Female,64,1,1,1,0,0,1,-1.498350246719193,0.9546144180891273
2,98,High,Medium,No,4,64,Medium,1,Low,High,Neutral,2,No,High School,Near,Female,65,2,1,1,0,0,1,-3.000819061570177,1.5608534291868679
23,89,High,High,Yes,7,58,Medium,2,Medium,High,Positive,3,No,Postgraduate,Moderate,Male,73,2,1,1,0,0,1,0.5049415064154527,0.7814032720612014
21,95,Medium,High,Yes,8,57,Low,1,Low,Medium,Positive,3,No,High School,Near,Male,69,1,0,0,1,1,0,0.17105954755967837,1.3010367101449791
13,86,Medium,High,No,8,59,Medium,3,Medium,Medium,Neutral,3,No,High School,Near,Male,67,1,1,0,1,0,1,-1.1644682878634187,0.5215865530193126
14,76,High,Medium,No,6,74,Low,0,High,Medium,Positive,2,Yes,College,Far,Male,63,2,0,1,0,0,1,-0.9975273084355315,-0.344469177120317
14,77,High,High,Yes,5,89,Low,0,Medium,Medium,Positive,2,No,College,Near,Male,67,2,0,1,0,0,1,-0.9975273084355315,-0.25786360410635406
21,63,Low,High,Yes,8,95,Medium,2,High,Medium,Neutral,5,No,High School,Near,Male,66,0,1,0,1,0,1,0.17105954755967837,-1.4703416263018354
16,61,Medium,High,Yes,10,78,Medium,2,Low,High,Positive,2,No,College,Moderate,Female,64,1,1,0,1,0,1,-0.6636453495797573,-1.6435527723297614
23,88,High,Low,Yes,6,58,Medium,2,Low,Medium,Neutral,2,No,High School,Moderate,Male,68,2,1,0,1,0,1,0.5049415064154527,0.6947976990472384
3,78,Medium,Medium,No,8,54,High,2,High,Medium,Positive,4,No,High School,Moderate,Male,61,1,2,0,1,0,1,-2.8338780821422898,-0.1712580310923911
15,82,Medium,Medium,Yes,10,75,Medium,1,High,Medium,Negative,1,No,College,Near,Female,66,1,1,0,1,0,1,-0.8305863290076444,0.17516426096346072
13,82,Medium,Medium,Yes,7,88,Medium,0,Low,Medium,Neutral,2,No,High School,Near,Female,65,1,1,0,1,0,1,-1.1644682878634187,0.17516426096346072
18,71,Medium,High,Yes,7,81,Medium,0,Medium,Medium,Negative,4,No,College,Moderate,Female,65,1,1,0,1,0,1,-0.329763390723983,-0.7774970421901317
17,79,Medium,Medium,No,8,79,Medium,3,Medium,High,Neutral,5,Yes,Postgraduate,Near,Male,67,1,1,1,0,0,1,-0.49670437015187013,-0.08465245807842814
25,79,High,Medium,Yes,7,52,Medium,1,Medium,Medium,Negative,2,No,Postgraduate,Moderate,Female,68,2,1,0,1,0,1,0.8388234652712269,-0.08465245807842814
9,76,Medium,Medium,Yes,9,71,Medium,1,Medium,High,Neutral,3,No,College,Near,Male,63,1,1,0,1,0,1,-1.8322322055749671,-0.344469177120317
20,93,High,Medium,No,6,78,Low,1,Low,Medium,Positive,3,No,College,Moderate,Female,70,2,0,0,1,0,1,0.0041185681317912485,1.1278255641170531
23,78,High,High,No,7,80,Medium,0,Low,Medium,Neutral,2,No,High School,Near,Female,68,2,1,1,0,0,1,0.5049415064154527,-0.1712580310923911
31,84,Medium,Medium,No,5,50,Medium,2,Low,High,Positive,3,No,High School,Near,Male,69,1,1,1,0,1,0,1.8404693418385496,0.34837540699138664
17,96,High,Medium,Yes,7,60,Low,0,Low,Medium,Neutral,2,Yes,College,Near,Male,67,2,0,1,0,0,1,-0.49670437015187013,1.3876422831589421
22,95,Medium,Medium,No,5,97,Medium,0,Low,Low,Neutral,3,No,High School,Moderate,Male,69,1,1,0,1,0,1,0.3380005269875655,1.3010367101449791
9,96,Medium,Low,Yes,8,75,Low,1,Low,High,Positive,4,Yes,High School,Near,Female,65,1,0,1,0,0,1,-1.8322322055749671,1.3876422831589421
6,71,Medium,High,Yes,5,85,Medium,1,Low,Medium,Positive,2,No,High School,Moderate,Male,61,1,1,0,1,0,1,-2.3330551438586284,-0.7774970421901317
25,61,Medium,High,Yes,8,65,Low,3,Low,Low,Neutral,3,No,College,Near,Female,65,1,0,0,1,0,1,0.8388234652712269,-1.6435527723297614
20,70,Low,Medium,Yes,6,79,Low,4,Medium,Medium,Positive,4,No,Postgraduate,Near,Male,67,0,0,0,1,0,1,0.0041185681317912485,-0.8641026152040947
27,71,Medium,High,Yes,10,68,Medium,1,Low,Medium,Negative,2,No,High School,Moderate,Male,66,1,1,0,1,0,1,1.1727054241270012,-0.7774970421901317
12,96,Medium,Medium,No,9,65,Medium,2,High,High,Neutral,4,Yes,Postgraduate,Near,Female,69,1,1,1,0,0,1,-1.3314092672913058,1.3876422831589421
23,86,Medium,Medium,Yes,8,71,High,3,Medium,Medium,Neutral,4,No,College,Near,Female,71,1,2,0,1,0,1,0.5049415064154527,0.5215865530193126
31,63,High,High,No,5,73,Medium,1,High,Low,Positive,2,No,High School,Near,Female,68,2,1,0,1,0,1,1.8404693418385496,-1.4703416263018354
23,65,High,Medium,No,6,67,High,3,Medium,Medium,Negative,5,No,High School,Moderate,Male,65,2,2,1,0,1,0,0.5049415064154527,-1.2971304802739094
22,66,Medium,Medium,No,6,63,High,1,Low,Medium,Neutral,5,No,Postgraduate,Far,Male,64,1,2,1,0,0,1,0.3380005269875655,-1.2105249072599464
20,85,Medium,Low,No,6,81,Low,1,High,High,Positive,3,No,College,Near,Male,68,1,0,1,0,0,1,0.0041185681317912485,0.43498098000534957
11,89,Low,High,No,9,69,Low,1,Low,Low,Neutral,3,No,High School,Near,Male,64,0,0,0,1,0,1,-1.498350246719193,0.7814032720612014
28,94,Medium,High,No,7,60,Low,1,Low,Medium,Positive,3,No,High School,Near,Male,71,1,0,0,1,0,1,1.3396464035548883,1.2144311371310161
16,98,High,Medium,No,6,88,Medium,1,Low,Medium,Neutral,3,No,Postgraduate,Moderate,Female,70,2,1,0,1,0,1,-0.6636453495797573,1.5608534291868679
23,68,High,Medium,Yes,6,86,Medium,0,Medium,Medium,Positive,2,No,Postgraduate,Near,Male,68,2,1,0,1,0,1,0.5049415064154527,-1.0373137612320207
11,72,Medium,Medium,Yes,6,94,Low,2,Medium,Medium,Positive,3,No,High School,Moderate,Male,63,1,0,0,1,0,1,-1.498350246719193,-0.6908914691761688
13,70,Medium,High,Yes,8,78,Medium,0,Low,Medium,Negative,3,Yes,High School,Near,Male,61,1,1,1,0,0,1,-1.1644682878634187,-0.8641026152040947
29,74,Medium,Low,No,5,64,Medium,2,Medium,Medium,Neutral,1,No,College,Moderate,Male,66,1,1,0,1,0,1,1.5065873829827754,-0.5176803231482429
18,97,Medium,High,Yes,7,93,Medium,5,High,Medium,Positive,4,No,College,Near,Female,75,1,1,0,1,0,1,-0.329763390723983,1.474247856172905
29,83,High,High,Yes,8,64,Medium,2,Medium,High,Neutral,1,No,High School,Far,Male,71,2,1,0,1,0,1,1.5065873829827754,0.26176983397742365
20,90,Medium,Medium,Yes,4,83,High,1,Low,Low,Positive,3,No,College,Near,Male,69,1,2,0,1,0,1,0.0041185681317912485,0.8680088450751643
9,80,High,Low,No,5,60,Medium,2,Low,Medium,Neutral,3,No,High School,Near,Male,62,2,1,1,0,0,1,-1.8322322055749671,0.0019531149355348125
25,61,Medium,Medium,No,7,81,High,0,Medium,Medium,Positive,4,No,High School,Moderate,Female,65,1,2,0,1,0,1,0.8388234652712269,-1.6435527723297614
16,63,Medium,Low,No,9,92,Medium,0,Low,Medium,Positive,3,No,College,Moderate,Female,61,1,1,1,0,0,1,-0.6636453495797573,-1.4703416263018354
24,82,Medium,Medium,No,9,77,Medium,3,Medium,Medium,Positive,2,No,High School,Near,Female,69,1,1,0,1,0,1,0.6718824858433398,0.17516426096346072
20,89,Low,Low,Yes,6,74,Low,1,Medium,Low,Positive,3,No,Postgraduate,Far,Male,66,0,0,1,0,0,1,0.0041185681317912485,0.7814032720612014
11,69,High,Medium,Yes,9,100,Low,1,Low,Medium,Neutral,5,No,High School,Near,Male,64,2,0,0,1,0,1,-1.498350246719193,-0.9507081882180577
21,89,High,Medium,Yes,7,51,Low,1,Medium,Medium,Positive,4,No,High School,Near,Female,69,2,0,0,1,0,1,0.17105954755967837,0.7814032720612014
33,92,High,High,Yes,7,67,Low,6,High,Medium,Positive,5,No,High School,Near,Female,78,2,0,0,1,0,1,2.174351300694324,1.0412199911030902
23,76,Low,High,Yes,7,96,Low,2,Medium,Medium,Neutral,4,No,High School,Near,Female,68,0,0,1,0,0,1,0.5049415064154527,-0.344469177120317
20,90,High,High,No,8,82,Medium,2,High,Medium,Negative,4,Yes,High School,Moderate,Female,70,2,1,1,0,0,1,0.0041185681317912485,0.8680088450751643
26,76,Low,Medium,Yes,6,77,Medium,1,Medium,Medium,Neutral,5,No,High School,Near,Male,68,0,1,1,0,0,1,1.005764444699114,-0.344469177120317
21,87,Low,Low,Yes,6,82,Medium,0,Medium,High,Neutral,5,No,Postgraduate,Near,Female,68,0,1,0,1,0,1,0.17105954755967837,0.6081921260332754
21,91,Medium,Medium,No,5,66,Low,1,High,Medium,Positive,3,No,College,Near,Female,69,1,0,0,1,0,1,0.17105954755967837,0.9546144180891273
13,100,Medium,Low,Yes,8,54,Medium,0,Medium,High,Positive,3,No,College,Near,Female,68,1,1,0,1,0,1,-1.1644682878634187,1.7340645752147938
21,74,High,Low,Yes,8,64,Medium,3,Low,Low,Neutral,1,No,College,Far,Male,80,2,1,0,1,0,1,0.17105954755967837,-0.5176803231482429
26,76,Medium,Medium,Yes,8,67,High,1,Low,Medium,Negative,3,No,High School,Moderate,Male,67,1,2,0,1,0,1,1.005764444699114,-0.344469177120317
15,67,Low,Medium,Yes,5,74,Medium,1,High,High,Positive,2,No,Postgraduate,Near,Male,64,0,1,0,1,0,1,-0.8305863290076444,-1.1239193342459837
29,68,Medium,Low,No,6,70,Low,0,Medium,Medium,Negative,2,No,Postgraduate,Near,Male,64,1,0,0,1,0,1,1.5065873829827754,-1.0373137612320207
19,88,Medium,Medium,Yes,9,76,Low,1,Medium,High,Positive,3,No,High School,Far,Male,68,1,0,0,1,0,1,-0.16282241129609587,0.6947976990472384
15,97,Low,Medium,No,7,60,Low,4,Medium,Medium,Negative,3,No,High School,Near,Female,67,0,0,0,1,0,1,-0.8305863290076444,1.474247856172905
26,76,Medium,Medium,No,7,59,Low,0,Medium,Medium,Neutral,1,Yes,Postgraduate,Near,Male,65,1,0,0,1,0,1,1.005764444699114,-0.344469177120317
18,67,High,High,Yes,7,68,Medium,0,Medium,Medium,Positive,4,No,High School,Near,Male,66,2,1,0,1,0,1,-0.329763390723983,-1.1239193342459837
25,71,Medium,Low,Yes,8,74,Low,4,Medium,Medium,Positive,4,Yes,Postgraduate,Near,Male,67,1,0,0,1,0,1,0.8388234652712269,-0.7774970421901317
18,78,High,Medium,No,7,67,Low,0,High,Medium,Negative,3,No,College,Moderate,Male,64,2,0,0,1,1,0,-0.329763390723983,-0.1712580310923911
20,72,Medium,Low,Yes,6,79,Medium,1,Low,Medium,Positive,4,No,Postgraduate,Near,Female,66,1,1,1,0,0,1,0.0041185681317912485,-0.6908914691761688
23,69,Medium,Low,Yes,8,66,Low,1,Medium,Medium,Positive,3,No,College,Far,Male,63,1,0,0,1,1,0,0.5049415064154527,-0.9507081882180577
22,89,Medium,High,No,5,59,High,5,Medium,Medium,Positive,4,Yes,High School,Near,Male,71,1,2,1,0,0,1,0.3380005269875655,0.7814032720612014
8,60,High,Medium,Yes,9,93,High,0,Low,High,Neutral,3,No,Postgraduate,Near,Female,62,2,2,0,1,0,1,-1.9991731850028542,-1.7301583453437241
13,82,Medium,High,No,6,60,Medium,1,Low,Low,Positive,4,No,College,Far,Female,64,1,1,0,1,0,1,-1.1644682878634187,0.17516426096346072
26,92,Low,Medium,Yes,8,98,Medium,2,Medium,Medium,Neutral,3,No,Postgraduate,Moderate,Male,72,0,1,0,1,0,1,1.005764444699114,1.0412199911030902
19,71,High,Medium,Yes,7,99,Low,0,Low,High,Negative,4,No,High School,Moderate,Female,65,2,0,0,1,0,1,-0.16282241129609587,-0.7774970421901317
17,84,Low,High,No,6,85,Medium,1,Medium,Low,Positive,2,No,College,Near,Female,67,0,1,0,1,0,1,-0.49670437015187013,0.34837540699138664
12,87,High,High,Yes,9,75,Medium,1,Low,Medium,Neutral,3,Yes,College,Moderate,Female,65,2,1,1,0,1,0,-1.3314092672913058,0.6081921260332754
14,86,Low,Low,Yes,8,90,Low,0,Low,Medium,Neutral,1,No,High School,Near,Male,63,0,0,1,0,0,1,-0.9975273084355315,0.5215865530193126
8,78,High,High,No,7,94,Low,1,High,High,Neutral,3,Yes,High School,Near,Female,65,2,0,0,1,0,1,-1.9991731850028542,-0.1712580310923911
19,74,Medium,Medium,Yes,10,85,Medium,1,Low,Medium,Positive,5,No,Postgraduate,Moderate,Male,67,1,1,0,1,0,1,-0.16282241129609587,-0.5176803231482429
16,93,Medium,Medium,Yes,8,55,Low,0,High,Medium,Neutral,4,No,High School,Moderate,Male,67,1,0,0,1,0,1,-0.6636453495797573,1.1278255641170531
14,90,Low,Medium,Yes,6,50,Medium,0,Medium,High,Positive,3,No,College,Moderate,Male,65,0,1,1,0,0,1,-0.9975273084355315,0.8680088450751643
20,73,Medium,High,Yes,4,60,Medium,1,Low,Medium,Positive,3,Yes,High School,Moderate,Male,64,1,1,1,0,0,1,0.0041185681317912485,-0.6042858961622058
22,64,High,Low,No,7,59,High,0,Medium,High,Positive,5,Yes,High School,Near,Female,64,2,2,1,0,0,1,0.3380005269875655,-1.3837360532878724
33,63,High,High,Yes,9,59,Medium,1,Medium,Medium,Positive,4,No,High School,Near,Male,69,2,1,0,1,0,1,2.174351300694324,-1.4703416263018354
11,64,Medium,Medium,No,8,75,Low,1,High,Medium,Positive,3,No,High School,Moderate,Male,60,1,0,1,0,0,1,-1.498350246719193,-1.3837360532878724
27,83,Medium,Medium,Yes,9,76,Medium,1,Low,High,Positive,4,No,High School,Near,Male,70,1,1,0,1,0,1,1.1727054241270012,0.26176983397742365
26,62,Low,High,No,6,86,Medium,2,Medium,Medium,Positive,3,No,High School,Near,Male,66,0,1,0,1,0,1,1.005764444699114,-1.5569471993157984
15,73,Medium,Medium,Yes,7,60,High,3,Medium,Medium,Neutral,4,No,College,Near,Female,66,1,2,0,1,0,1,-0.8305863290076444,-0.6042858961622058
21,90,Medium,Low,No,7,55,Medium,2,Medium,Medium,Neutral,2,No,College,Near,Female,68,1,1,0,1,0,1,0.17105954755967837,0.8680088450751643
17,72,Low,Medium,No,7,83,Low,3,Medium,High,Negative,3,Yes,High School,Far,Female,62,0,0,0,1,0,1,-0.49670437015187013,-0.6908914691761688
21,91,Medium,High,Yes,8,74,Low,0,Medium,Medium,Negative,2,No,Postgraduate,Near,Female,70,1,0,0,1,0,1,0.17105954755967837,0.9546144180891273
29,90,Medium,Medium,Yes,9,83,Medium,0,Medium,High,Positive,3,No,High School,Near,Female,72,1,1,1,0,0,1,1.5065873829827754,0.8680088450751643
24,70,Low,Low,Yes,10,69,High,1,High,Medium,Negative,2,No,High School,Moderate,Female,64,0,2,0,1,0,1,0.6718824858433398,-0.8641026152040947
23,89,Low,Medium,No,9,88,High,1,High,Medium,Neutral,5,No,Postgraduate,Near,Male,71,0,2,0,1,0,1,0.5049415064154527,0.7814032720612014
17,90,Medium,High,No,8,84,Medium,1,Low,Low,Negative,4,No,High School,Far,Female,67,1,1,0,1,0,1,-0.49670437015187013,0.8680088450751643
11,76,Low,Medium,No,6,83,High,3,Medium,Medium,Positive,1,No,High School,Near,Female,64,0,2,0,1,0,1,-1.498350246719193,-0.344469177120317
19,68,High,High,No,7,51,Medium,1,High,Medium,Positive,1,No,High School,Moderate,Female,64,2,1,0,1,1,0,-0.16282241129609587,-1.0373137612320207
27,81,Medium,High,Yes,8,93,Medium,0,High,High,Neutral,3,No,College,Near,Female,72,1,1,0,1,0,1,1.1727054241270012,0.08855868794949777
11,97,Low,Low,Yes,7,69,Medium,3,Low,Medium,Positive,2,No,High School,Near,Female,66,0,1,0,1,0,1,-1.498350246719193,1.474247856172905
14,86,High,Medium,No,6,57,Medium,3,High,High,Neutral,2,No,College,Near,Female,68,2,1,1,0,0,1,-0.9975273084355315,0.5215865530193126
21,67,Medium,Medium,Yes,6,88,Medium,1,Low,Medium,Positive,5,No,Postgraduate,Near,Female,95,1,1,1,0,0,1,0.17105954755967837,-1.1239193342459837
14,87,Medium,Low,Yes,8,74,Medium,0,Medium,High,Neutral,3,Yes,College,Moderate,Male,64,1,1,0,1,0,1,-0.9975273084355315,0.6081921260332754
15,77,Medium,Medium,Yes,7,52,Medium,1,Medium,Medium,Neutral,2,No,College,Near,Male,64,1,1,0,1,0,1,-0.8305863290076444,-0.25786360410635406
17,84,Low,High,Yes,7,89,Medium,2,High,Medium,Positive,2,No,High School,Moderate,Male,68,0,1,0,1,0,1,-0.49670437015187013,0.34837540699138664
12,89,Medium,Low,Yes,7,72,Medium,1,High,High,Neutral,5,No,College,Near,Male,67,1,1,0,1,0,1,-1.3314092672913058,0.7814032720612014
14,81,Medium,Medium,No,6,88,Medium,1,High,Medium,Positive,3,No,Postgraduate,Moderate,Female,67,1,1,0,1,0,1,-0.9975273084355315,0.08855868794949777
24,93,High,Medium,Yes,7,88,Low,1,Medium,High,Negative,3,No,High School,Moderate,Female,71,2,0,0,1,0,1,0.6718824858433398,1.1278255641170531
12,89,Medium,Low,Yes,6,55,Low,1,Low,High,Negative,3,No,High School,Near,Female,63,1,0,0,1,0,1,-1.3314092672913058,0.7814032720612014
10,85,Medium,Medium,Yes,6,81,Medium,3,Low,Medium,Neutral,3,No,High School,Near,Female,66,1,1,0,1,0,1,-1.66529122614708,0.43498098000534957
16,66,High,High,No,5,68,High,2,Low,Medium,Positive,5,No,Postgraduate,Moderate,Male,65,2,2,0,1,1,0,-0.6636453495797573,-1.2105249072599464
24,93,Medium,Low,Yes,7,77,Medium,0,Low,Medium,Negative,3,No,High School,Near,Female,68,1,1,1,0,0,1,0.6718824858433398,1.1278255641170531
19,97,Medium,Low,Yes,8,54,Medium,0,High,Medium,Neutral,2,No,High School,Near,Male,68,1,1,0,1,0,1,-0.16282241129609587,1.474247856172905
17,65,Medium,High,No,9,79,Medium,0,Medium,Medium,Positive,2,Yes,High School,Moderate,Male,62,1,1,0,1,0,1,-0.49670437015187013,-1.2971304802739094
20,80,Low,Medium,Yes,5,89,Medium,0,High,High,Neutral,3,No,Postgraduate,Far,Male,67,0,1,0,1,0,1,0.0041185681317912485,0.0019531149355348125
10,70,High,High,Yes,9,99,Medium,1,Medium,Medium,Neutral,4,No,High School,Moderate,Female,65,2,1,0,1,0,1,-1.66529122614708,-0.8641026152040947
23,90,High,Medium,Yes,7,66,Low,2,High,High,Neutral,3,No,High School,Near,Female,71,2,0,0,1,0,1,0.5049415064154527,0.8680088450751643
22,89,Medium,High,Yes,5,58,Medium,4,High,High,Neutral,2,Yes,College,Near,Female,71,1,1,0,1,0,1,0.3380005269875655,0.7814032720612014
18,66,High,Medium,Yes,6,68,Low,1,Medium,High,Positive,3,Yes,High School,Far,Male,61,2,0,0,1,1,0,-0.329763390723983,-1.2105249072599464
26,95,Medium,Medium,No,4,51,Medium,1,Low,Medium,Positive,2,No,High School,Near,Male,70,1,1,0,1,0,1,1.005764444699114,1.3010367101449791
13,67,Medium,Low,Yes,5,70,Medium,0,Low,High,Negative,2,No,High School,Near,Male,60,1,1,1,0,0,1,-1.1644682878634187,-1.1239193342459837
27,92,Low,Medium,No,10,96,Medium,0,Low,Medium,Neutral,2,No,Postgraduate,Far,Male,70,0,1,0,1,0,1,1.1727054241270012,1.0412199911030902
21,78,Medium,High,No,6,60,High,1,Low,High,Neutral,2,No,College,Near,Female,67,1,2,1,0,0,1,0.17105954755967837,-0.1712580310923911
18,73,Medium,Medium,Yes,8,74,Low,3,Medium,High,Neutral,2,No,Postgraduate,Near,Male,66,1,0,1,0,1,0,-0.329763390723983,-0.6042858961622058
20,66,Low,Low,Yes,7,79,Medium,2,Medium,Medium,Positive,2,No,High School,Moderate,Female,63,0,1,1,0,0,1,0.0041185681317912485,-1.2105249072599464
19,67,Medium,Medium,No,7,59,Low,3,Low,High,Positive,3,No,Postgraduate,Near,Female,65,1,0,1,0,0,1,-0.16282241129609587,-1.1239193342459837
27,86,High,Medium,Yes,8,67,High,5,High,High,Positive,2,Yes,Postgraduate,Near,Female,75,2,2,0,1,0,1,1.1727054241270012,0.5215865530193126
14,82,High,Medium,No,4,96,Low,2,High,Medium,Negative,4,Yes,High School,Near,Male,66,2,0,1,0,0,1,-0.9975273084355315,0.17516426096346072
15,65,Medium,Medium,No,9,65,Medium,1,Low,Medium,Neutral,2,No,College,Near,Female,61,1,1,0,1,0,1,-0.8305863290076444,-1.2971304802739094
26,65,Medium,Medium,Yes,7,82,Low,1,Low,Medium,Positive,1,No,Postgraduate,Far,Male,65,1,0,0,1,0,1,1.005764444699114,-1.2971304802739094
16,63,Low,Medium,Yes,6,57,Medium,2,Low,Low,Neutral,3,No,Postgraduate,Near,Male,61,0,1,0,1,0,1,-0.6636453495797573,-1.4703416263018354
25,90,High,High,Yes,8,83,Medium,2,Medium,Medium,Negative,3,No,College,Near,Male,73,2,1,0,1,0,1,0.8388234652712269,0.8680088450751643
30,88,High,Medium,Yes,6,64,Medium,1,High,Medium,Neutral,2,No,College,Near,Female,73,2,1,0,1,0,1,1.6735283624106625,0.6947976990472384
18,62,Medium,Medium,Yes,7,62,Medium,1,Medium,Medium,Positive,5,No,College,Moderate,Male,63,1,1,0,1,0,1,-0.329763390723983,-1.5569471993157984
24,82,Low,Medium,No,7,56,Medium,1,Medium,Medium,Positive,3,No,Postgraduate,Moderate,Male,67,0,1,0,1,0,1,0.6718824858433398,0.17516426096346072
13,63,Medium,High,Yes,8,52,Medium,2,Low,Medium,Positive,4,No,High School,Near,Male,62,1,1,0,1,0,1,-1.1644682878634187,-1.4703416263018354
25,96,Low,Low,No,7,98,Medium,1,Medium,Medium,Neutral,3,No,College,Near,Male,71,0,1,1,0,0,1,0.8388234652712269,1.3876422831589421
21,96,Medium,Medium,Yes,5,71,Medium,2,Low,High,Negative,4,No,High School,Moderate,Male,70,1,1,0,1,0,1,0.17105954755967837,1.3876422831589421
23,88,Medium,Medium,No,8,89,Medium,0,Medium,High,Positive,5,No,High School,Near,Female,70,1,1,1,0,0,1,0.5049415064154527,0.6947976990472384
16,97,Medium,Medium,No,7,96,Low,4,Low,High,Neutral,2,No,High School,Near,Female,69,1,0,1,0,1,0,-0.6636453495797573,1.474247856172905
10,92,Medium,Medium,No,4,60,High,3,Low,Low,Positive,2,No,College,Near,Female,66,1,2,0,1,0,1,-1.66529122614708,1.0412199911030902
23,93,Low,High,Yes,7,93,High,1,Medium,High,Negative,3,No,High School,Near,Female,72,0,2,0,1,0,1,0.5049415064154527,1.1278255641170531
8,83,High,Low,Yes,6,85,Low,1,Low,High,Neutral,3,No,High School,Far,Female,63,2,0,0,1,0,1,-1.9991731850028542,0.26176983397742365
18,72,Low,Medium,Yes,8,79,Medium,1,Medium,High,Positive,4,No,High School,Moderate,Male,65,0,1,0,1,0,1,-0.329763390723983,-0.6908914691761688
26,69,High,High,Yes,6,90,Medium,3,Medium,Medium,Positive,3,No,College,Moderate,Female,71,2,1,0,1,0,1,1.005764444699114,-0.9507081882180577
21,73,Medium,Medium,No,5,56,Medium,5,High,Medium,Neutral,3,No,High School,Moderate,Male,66,1,1,1,0,0,1,0.17105954755967837,-0.6042858961622058
32,85,Medium,Low,Yes,9,63,Low,2,High,Medium,Neutral,3,No,High School,Moderate,Male,69,1,0,0,1,1,0,2.0074103212664367,0.43498098000534957
26,67,Low,Medium,No,8,57,Medium,0,Medium,Medium,Negative,4,No,College,Far,Female,62,0,1,0,1,0,1,1.005764444699114,-1.1239193342459837
16,70,High,High,No,7,95,High,1,Medium,Medium,Neutral,3,No,High School,Near,Female,66,2,2,0,1,1,0,-0.6636453495797573,-0.8641026152040947
20,79,Medium,Low,Yes,8,55,Low,3,Low,Medium,Positive,4,No,High School,Near,Female,66,1,0,1,0,0,1,0.0041185681317912485,-0.08465245807842814
20,69,Medium,Low,Yes,8,99,High,1,Medium,High,Negative,3,Yes,High School,Moderate,Female,64,1,2,0,1,0,1,0.0041185681317912485,-0.9507081882180577
11,84,Low,Medium,Yes,7,55,High,0,Medium,High,Negative,3,No,High School,Near,Male,63,0,2,0,1,0,1,-1.498350246719193,0.34837540699138664
14,97,Medium,Medium,Yes,5,83,Medium,0,Low,Medium,Positive,2,No,High School,Near,Female,68,1,1,0,1,0,1,-0.9975273084355315,1.474247856172905
17,90,Medium,Medium,No,7,83,Low,5,Medium,High,Negative,3,Yes,High School,Near,Male,68,1,0,0,1,0,1,-0.49670437015187013,0.8680088450751643
8,87,High,High,No,9,97,Low,2,Low,Medium,Positive,3,No,High School,Near,Male,67,2,0,0,1,0,1,-1.9991731850028542,0.6081921260332754
20,83,High,Low,Yes,8,66,Medium,1,High,Medium,Neutral,3,Yes,College,Near,Female,67,2,1,1,0,0,1,0.0041185681317912485,0.26176983397742365
19,80,High,High,Yes,7,67,Medium,2,Low,High,Neutral,2,Yes,Postgraduate,Near,Female,68,2,1,0,1,0,1,-0.16282241129609587,0.0019531149355348125
10,67,High,Medium,Yes,8,92,Medium,1,Medium,High,Negative,4,No,Postgraduate,Near,Male,65,2,1,0,1,0,1,-1.66529122614708,-1.1239193342459837
22,96,Low,High,Yes,7,99,High,4,Low,Medium,Positive,4,No,College,Moderate,Male,74,0,2,0,1,0,1,0.3380005269875655,1.3876422831589421
24,70,Medium,High,Yes,9,52,High,1,Low,Medium,Positive,2,No,Postgraduate,Moderate,Male,85,1,2,0,1,0,1,0.6718824858433398,-0.8641026152040947
21,64,Medium,Medium,No,9,82,Medium,2,Low,Medium,Neutral,3,No,College,Moderate,Male,64,1,1,0,1,0,1,0.17105954755967837,-1.3837360532878724
18,90,Low,Medium,Yes,5,62,High,3,Medium,Medium,Neutral,2,No,High School,Moderate,Female,67,0,2,1,0,0,1,-0.329763390723983,0.8680088450751643
24,67,High,High,Yes,9,86,Medium,2,Medium,Medium,Negative,2,No,College,Near,Female,68,2,1,0,1,0,1,0.6718824858433398,-1.1239193342459837
24,75,Low,Medium,Yes,10,89,Low,0,Medium,High,Positive,3,No,College,Near,Female,67,0,0,1,0,0,1,0.6718824858433398,-0.4310747501342799
22,61,High,Medium,No,8,88,Low,1,Medium,High,Neutral,4,No,High School,Near,Female,65,2,0,0,1,0,1,0.3380005269875655,-1.6435527723297614
15,65,High,High,Yes,8,72,Low,2,Low,Medium,Neutral,2,Yes,Postgraduate,Far,Male,63,2,0,1,0,0,1,-0.8305863290076444,-1.2971304802739094
22,67,Medium,Medium,Yes,6,58,Medium,1,Low,Medium,Neutral,2,No,Postgraduate,Near,Male,64,1,1,0,1,0,1,0.3380005269875655,-1.1239193342459837
27,62,Low,Low,Yes,6,79,Medium,0,Low,Medium,Negative,3,No,College,Moderate,Male,62,0,1,1,0,0,1,1.1727054241270012,-1.5569471993157984
16,86,Low,High,Yes,7,89,Low,1,Medium,Low,Positive,2,No,Postgraduate,Near,Female,68,0,0,0,1,0,1,-0.6636453495797573,0.5215865530193126
33,93,Medium,Medium,Yes,6,96,High,0,Low,Medium,Positive,4,No,Postgraduate,Far,Female,75,1,2,1,0,0,1,2.174351300694324,1.1278255641170531
17,75,Medium,Low,No,5,73,High,0,Low,Medium,Neutral,4,No,High School,Near,Female,63,1,2,1,0,0,1,-0.49670437015187013,-0.4310747501342799
20,95,Medium,Low,Yes,7,62,Low,2,Low,Medium,Neutral,4,No,College,Moderate,Male,68,1,0,0,1,0,1,0.0041185681317912485,1.3010367101449791
16,69,Medium,Medium,No,8,56,Low,2,Medium,Medium,Neutral,3,No,Postgraduate,Near,Male,63,1,0,1,0,0,1,-0.6636453495797573,-0.9507081882180577
21,73,High,High,No,5,90,Medium,0,Medium,Medium,Neutral,2,No,College,Near,Female,68,2,1,0,1,0,1,0.17105954755967837,-0.6042858961622058
10,66,Medium,High,No,7,77,Medium,0,Medium,High,Positive,2,No,High School,Near,Male,62,1,1,0,1,0,1,-1.66529122614708,-1.2105249072599464
17,85,Low,Medium,Yes,7,84,Medium,3,Medium,Medium,Positive,2,No,College,Far,Female,67,0,1,0,1,0,1,-0.49670437015187013,0.43498098000534957
13,77,High,High,No,7,58,Medium,2,Low,Medium,Positive,3,No,High School,Near,Male,66,2,1,0,1,0,1,-1.1644682878634187,-0.25786360410635406
21,85,Medium,Medium,No,8,50,Low,1,Medium,High,Neutral,2,No,High School,Far,Male,65,1,0,1,0,0,1,0.17105954755967837,0.43498098000534957
26,90,Medium,Medium,Yes,8,98,Medium,0,Low,Low,Negative,3,Yes,Postgraduate,Moderate,Female,69,1,1,1,0,0,1,1.005764444699114,0.8680088450751643
24,82,High,Medium,No,6,91,Medium,2,High,Medium,Positive,1,No,High School,Near,Male,70,2,1,0,1,0,1,0.6718824858433398,0.17516426096346072
6,85,High,Medium,Yes,9,70,High,0,Low,Medium,Positive,3,Yes,Postgraduate,Near,Female,64,2,2,0,1,0,1,-2.3330551438586284,0.43498098000534957
32,97,High,Medium,Yes,8,73,Medium,0,High,Medium,Negative,3,No,College,Near,Female,75,2,1,0,1,0,1,2.0074103212664367,1.474247856172905
22,72,Low,Low,Yes,9,96,High,1,Low,Medium,Positive,3,No,College,Near,Male,66,0,2,1,0,0,1,0.3380005269875655,-0.6908914691761688
15,74,Medium,Low,No,7,60,Low,2,Medium,Medium,Positive,3,No,High School,Far,Female,62,1,0,0,1,0,1,-0.8305863290076444,-0.5176803231482429
21,89,Low,Medium,No,7,90,Low,4,High,Medium,Neutral,5,No,Postgraduate,Far,Male,70,0,0,0,1,0,1,0.17105954755967837,0.7814032720612014
21,84,High,High,No,7,51,Medium,0,Medium,Medium,Positive,3,No,High School,Moderate,Male,68,2,1,0,1,0,1,0.17105954755967837,0.34837540699138664
16,67,Medium,High,Yes,9,94,High,1,Medium,Medium,Neutral,2,No,Postgraduate,Near,Female,66,1,2,1,0,0,1,-0.6636453495797573,-1.1239193342459837
21,75,Low,High,Yes,7,79,Medium,0,Low,Medium,Neutral,2,No,High School,Near,Male,65,0,1,0,1,0,1,0.17105954755967837,-0.4310747501342799
16,79,High,Medium,Yes,7,74,High,3,Medium,Medium,Positive,2,No,Postgraduate,Far,Male,68,2,2,1,0,0,1,-0.6636453495797573,-0.08465245807842814
18,77,High,Medium,No,10,85,Low,2,Medium,Medium,Positive,3,No,Postgraduate,Near,Female,68,2,0,0,1,0,1,-0.329763390723983,-0.25786360410635406
16,67,Medium,Medium,Yes,5,53,Low,2,Medium,Medium,Positive,3,No,High School,Moderate,Male,62,1,0,1,0,0,1,-0.6636453495797573,-1.1239193342459837
11,97,Low,Medium,Yes,8,60,Low,2,Low,Medium,Positive,3,No,College,Near,Female,66,0,0,0,1,0,1,-1.498350246719193,1.474247856172905
21,90,Medium,Low,No,7,70,Medium,2,Low,Medium,Negative,2,No,Postgraduate,Near,Female,68,1,1,0,1,0,1,0.17105954755967837,0.8680088450751643
24,79,High,Medium,No,7,81,High,0,High,Medium,Positive,2,No,High School,Moderate,Male,69,2,2,0,1,0,1,0.6718824858433398,-0.08465245807842814
23,87,Medium,Low,No,6,57,Medium,2,High,Medium,Positive,3,Yes,High School,Near,Male,67,1,1,0,1,0,1,0.5049415064154527,0.6081921260332754
25,96,Low,High,Yes,6,69,Low,3,High,Medium,Positive,2,No,Postgraduate,Near,Male,74,0,0,0,1,0,1,0.8388234652712269,1.3876422831589421
22,65,Low,Medium,No,6,63,Medium,2,Medium,Medium,Neutral,3,No,High School,Far,Male,61,0,1,0,1,1,0,0.3380005269875655,-1.2971304802739094
17,70,High,Medium,No,8,82,Low,2,High,High,Negative,2,Yes,High School,Moderate,Female,64,2,0,0,1,0,1,-0.49670437015187013,-0.8641026152040947
25,82,Medium,Medium,No,8,96,Medium,1,Low,Medium,Positive,2,No,High School,Moderate,Female,69,1,1,1,0,0,1,0.8388234652712269,0.17516426096346072
12,92,High,Medium,No,4,58,Low,2,Medium,Medium,Positive,2,Yes,College,Moderate,Male,66,2,0,0,1,0,1,-1.3314092672913058,1.0412199911030902
15,61,Medium,Medium,No,5,59,High,0,Low,High,Neutral,4,No,High School,Near,Female,61,1,2,0,1,0,1,-0.8305863290076444,-1.6435527723297614
14,99,Medium,Medium,Yes,8,80,High,3,Medium,Low,Neutral,4,No,College,Near,Female,71,1,2,1,0,0,1,-0.9975273084355315,1.6474590022008309
26,78,High,High,Yes,8,73,Medium,2,Low,Medium,Positive,4,No,College,Near,Female,71,2,1,1,0,1,0,1.005764444699114,-0.1712580310923911
26,74,Medium,Medium,No,5,86,Low,2,Low,High,Positive,4,No,College,Near,Female,69,1,0,0,1,0,1,1.005764444699114,-0.5176803231482429
23,72,Medium,Medium,Yes,8,64,Low,1,Low,Medium,Neutral,4,No,Postgraduate,Near,Female,66,1,0,0,1,0,1,0.5049415064154527,-0.6908914691761688
26,67,Low,Medium,Yes,7,77,Low,2,Low,High,Neutral,3,Yes,High School,Moderate,Male,64,0,0,1,0,0,1,1.005764444699114,-1.1239193342459837
15,92,Low,Medium,No,8,69,Medium,1,High,Medium,Neutral,4,No,Postgraduate,Near,Male,68,0,1,1,0,0,1,-0.8305863290076444,1.0412199911030902
22,98,High,Medium,Yes,6,64,Low,0,Medium,High,Positive,3,No,High School,Moderate,Female,71,2,0,0,1,0,1,0.3380005269875655,1.5608534291868679
19,77,High,Medium,Yes,5,86,High,0,Medium,Low,Negative,4,Yes,High School,Near,Male,66,2,2,0,1,0,1,-0.16282241129609587,-0.25786360410635406
25,98,Medium,Medium,Yes,7,90,High,1,High,Low,Neutral,4,No,Postgraduate,Near,Male,94,1,2,0,1,0,1,0.8388234652712269,1.5608534291868679
19,93,Low,High,Yes,7,66,Low,1,Medium,Medium,Neutral,3,No,High School,Near,Female,68,0,0,1,0,0,1,-0.16282241129609587,1.1278255641170531
18,79,Medium,Medium,No,7,81,Medium,1,Medium,High,Positive,4,No,College,Moderate,Female,66,1,1,1,0,1,0,-0.329763390723983,-0.08465245807842814
23,87,High,Low,No,6,59,Medium,4,Medium,High,Neutral,2,No,High School,Near,Male,70,2,1,0,1,0,1,0.5049415064154527,0.6081921260332754
25,77,Medium,Medium,No,10,90,Medium,1,Low,Medium,Neutral,3,No,High School,Near,Male,68,1,1,0,1,0,1,0.8388234652712269,-0.25786360410635406
16,82,High,Low,No,4,64,Low,1,Medium,Medium,Neutral,2,No,Postgraduate,Moderate,Male,65,2,0,1,0,0,1,-0.6636453495797573,0.17516426096346072
20,62,Medium,Medium,Yes,6,59,Low,3,Medium,Medium,Positive,4,No,High School,Near,Male,64,1,0,0,1,0,1,0.0041185681317912485,-1.5569471993157984
14,88,High,Medium,Yes,6,97,Medium,0,Low,Medium,Positive,3,No,College,Near,Male,69,2,1,0,1,0,1,-0.9975273084355315,0.6947976990472384
5,62,High,High,No,7,71,Low,1,Low,Medium,Positive,4,No,College,Far,Male,59,2,0,1,0,0,1,-2.4999961232865155,-1.5569471993157984
21,93,Low,Medium,No,8,82,Medium,2,Medium,High,Neutral,4,No,College,Near,Male,70,0,1,1,0,0,1,0.17105954755967837,1.1278255641170531
24,93,High,Low,Yes,8,90,High,0,High,Medium,Negative,2,No,College,Near,Male,72,2,2,1,0,0,1,0.6718824858433398,1.1278255641170531
22,69,Low,Medium,No,9,84,Medium,0,Medium,Medium,Neutral,3,No,College,Moderate,Male,64,0,1,0,1,0,1,0.3380005269875655,-0.9507081882180577
8,73,Medium,High,No,8,78,High,0,Medium,High,Negative,3,No,High School,Near,Male,63,1,2,1,0,0,1,-1.9991731850028542,-0.6042858961622058
18,79,Medium,Medium,Yes,4,69,Medium,2,High,Low,Positive,3,No,College,Near,Male,67,1,1,1,0,0,1,-0.329763390723983,-0.08465245807842814
7,84,Medium,Medium,Yes,5,96,Medium,1,Low,Low,Positive,3,Yes,High School,Near,Male,62,1,1,0,1,1,0,-2.1661141644307413,0.34837540699138664
28,71,Medium,Medium,Yes,9,57,High,1,Low,High,Neutral,4,No,Postgraduate,Near,Female,69,1,2,0,1,0,1,1.3396464035548883,-0.7774970421901317
13,84,Medium,Medium,Yes,9,94,Medium,3,Medium,Medium,Negative,2,Yes,High School,Near,Male,66,1,1,0,1,0,1,-1.1644682878634187,0.34837540699138664
28,72,Low,Low,No,8,85,High,4,Low,Medium,Negative,2,No,High School,Near,Female,66,0,2,1,0,0,1,1.3396464035548883,-0.6908914691761688
26,62,Low,Medium,No,6,79,Medium,1,Low,Medium,Positive,3,Yes,College,Near,Female,63,0,1,0,1,0,1,1.005764444699114,-1.5569471993157984
15,60,Medium,Medium,No,7,66,High,2,High,Medium,Neutral,4,No,High School,Near,Male,62,1,2,0,1,0,1,-0.8305863290076444,-1.7301583453437241
13,64,Medium,High,No,6,57,Low,1,Low,Low,Neutral,3,Yes,High School,Moderate,Female,58,1,0,0,1,0,1,-1.1644682878634187,-1.3837360532878724
22,92,Medium,Low,No,5,72,Low,0,Medium,Medium,Negative,4,No,College,Moderate,Male,67,1,0,1,0,0,1,0.3380005269875655,1.0412199911030902
15,98,Medium,Medium,Yes,7,89,Low,2,Low,Low,Neutral,3,No,College,Moderate,Male,68,1,0,0,1,1,0,-0.8305863290076444,1.5608534291868679
21,77,High,Medium,No,10,87,Low,1,Low,Medium,Neutral,3,No,College,Near,Male,67,2,0,0,1,0,1,0.17105954755967837,-0.25786360410635406
17,81,Medium,Medium,No,6,82,Medium,3,Low,Medium,Neutral,4,No,College,Near,Male,67,1,1,1,0,0,1,-0.49670437015187013,0.08855868794949777
9,66,Low,Medium,No,9,100,Low,3,Medium,Medium,Neutral,3,No,College,Near,Male,62,0,0,0,1,0,1,-1.8322322055749671,-1.2105249072599464
7,82,Medium,High,Yes,6,99,Medium,2,Medium,High,Negative,2,No,Postgraduate,Moderate,Male,66,1,1,0,1,0,1,-2.1661141644307413,0.17516426096346072
21,66,Medium,Medium,Yes,5,70,Medium,1,Low,High,Positive,5,No,High School,Near,Female,65,1,1,1,0,0,1,0.17105954755967837,-1.2105249072599464
17,84,Medium,High,Yes,8,60,Medium,0,Low,Low,Positive,5,No,College,Near,Female,67,1,1,1,0,0,1,-0.49670437015187013,0.34837540699138664
17,97,Medium,Low,No,7,73,High,1,Medium,High,Neutral,4,No,College,Near,Male,69,1,2,1,0,1,0,-0.49670437015187013,1.474247856172905
24,68,Medium,High,Yes,9,92,Low,1,Low,High,Positive,2,No,High School,Near,Male,67,1,0,0,1,0,1,0.6718824858433398,-1.0373137612320207
27,91,Low,Medium,Yes,9,73,Low,0,Low,Medium,Neutral,3,No,College,Near,Male,69,0,0,1,0,0,1,1.1727054241270012,0.9546144180891273
18,61,Medium,Low,No,7,67,Low,2,High,Medium,Positive,4,No,High School,Near,Male,62,1,0,0,1,0,1,-0.329763390723983,-1.6435527723297614
18,75,Medium,Medium,Yes,9,87,Low,3,Low,Medium,Negative,3,No,Postgraduate,Near,Female,67,1,0,0,1,0,1,-0.329763390723983,-0.4310747501342799
23,64,Medium,Low,Yes,6,83,Medium,0,Medium,Medium,Neutral,3,No,High School,Moderate,Male,63,1,1,0,1,0,1,0.5049415064154527,-1.3837360532878724
12,74,Medium,Medium,No,6,98,High,2,Low,Medium,Neutral,3,No,College,Near,Male,65,1,2,0,1,0,1,-1.3314092672913058,-0.5176803231482429
21,67,Medium,Medium,Yes,9,77,Medium,3,High,Low,Neutral,3,No,College,Moderate,Female,66,1,1,0,1,0,1,0.17105954755967837,-1.1239193342459837
23,75,Medium,High,Yes,5,98,Medium,3,Medium,High,Positive,1,No,College,Near,Female,71,1,1,0,1,0,1,0.5049415064154527,-0.4310747501342799
24,77,Low,High,Yes,7,65,High,1,Medium,High,Positive,4,No,Postgraduate,Near,Male,70,0,2,1,0,0,1,0.6718824858433398,-0.25786360410635406
8,72,High,High,Yes,9,93,High,4,Medium,Medium,Positive,4,No,High School,Near,Male,68,2,2,0,1,0,1,-1.9991731850028542,-0.6908914691761688
15,86,High,Medium,Yes,9,68,High,0,Medium,Low,Neutral,3,No,High School,Near,Male,67,2,2,0,1,0,1,-0.8305863290076444,0.5215865530193126
15,97,Medium,High,No,6,90,High,2,High,High,Neutral,0,No,High School,Near,Male,71,1,2,1,0,0,1,-0.8305863290076444,1.474247856172905
21,76,Low,Medium,Yes,9,96,Medium,1,Low,Low,Negative,5,No,High School,Near,Male,65,0,1,0,1,0,1,0.17105954755967837,-0.344469177120317
23,68,Low,Medium,Yes,5,81,Low,1,Low,Low,Neutral,2,No,Postgraduate,Near,Male,64,0,0,0,1,0,1,0.5049415064154527,-1.0373137612320207
29,71,Medium,Medium,Yes,6,86,Medium,1,Low,Medium,Positive,2,No,College,Near,Female,69,1,1,0,1,0,1,1.5065873829827754,-0.7774970421901317
17,94,Medium,Low,Yes,7,98,Low,1,Medium,High,Negative,2,No,High School,Near,Male,68,1,0,0,1,0,1,-0.49670437015187013,1.2144311371310161
17,83,Medium,Low,Yes,8,69,Low,4,Low,High,Neutral,3,No,College,Near,Male,67,1,0,0,1,0,1,-0.49670437015187013,0.26176983397742365
27,78,Medium,Medium,Yes,5,76,High,1,Medium,Medium,Positive,4,No,Postgraduate,Near,Male,71,1,2,1,0,0,1,1.1727054241270012,-0.1712580310923911
22,66,Medium,Low,Yes,10,95,Medium,1,Medium,Medium,Negative,3,No,High School,Near,Male,64,1,1,1,0,0,1,0.3380005269875655,-1.2105249072599464
28,78,Medium,High,Yes,4,84,Medium,2,Low,Low,Negative,3,No,College,Far,Female,69,1,1,0,1,0,1,1.3396464035548883,-0.1712580310923911
22,71,Medium,High,Yes,7,94,Medium,1,Medium,Medium,Neutral,4,No,High School,Near,Male,68,1,1,0,1,0,1,0.3380005269875655,-0.7774970421901317
13,98,High,Low,Yes,7,81,Medium,1,Medium,Low,Negative,3,No,Postgraduate,Near,Male,69,2,1,1,0,0,1,-1.1644682878634187,1.5608534291868679
12,95,Medium,Medium,No,4,87,Medium,0,Low,Medium,Positive,3,No,High School,Moderate,Male,67,1,1,0,1,0,1,-1.3314092672913058,1.3010367101449791
11,63,Medium,High,Yes,9,51,High,0,Low,Low,Negative,3,Yes,College,Moderate,Male,58,1,2,0,1,0,1,-1.498350246719193,-1.4703416263018354
24,81,Low,Medium,Yes,6,67,High,0,Medium,High,Negative,2,No,High School,Far,Male,66,0,2,0,1,0,1,0.6718824858433398,0.08855868794949777
27,69,Medium,High,Yes,7,89,Low,2,High,High,Neutral,1,No,High School,Moderate,Male,69,1,0,1,0,0,1,1.1727054241270012,-0.9507081882180577
31,76,Medium,High,Yes,7,70,Low,3,Low,Medium,Neutral,3,No,College,Moderate,Male,70,1,0,0,1,0,1,1.8404693418385496,-0.344469177120317
25,95,Medium,Low,Yes,5,68,Medium,1,Medium,High,Positive,3,No,High School,Far,Male,70,1,1,0,1,0,1,0.8388234652712269,1.3010367101449791
27,81,Medium,Low,Yes,5,98,Medium,0,High,Medium,Positive,3,No,High School,Near,Male,70,1,1,0,1,0,1,1.1727054241270012,0.08855868794949777
17,73,High,High,No,9,78,Medium,0,Low,High,Negative,3,No,Postgraduate,Moderate,Female,66,2,1,0,1,0,1,-0.49670437015187013,-0.6042858961622058
13,68,Low,High,No,7,60,Medium,1,Medium,Low,Positive,3,No,College,Moderate,Female,61,0,1,1,0,0,1,-1.1644682878634187,-1.0373137612320207
25,92,Medium,Medium,Yes,4,74,Medium,3,Low,High,Positive,2,Yes,High School,Moderate,Female,71,1,1,0,1,0,1,0.8388234652712269,1.0412199911030902
23,85,High,Low,Yes,7,76,High,2,Low,Medium,Neutral,3,No,College,Near,Female,69,2,2,0,1,0,1,0.5049415064154527,0.43498098000534957
21,79,Medium,Medium,Yes,7,99,Medium,2,Low,Medium,Positive,2,No,Postgraduate,Near,Male,69,1,1,0,1,0,1,0.17105954755967837,-0.08465245807842814
22,69,High,Medium,No,7,86,Low,0,Medium,Medium,Neutral,1,No,High School,Near,Female,65,2,0,0,1,0,1,0.3380005269875655,-0.9507081882180577
22,73,High,High,Yes,4,76,High,3,Medium,Medium,Negative,4,No,College,Far,Male,69,2,2,0,1,0,1,0.3380005269875655,-0.6042858961622058
28,98,Medium,High,Yes,7,72,Medium,1,Low,High,Positive,2,No,College,Near,Male,74,1,1,1,0,0,1,1.3396464035548883,1.5608534291868679
28,81,Medium,Medium,Yes,6,96,High,2,Low,Medium,Positive,5,No,High School,Moderate,Male,71,1,2,1,0,0,1,1.3396464035548883,0.08855868794949777
23,76,High,Medium,No,7,82,High,0,Medium,High,Neutral,1,No,College,Near,Male,68,2,2,1,0,0,1,0.5049415064154527,-0.344469177120317
25,81,High,High,Yes,8,68,Low,0,Low,High,Neutral,3,No,College,Moderate,Female,69,2,0,0,1,0,1,0.8388234652712269,0.08855868794949777
23,91,Low,Medium,Yes,8,73,Medium,3,Medium,Medium,Negative,5,No,High School,Far,Male,68,0,1,0,1,1,0,0.5049415064154527,0.9546144180891273
17,74,Medium,Low,No,9,64,Medium,2,Medium,Medium,Neutral,3,No,High School,Near,Male,63,1,1,0,1,0,1,-0.49670437015187013,-0.5176803231482429
25,67,Medium,Medium,Yes,10,98,High,0,High,Medium,Positive,2,No,High School,Near,Male,68,1,2,0,1,0,1,0.8388234652712269,-1.1239193342459837
12,83,High,Medium,Yes,5,85,Medium,2,Low,High,Negative,2,No,College,Near,Male,67,2,1,1,0,0,1,-1.3314092672913058,0.26176983397742365
26,87,Medium,High,No,6,70,Low,3,Medium,Medium,Neutral,3,No,College,Moderate,Male,71,1,0,0,1,0,1,1.005764444699114,0.6081921260332754
13,89,High,High,No,8,59,Low,0,Low,High,Neutral,2,No,Postgraduate,Moderate,Male,66,2,0,0,1,0,1,-1.1644682878634187,0.7814032720612014
22,95,High,Medium,No,7,59,Medium,2,Low,Medium,Negative,3,Yes,High School,Near,Male,69,2,1,0,1,0,1,0.3380005269875655,1.3010367101449791
15,75,High,Medium,Yes,4,74,Medium,3,Medium,High,Positive,4,No,College,Near,Female,68,2,1,0,1,0,1,-0.8305863290076444,-0.4310747501342799
23,63,Medium,Medium,No,7,73,Low,1,Low,Medium,Neutral,3,No,College,Moderate,Male,63,1,0,0,1,0,1,0.5049415064154527,-1.4703416263018354
20,98,Medium,Medium,No,9,71,Medium,0,Low,Medium,Negative,4,No,College,Moderate,Male,69,1,1,0,1,0,1,0.0041185681317912485,1.5608534291868679
10,77,Low,High,Yes,5,93,Medium,3,Low,Medium,Positive,3,No,College,Near,Female,66,0,1,0,1,0,1,-1.66529122614708,-0.25786360410635406
23,85,Medium,Medium,Yes,7,99,High,1,Low,High,Neutral,5,No,College,Near,Female,71,1,2,0,1,0,1,0.5049415064154527,0.43498098000534957
17,87,Medium,High,No,4,68,Medium,2,Low,Low,Positive,4,No,Postgraduate,Moderate,Male,68,1,1,0,1,0,1,-0.49670437015187013,0.6081921260332754
25,82,Medium,Medium,Yes,8,65,Medium,0,High,Medium,Neutral,4,No,High School,Near,Male,69,1,1,1,0,0,1,0.8388234652712269,0.17516426096346072
20,68,Medium,Medium,Yes,7,89,Medium,0,Medium,High,Positive,3,No,High School,Far,Female,65,1,1,1,0,0,1,0.0041185681317912485,-1.0373137612320207
22,90,Medium,Low,Yes,6,72,Medium,0,Low,Medium,Neutral,4,No,College,Near,Male,68,1,1,0,1,0,1,0.3380005269875655,0.8680088450751643
14,92,High,Medium,Yes,6,61,High,0,Low,Medium,Neutral,2,No,College,Moderate,Male,67,2,2,1,0,0,1,-0.9975273084355315,1.0412199911030902
16,82,Medium,Medium,No,5,59,Medium,1,Medium,Medium,Positive,3,No,High School,Near,Male,65,1,1,0,1,0,1,-0.6636453495797573,0.17516426096346072
17,80,Low,Medium,Yes,9,64,Medium,1,Low,Medium,Positive,4,No,Postgraduate,Far,Female,65,0,1,1,0,0,1,-0.49670437015187013,0.0019531149355348125
25,65,Medium,Low,Yes,6,50,Medium,2,Low,Medium,Positive,2,No,College,Near,Female,64,1,1,0,1,0,1,0.8388234652712269,-1.2971304802739094
30,63,High,High,No,8,97,Medium,1,Low,High,Neutral,3,No,High School,Near,Female,69,2,1,0,1,0,1,1.6735283624106625,-1.4703416263018354
15,74,High,Low,No,6,72,Low,2,Low,Medium,Positive,3,No,High School,Near,Male,64,2,0,0,1,0,1,-0.8305863290076444,-0.5176803231482429
26,72,Medium,Medium,No,10,54,Medium,2,High,High,Neutral,2,No,College,Moderate,Male,66,1,1,0,1,1,0,1.005764444699114,-0.6908914691761688
7,98,Medium,Low,Yes,9,58,Medium,2,Medium,Medium,Neutral,5,Yes,College,Near,Male,65,1,1,1,0,0,1,-2.1661141644307413,1.5608534291868679
13,91,High,Medium,Yes,10,66,Medium,2,Medium,Medium,Positive,4,No,High School,Near,Female,69,2,1,0,1,0,1,-1.1644682878634187,0.9546144180891273
14,86,Low,Medium,Yes,10,78,Medium,3,Medium,High,Negative,4,Yes,High School,Near,Female,66,0,1,1,0,0,1,-0.9975273084355315,0.5215865530193126
12,81,Medium,Medium,Yes,6,85,High,0,Low,Medium,Positive,2,Yes,High School,Near,Male,64,1,2,1,0,0,1,-1.3314092672913058,0.08855868794949777
10,67,Medium,Medium,Yes,6,65,Medium,1,Medium,High,Negative,4,No,High School,Near,Female,61,1,1,0,1,0,1,-1.66529122614708,-1.1239193342459837
22,99,Medium,Medium,No,10,98,Low,1,Medium,Medium,Neutral,1,No,College,Near,Male,72,1,0,1,0,0,1,0.3380005269875655,1.6474590022008309
19,75,Medium,Medium,Yes,7,88,Low,1,Medium,Medium,Positive,3,No,Postgraduate,Moderate,Male,67,1,0,1,0,0,1,-0.16282241129609587,-0.4310747501342799
22,64,Low,Medium,Yes,8,91,Low,0,Low,Medium,Neutral,4,No,College,Moderate,Female,63,0,0,0,1,0,1,0.3380005269875655,-1.3837360532878724
24,80,Medium,High,No,6,66,High,1,Medium,Medium,Neutral,3,No,College,Moderate,Male,69,1,2,0,1,0,1,0.6718824858433398,0.0019531149355348125
22,95,Low,High,Yes,6,69,High,3,Medium,Medium,Neutral,2,Yes,Postgraduate,Far,Male,70,0,2,0,1,0,1,0.3380005269875655,1.3010367101449791
24,95,Medium,High,Yes,8,77,Low,1,Low,Medium,Positive,3,Yes,High School,Near,Male,71,1,0,0,1,0,1,0.6718824858433398,1.3010367101449791
20,60,Medium,Low,Yes,4,73,Medium,0,Low,Low,Neutral,1,No,Postgraduate,Moderate,Female,60,1,1,0,1,0,1,0.0041185681317912485,-1.7301583453437241
13,95,Medium,High,Yes,8,63,Medium,3,Medium,Medium,Neutral,2,No,Postgraduate,Near,Female,70,1,1,1,0,0,1,-1.1644682878634187,1.3010367101449791
26,71,Low,High,No,8,100,Low,1,Low,High,Positive,4,No,College,Near,Female,69,0,0,1,0,0,1,1.005764444699114,-0.7774970421901317
16,62,Medium,High,No,6,92,Medium,0,Medium,Medium,Positive,4,No,High School,Near,Female,63,1,1,1,0,1,0,-0.6636453495797573,-1.5569471993157984
14,94,Medium,Medium,Yes,7,62,High,2,Medium,High,Negative,1,No,Postgraduate,Near,Male,69,1,2,1,0,0,1,-0.9975273084355315,1.2144311371310161
19,95,Medium,Medium,Yes,7,95,High,0,Medium,High,Negative,2,No,College,Near,Male,71,1,2,1,0,0,1,-0.16282241129609587,1.3010367101449791
15,84,Medium,High,Yes,7,79,Medium,1,Medium,High,Neutral,4,No,High School,Near,Female,68,1,1,0,1,0,1,-0.8305863290076444,0.34837540699138664
17,83,Medium,High,No,8,51,Low,0,Low,Medium,Negative,4,No,High School,Moderate,Male,64,1,0,0,1,0,1,-0.49670437015187013,0.26176983397742365
22,93,Low,Medium,No,6,67,Medium,0,Medium,Medium,Neutral,3,No,College,Near,Female,68,0,1,0,1,0,1,0.3380005269875655,1.1278255641170531
22,91,Low,Medium,Yes,10,51,High,2,High,Medium,Neutral,3,No,High School,Near,Female,69,0,2,0,1,0,1,0.3380005269875655,0.9546144180891273
15,96,Medium,Low,No,7,54,Low,0,Low,Medium,Neutral,3,No,College,Near,Female,65,1,0,0,1,0,1,-0.8305863290076444,1.3876422831589421
17,82,Medium,Medium,Yes,7,59,Medium,3,Medium,Medium,Positive,4,No,College,Near,Male,68,1,1,0,1,0,1,-0.49670437015187013,0.17516426096346072
26,99,Medium,High,Yes,10,74,Medium,1,Medium,Medium,Neutral,2,No,College,Near,Male,74,1,1,1,0,0,1,1.005764444699114,1.6474590022008309
23,100,High,Low,Yes,4,69,Low,0,Low,High,Positive,4,No,Postgraduate,Near,Female,72,2,0,0,1,0,1,0.5049415064154527,1.7340645752147938
32,65,High,Medium,No,10,57,Medium,1,High,Medium,Negative,2,No,High School,Near,Female,67,2,1,1,0,0,1,2.0074103212664367,-1.2971304802739094
27,94,High,High,Yes,7,70,Low,1,Medium,High,Neutral,2,No,High School,Moderate,Female,73,2,0,0,1,0,1,1.1727054241270012,1.2144311371310161
27,80,Medium,Medium,No,6,65,High,1,High,Medium,Neutral,4,No,College,Moderate,Male,68,1,2,1,0,1,0,1.1727054241270012,0.0019531149355348125
12,76,Medium,Low,Yes,5,71,Low,0,Medium,Medium,Negative,4,No,High School,Near,Male,61,1,0,0,1,0,1,-1.3314092672913058,-0.344469177120317
25,85,High,High,No,5,59,Medium,3,Low,Medium,Neutral,4,No,High School,Near,Female,70,2,1,0,1,0,1,0.8388234652712269,0.43498098000534957
20,62,Medium,Low,Yes,6,80,High,1,Medium,High,Neutral,3,No,College,Moderate,Female,62,1,2,0,1,1,0,0.0041185681317912485,-1.5569471993157984
17,80,Medium,Medium,Yes,7,52,High,2,Medium,Medium,Neutral,3,No,Postgraduate,Near,Female,67,1,2,1,0,0,1,-0.49670437015187013,0.0019531149355348125
21,95,Low,High,Yes,8,69,Medium,0,Low,High,Negative,3,No,Postgraduate,Near,Male,69,0,1,0,1,1,0,0.17105954755967837,1.3010367101449791
26,69,High,High,No,7,95,Low,0,Medium,Medium,Negative,3,No,Postgraduate,Near,Female,93,2,0,0,1,1,0,1.005764444699114,-0.9507081882180577
23,77,Medium,High,No,6,71,Low,3,Medium,Low,Positive,4,No,High School,Moderate,Male,68,1,0,1,0,0,1,0.5049415064154527,-0.25786360410635406
15,98,Medium,Medium,Yes,9,72,Medium,1,Low,High,Neutral,2,No,College,Near,Female,69,1,1,0,1,0,1,-0.8305863290076444,1.5608534291868679
24,77,Medium,Medium,Yes,10,53,High,2,High,Medium,Neutral,4,No,College,Moderate,Male,68,1,2,0,1,0,1,0.6718824858433398,-0.25786360410635406
16,74,Medium,High,No,9,80,Low,0,Medium,Medium,Negative,5,No,High School,Near,Male,64,1,0,0,1,0,1,-0.6636453495797573,-0.5176803231482429
21,78,High,Medium,Yes,6,97,Medium,0,Medium,Medium,Positive,2,No,High School,Near,Female,69,2,1,0,1,0,1,0.17105954755967837,-0.1712580310923911
18,81,Medium,Medium,No,8,65,Low,2,Low,Medium,Neutral,4,No,Postgraduate,Near,Male,66,1,0,0,1,0,1,-0.329763390723983,0.08855868794949777
19,85,Medium,Medium,No,8,70,Low,4,High,Medium,Neutral,3,No,High School,Moderate,Male,68,1,0,0,1,0,1,-0.16282241129609587,0.43498098000534957
25,92,Medium,Medium,Yes,9,79,Medium,3,Medium,High,Negative,4,No,College,Moderate,Male,72,1,1,0,1,0,1,0.8388234652712269,1.0412199911030902
14,78,High,Medium,No,6,55,Low,2,Low,Medium,Neutral,2,No,High School,Near,Female,63,2,0,1,0,0,1,-0.9975273084355315,-0.1712580310923911
32,93,High,Medium,No,6,98,Medium,0,Medium,Medium,Neutral,4,Yes,High School,Near,Male,73,2,1,0,1,0,1,2.0074103212664367,1.1278255641170531
9,81,High,Medium,Yes,9,73,Medium,1,Medium,Medium,Negative,1,No,Postgraduate,Near,Male,65,2,1,0,1,0,1,-1.8322322055749671,0.08855868794949777
16,74,High,High,Yes,8,56,Low,1,Low,Medium,Positive,2,No,High School,Near,Female,65,2,0,1,0,0,1,-0.6636453495797573,-0.5176803231482429
22,86,Low,Medium,Yes,5,67,Medium,0,High,Medium,Positive,2,No,College,Near,Male,68,0,1,0,1,0,1,0.3380005269875655,0.5215865530193126
24,89,High,Medium,No,8,69,Low,3,High,Medium,Neutral,2,No,College,Near,Male,70,2,0,0,1,1,0,0.6718824858433398,0.7814032720612014
19,82,Medium,Medium,No,10,67,Medium,0,Low,Low,Positive,2,No,Postgraduate,Far,Male,65,1,1,0,1,0,1,-0.16282241129609587,0.17516426096346072
20,62,High,Medium,Yes,6,85,Medium,2,Medium,Medium,Neutral,3,No,College,Near,Female,66,2,1,0,1,0,1,0.0041185681317912485,-1.5569471993157984
22,67,Medium,High,Yes,6,67,High,1,Low,Medium,Neutral,1,No,College,Near,Male,66,1,2,1,0,0,1,0.3380005269875655,-1.1239193342459837
19,71,Medium,High,Yes,7,66,Low,2,Low,Medium,Neutral,3,No,High School,Near,Female,65,1,0,0,1,0,1,-0.16282241129609587,-0.7774970421901317
28,71,Medium,High,No,8,66,Medium,2,Low,Medium,Positive,3,No,College,Near,Male,69,1,1,1,0,0,1,1.3396464035548883,-0.7774970421901317
25,87,Low,High,Yes,7,89,Medium,1,Low,Medium,Neutral,4,Yes,High School,Near,Female,69,0,1,0,1,0,1,0.8388234652712269,0.6081921260332754
25,61,Medium,High,No,9,65,Medium,2,Medium,Medium,Neutral,4,Yes,High School,Moderate,Female,64,1,1,1,0,0,1,0.8388234652712269,-1.6435527723297614
14,90,Medium,Medium,Yes,7,51,Medium,1,Medium,Medium,Positive,4,Yes,High School,Near,Female,66,1,1,0,1,0,1,-0.9975273084355315,0.8680088450751643
20,71,Low,Medium,Yes,9,68,Medium,1,Low,Medium,Positive,3,No,High School,Far,Male,63,0,1,1,0,0,1,0.0041185681317912485,-0.7774970421901317
18,72,High,Medium,Yes,6,64,Medium,4,Low,Medium,Positive,3,No,Postgraduate,Near,Female,68,2,1,0,1,0,1,-0.329763390723983,-0.6908914691761688
14,81,High,Medium,Yes,5,95,Low,2,Low,High,Positive,3,No,High School,Near,Male,68,2,0,0,1,0,1,-0.9975273084355315,0.08855868794949777
22,69,High,Medium,No,6,74,High,1,Medium,Low,Negative,3,Yes,College,Near,Female,65,2,2,0,1,0,1,0.3380005269875655,-0.9507081882180577
17,95,High,Medium,No,5,62,High,1,Medium,Medium,Positive,3,No,High School,Moderate,Male,69,2,2,1,0,0,1,-0.49670437015187013,1.3010367101449791
24,63,Medium,Medium,No,8,99,Low,2,Low,High,Neutral,1,No,Postgraduate,Near,Female,66,1,0,0,1,0,1,0.6718824858433398,-1.4703416263018354
14,78,Medium,Medium,No,4,62,Medium,1,Low,Medium,Neutral,4,No,College,Near,Male,63,1,1,0,1,0,1,-0.9975273084355315,-0.1712580310923911
30,94,Low,Medium,Yes,6,88,Low,2,Low,Medium,Neutral,3,Yes,College,Near,Female,72,0,0,1,0,0,1,1.6735283624106625,1.2144311371310161
15,85,High,Medium,No,7,82,High,2,Medium,Medium,Negative,4,No,High School,Far,Male,67,2,2,0,1,0,1,-0.8305863290076444,0.43498098000534957
21,72,High,High,No,5,73,Medium,1,Medium,Medium,Neutral,3,No,High School,Near,Male,67,2,1,0,1,0,1,0.17105954755967837,-0.6908914691761688
25,77,High,Medium,Yes,7,70,Medium,0,Medium,Medium,Neutral,5,No,High School,Near,Male,68,2,1,0,1,0,1,0.8388234652712269,-0.25786360410635406
17,88,High,High,Yes,7,94,Medium,2,Medium,High,Positive,3,No,High School,Near,Male,71,2,1,0,1,1,0,-0.49670437015187013,0.6947976990472384
25,99,Medium,High,No,9,74,Medium,1,Medium,High,Negative,3,No,High School,Near,Male,73,1,1,1,0,0,1,0.8388234652712269,1.6474590022008309
13,96,Medium,Medium,No,5,69,Medium,2,Medium,Low,Positive,3,No,High School,Near,Male,68,1,1,0,1,0,1,-1.1644682878634187,1.3876422831589421
29,74,High,Medium,No,8,68,Medium,0,Medium,High,Positive,4,No,High School,Near,Female,69,2,1,0,1,0,1,1.5065873829827754,-0.5176803231482429
20,100,Medium,Medium,Yes,8,64,Medium,0,Low,Medium,Neutral,2,No,High School,Moderate,Male,69,1,1,0,1,0,1,0.0041185681317912485,1.7340645752147938
16,60,Medium,High,No,7,70,Low,3,High,High,Negative,4,No,High School,Near,Female,63,1,0,1,0,0,1,-0.6636453495797573,-1.7301583453437241
18,61,Medium,Medium,Yes,6,56,Medium,3,Low,Medium,Neutral,3,No,High School,Moderate,Male,62,1,1,0,1,0,1,-0.329763390723983,-1.6435527723297614
25,93,Medium,Medium,Yes,5,53,Medium,0,High,Medium,Neutral,5,No,College,Moderate,Female,70,1,1,1,0,0,1,0.8388234652712269,1.1278255641170531
16,68,High,Medium,No,10,77,Medium,1,High,Medium,Positive,3,No,Postgraduate,Near,Male,66,2,1,0,1,0,1,-0.6636453495797573,-1.0373137612320207
16,62,Medium,Medium,No,7,73,Low,3,High,Medium,Negative,3,No,High School,Near,Female,62,1,0,0,1,0,1,-0.6636453495797573,-1.5569471993157984
19,69,Medium,High,Yes,7,59,Low,2,Low,Low,Neutral,2,No,Postgraduate,Moderate,Female,64,1,0,1,0,0,1,-0.16282241129609587,-0.9507081882180577
13,77,Medium,Medium,Yes,10,55,Low,2,Low,Medium,Positive,3,No,College,Moderate,Male,63,1,0,1,0,0,1,-1.1644682878634187,-0.25786360410635406
31,89,Medium,Medium,Yes,7,57,Medium,1,High,Low,Positive,2,No,College,Moderate,Female,71,1,1,0,1,0,1,1.8404693418385496,0.7814032720612014
17,85,High,Medium,Yes,10,66,Medium,1,High,Medium,Neutral,1,Yes,Postgraduate,Moderate,Male,67,2,1,0,1,0,1,-0.49670437015187013,0.43498098000534957
25,70,Low,High,Yes,5,73,Medium,2,Medium,Medium,Neutral,1,No,Postgraduate,Near,Male,67,0,1,1,0,0,1,0.8388234652712269,-0.8641026152040947
21,80,Low,High,Yes,7,60,Medium,1,Medium,High,Positive,2,No,College,Moderate,Male,67,0,1,0,1,0,1,0.17105954755967837,0.0019531149355348125
14,97,Low,Medium,Yes,5,88,Medium,2,High,Medium,Positive,3,No,Postgraduate,Near,Male,71,0,1,0,1,0,1,-0.9975273084355315,1.474247856172905
20,93,High,Medium,No,7,60,High,0,Low,High,Neutral,3,No,High School,Near,Male,69,2,2,0,1,0,1,0.0041185681317912485,1.1278255641170531
25,73,Medium,Medium,Yes,7,56,Medium,2,High,Medium,Neutral,4,No,High School,Near,Female,93,1,1,0,1,0,1,0.8388234652712269,-0.6042858961622058
19,99,High,Medium,Yes,6,100,Medium,1,Low,Medium,Positive,1,No,High School,Moderate,Male,72,2,1,1,0,0,1,-0.16282241129609587,1.6474590022008309
27,88,Medium,High,No,7,72,Medium,1,Low,High,Positive,1,No,High School,Near,Female,71,1,1,0,1,0,1,1.1727054241270012,0.6947976990472384
26,62,Medium,Medium,No,6,59,Medium,1,Medium,Medium,Neutral,3,No,High School,Moderate,Male,63,1,1,0,1,0,1,1.005764444699114,-1.5569471993157984
26,61,High,Low,Yes,7,95,Low,0,Medium,High,Neutral,3,No,Postgraduate,Moderate,Male,65,2,0,0,1,1,0,1.005764444699114,-1.6435527723297614
17,67,Low,Medium,Yes,6,62,Medium,0,Medium,Medium,Neutral,3,No,College,Moderate,Female,61,0,1,0,1,0,1,-0.49670437015187013,-1.1239193342459837
14,89,Medium,Low,No,9,96,Low,2,Low,High,Neutral,3,No,College,Moderate,Female,66,1,0,1,0,0,1,-0.9975273084355315,0.7814032720612014
16,67,Medium,Medium,Yes,5,56,Low,1,Low,Medium,Negative,2,No,College,Near,Female,61,1,0,0,1,0,1,-0.6636453495797573,-1.1239193342459837
21,80,Medium,Medium,No,7,92,Low,1,Medium,Medium,Positive,3,No,High School,Moderate,Male,67,1,0,0,1,0,1,0.17105954755967837,0.0019531149355348125
23,64,Medium,Low,Yes,5,59,Medium,3,Low,Medium,Positive,5,No,High School,Moderate,Female,64,1,1,0,1,0,1,0.5049415064154527,-1.3837360532878724
7,97,Low,High,No,6,97,Medium,3,Medium,High,Positive,2,No,College,Moderate,Female,69,0,1,1,0,0,1,-2.1661141644307413,1.474247856172905
20,74,Low,Medium,No,6,79,Medium,1,High,Medium,Neutral,2,Yes,College,Far,Male,64,0,1,0,1,0,1,0.0041185681317912485,-0.5176803231482429
21,96,Medium,Medium,Yes,7,59,Low,2,High,Medium,Negative,2,No,College,Near,Male,70,1,0,0,1,0,1,0.17105954755967837,1.3876422831589421
18,98,High,Medium,Yes,7,92,Medium,2,Low,High,Neutral,4,No,High School,Near,Male,73,2,1,1,0,0,1,-0.329763390723983,1.5608534291868679
28,60,Low,Medium,Yes,5,70,Low,0,Low,Medium,Neutral,5,No,High School,Near,Male,63,0,0,1,0,0,1,1.3396464035548883,-1.7301583453437241
23,79,Medium,Medium,Yes,6,87,Medium,2,Low,High,Neutral,4,No,College,Moderate,Male,68,1,1,0,1,1,0,0.5049415064154527,-0.08465245807842814
28,61,Low,Low,Yes,6,82,Low,0,Medium,High,Positive,3,No,College,Near,Female,64,0,0,0,1,0,1,1.3396464035548883,-1.6435527723297614
19,96,Medium,Low,Yes,5,86,Medium,3,Medium,Medium,Positive,3,No,High School,Moderate,Male,69,1,1,0,1,1,0,-0.16282241129609587,1.3876422831589421
26,81,Medium,Medium,Yes,9,67,Medium,3,Low,Medium,Neutral,2,No,College,Near,Female,69,1,1,0,1,0,1,1.005764444699114,0.08855868794949777
30,63,High,Low,No,5,97,High,2,Low,High,Positive,2,Yes,College,Moderate,Female,67,2,2,0,1,0,1,1.6735283624106625,-1.4703416263018354
28,64,High,Low,Yes,7,78,Medium,3,Medium,High,Positive,4,No,Postgraduate,Moderate,Male,69,2,1,1,0,0,1,1.3396464035548883,-1.3837360532878724
13,75,Medium,High,No,10,54,Medium,1,Low,Medium,Negative,3,Yes,College,Near,Male,62,1,1,1,0,0,1,-1.1644682878634187,-0.4310747501342799
18,98,Low,Medium,No,9,53,Medium,0,High,Medium,Neutral,1,No,High School,Moderate,Male,66,0,1,0,1,0,1,-0.329763390723983,1.5608534291868679
18,88,Low,Medium,No,8,87,Medium,2,Medium,High,Neutral,2,No,Postgraduate,Moderate,Female,68,0,1,0,1,0,1,-0.329763390723983,0.6947976990472384
23,95,High,Low,No,7,92,High,1,Low,Medium,Positive,1,No,High School,Near,Female,71,2,2,0,1,0,1,0.5049415064154527,1.3010367101449791
24,75,Medium,Low,No,8,85,Medium,1,Low,Medium,Positive,2,Yes,Postgraduate,Near,Male,66,1,1,0,1,0,1,0.6718824858433398,-0.4310747501342799
15,62,Low,High,No,8,64,High,2,Low,Medium,Neutral,4,No,College,Near,Female,62,0,2,0,1,0,1,-0.8305863290076444,-1.5569471993157984
20,99,Low,Low,Yes,9,61,Low,1,High,Medium,Neutral,4,No,High School,Moderate,Male,68,0,0,1,0,0,1,0.0041185681317912485,1.6474590022008309
8,61,Medium,Low,Yes,7,78,Medium,0,Medium,Medium,Positive,3,No,High School,Near,Female,59,1,1,1,0,0,1,-1.9991731850028542,-1.6435527723297614
29,98,Medium,Medium,Yes,9,60,Low,0,Low,Medium,Negative,4,No,High School,Near,Female,70,1,0,1,0,0,1,1.5065873829827754,1.5608534291868679
17,75,High,Low,Yes,7,69,Medium,1,High,Medium,Positive,4,No,High School,Near,Male,66,2,1,0,1,0,1,-0.49670437015187013,-0.4310747501342799
20,60,Medium,Medium,Yes,10,81,Medium,3,Low,Medium,Positive,3,No,College,Near,Male,65,1,1,0,1,0,1,0.0041185681317912485,-1.7301583453437241
18,88,Medium,Medium,No,7,64,Low,0,Medium,Low,Positive,4,No,College,Moderate,Male,66,1,0,0,1,0,1,-0.329763390723983,0.6947976990472384
27,99,Medium,Medium,Yes,5,69,Medium,2,Medium,Low,Positive,2,No,Postgraduate,Moderate,Male,73,1,1,0,1,0,1,1.1727054241270012,1.6474590022008309
3,99,Medium,Low,Yes,7,68,Medium,2,High,Medium,Neutral,3,No,High School,Near,Female,65,1,1,1,0,0,1,-2.8338780821422898,1.6474590022008309
20,66,Medium,High,Yes,8,73,Medium,0,High,Low,Positive,3,No,High School,Moderate,Male,65,1,1,0,1,0,1,0.0041185681317912485,-1.2105249072599464
19,67,High,Medium,No,9,84,Low,0,Medium,Medium,Positive,3,No,High School,Moderate,Female,64,2,0,0,1,0,1,-0.16282241129609587,-1.1239193342459837
17,83,Medium,Medium,Yes,6,89,High,0,Low,Medium,Positive,4,No,Postgraduate,Near,Male,69,1,2,0,1,0,1,-0.49670437015187013,0.26176983397742365
30,85,Medium,Medium,No,4,83,Low,2,High,High,Positive,3,No,Postgraduate,Near,Female,74,1,0,0,1,0,1,1.6735283624106625,0.43498098000534957
15,90,High,High,Yes,8,51,High,2,High,Medium,Negative,2,No,High School,Moderate,Female,68,2,2,0,1,0,1,-0.8305863290076444,0.8680088450751643
25,67,Low,Medium,No,8,95,Medium,0,Medium,Medium,Neutral,4,No,Postgraduate,Moderate,Female,65,0,1,0,1,0,1,0.8388234652712269,-1.1239193342459837
22,98,Medium,High,Yes,5,79,Medium,2,High,Medium,Neutral,5,No,High School,Moderate,Male,72,1,1,0,1,1,0,0.3380005269875655,1.5608534291868679
28,86,Medium,Medium,Yes,7,96,Medium,2,Medium,Low,Neutral,4,No,High School,Near,Male,71,1,1,0,1,0,1,1.3396464035548883,0.5215865530193126
16,94,High,Medium,No,7,98,Medium,0,Low,Medium,Neutral,4,No,High School,Moderate,Female,69,2,1,0,1,0,1,-0.6636453495797573,1.2144311371310161
16,82,Low,High,Yes,8,73,Low,3,Low,High,Positive,1,No,College,Near,Male,67,0,0,0,1,0,1,-0.6636453495797573,0.17516426096346072
27,77,Medium,High,Yes,6,96,Low,0,Medium,High,Positive,3,No,Postgraduate,Moderate,Male,71,1,0,0,1,0,1,1.1727054241270012,-0.25786360410635406
23,99,Low,Low,Yes,6,68,High,1,Medium,Medium,Neutral,3,Yes,College,Far,Male,68,0,2,0,1,0,1,0.5049415064154527,1.6474590022008309
11,83,Low,Medium,No,7,63,High,3,High,Medium,Negative,2,No,High School,Far,Female,63,0,2,0,1,0,1,-1.498350246719193,0.26176983397742365
17,95,High,Medium,No,5,54,Low,2,High,High,Neutral,2,No,College,Moderate,Female,69,2,0,0,1,0,1,-0.49670437015187013,1.3010367101449791
22,98,Medium,Low,No,10,73,Medium,1,Low,Low,Negative,4,Yes,College,Near,Female,68,1,1,0,1,0,1,0.3380005269875655,1.5608534291868679
25,87,High,High,Yes,8,84,Low,2,High,Medium,Positive,4,No,College,Moderate,Male,73,2,0,0,1,0,1,0.8388234652712269,0.6081921260332754
16,82,Medium,Medium,Yes,6,99,Medium,3,High,Medium,Positive,2,No,High School,Near,Male,69,1,1,0,1,0,1,-0.6636453495797573,0.17516426096346072
3,60,Medium,Medium,Yes,5,76,Medium,0,Medium,High,Neutral,4,No,High School,Moderate,Female,58,1,1,1,0,0,1,-2.8338780821422898,-1.7301583453437241
23,62,High,Low,No,5,87,Medium,1,High,Low,Positive,3,No,High School,Near,Male,65,2,1,1,0,0,1,0.5049415064154527,-1.5569471993157984
13,68,Medium,Medium,Yes,8,95,Medium,2,Low,Low,Positive,4,No,High School,Moderate,Male,63,1,1,1,0,0,1,-1.1644682878634187,-1.0373137612320207
8,67,Low,Low,No,5,77,Low,1,Medium,High,Positive,2,No,College,Near,Male,59,0,0,0,1,0,1,-1.9991731850028542,-1.1239193342459837
3,70,Medium,Medium,Yes,7,58,Medium,0,Medium,Medium,Neutral,2,No,High School,Moderate,Male,58,1,1,1,0,0,1,-2.8338780821422898,-0.8641026152040947
25,72,Medium,Medium,Yes,4,92,High,1,Low,Medium,Negative,2,Yes,High School,Near,Male,66,1,2,1,0,0,1,0.8388234652712269,-0.6908914691761688
21,74,Medium,High,Yes,8,79,Medium,0,Low,High,Positive,4,No,High School,Near,Male,67,1,1,1,0,0,1,0.17105954755967837,-0.5176803231482429
19,77,High,Medium,Yes,8,88,Medium,3,Low,Medium,Positive,3,No,College,Moderate,Male,67,2,1,0,1,1,0,-0.16282241129609587,-0.25786360410635406
28,64,High,Medium,No,7,83,Low,2,High,Medium,Neutral,4,No,High School,Moderate,Male,67,2,0,1,0,0,1,1.3396464035548883,-1.3837360532878724
24,62,High,Low,Yes,7,53,Medium,0,Medium,Medium,Positive,6,No,Postgraduate,Near,Female,65,2,1,0,1,0,1,0.6718824858433398,-1.5569471993157984
30,87,High,Medium,Yes,8,58,High,1,Low,Medium,Negative,1,No,College,Near,Male,71,2,2,0,1,0,1,1.6735283624106625,0.6081921260332754
12,81,Medium,Medium,Yes,7,64,High,2,High,Medium,Neutral,3,No,High School,Near,Male,66,1,2,0,1,0,1,-1.3314092672913058,0.08855868794949777
20,78,Medium,High,Yes,8,64,Medium,2,High,Medium,Positive,2,No,High School,Moderate,Female,68,1,1,1,0,0,1,0.0041185681317912485,-0.1712580310923911
10,85,Medium,High,Yes,5,92,Medium,0,Low,High,Positive,4,Yes,High School,Far,Female,65,1,1,1,0,0,1,-1.66529122614708,0.43498098000534957
19,93,High,High,No,8,80,Medium,1,Medium,Medium,Neutral,3,No,College,Moderate,Male,71,2,1,1,0,0,1,-0.16282241129609587,1.1278255641170531
19,77,Medium,Low,Yes,7,54,Low,2,Low,Medium,Positive,4,No,High School,Near,Female,64,1,0,1,0,0,1,-0.16282241129609587,-0.25786360410635406
24,86,Medium,High,Yes,9,69,High,1,Medium,High,Neutral,3,No,Postgraduate,Near,Male,72,1,2,0,1,0,1,0.6718824858433398,0.5215865530193126
20,98,Low,Low,No,7,78,Low,4,High,High,Neutral,2,No,High School,Far,Male,69,0,0,0,1,0,1,0.0041185681317912485,1.5608534291868679
24,94,Medium,Medium,No,7,63,Medium,1,Low,High,Neutral,3,No,High School,Near,Male,70,1,1,0,1,0,1,0.6718824858433398,1.2144311371310161
24,77,Medium,Medium,Yes,6,52,Medium,0,Medium,Medium,Negative,4,No,High School,Near,Male,66,1,1,1,0,0,1,0.6718824858433398,-0.25786360410635406
33,86,Medium,Medium,No,9,69,Medium,0,Medium,Medium,Neutral,3,No,College,Near,Female,70,1,1,0,1,1,0,2.174351300694324,0.5215865530193126
18,67,High,Low,No,4,73,Low,0,Medium,Medium,Neutral,2,No,Postgraduate,Moderate,Male,62,2,0,1,0,0,1,-0.329763390723983,-1.1239193342459837
14,82,Low,Medium,Yes,8,95,Medium,1,Low,Medium,Neutral,3,No,Postgraduate,Moderate,Male,66,0,1,1,0,0,1,-0.9975273084355315,0.17516426096346072
21,99,High,Low,No,7,95,Low,2,Low,Medium,Negative,1,No,High School,Near,Female,70,2,0,0,1,0,1,0.17105954755967837,1.6474590022008309
15,81,Low,Low,Yes,7,75,Low,1,Medium,High,Negative,1,No,Postgraduate,Moderate,Male,63,0,0,0,1,0,1,-0.8305863290076444,0.08855868794949777
29,97,High,Medium,Yes,7,74,Medium,1,Medium,Low,Positive,4,Yes,High School,Near,Female,73,2,1,0,1,0,1,1.5065873829827754,1.474247856172905
18,76,Medium,High,Yes,7,82,High,2,Medium,High,Neutral,4,No,Postgraduate,Near,Female,70,1,2,0,1,0,1,-0.329763390723983,-0.344469177120317
17,100,High,High,No,8,63,Low,1,Low,Medium,Positive,5,No,High School,Near,Male,71,2,0,1,0,0,1,-0.49670437015187013,1.7340645752147938
17,83,Low,Medium,No,6,64,Medium,1,Medium,Medium,Positive,4,No,High School,Near,Female,65,0,1,1,0,0,1,-0.49670437015187013,0.26176983397742365
24,62,Medium,Low,Yes,7,50,Medium,1,High,High,Negative,2,No,Postgraduate,Near,Male,64,1,1,1,0,0,1,0.6718824858433398,-1.5569471993157984
19,83,High,Low,Yes,8,54,Medium,1,Low,Medium,Positive,4,No,High School,Moderate,Male,66,2,1,1,0,0,1,-0.16282241129609587,0.26176983397742365
16,71,Low,Low,Yes,6,59,High,1,Low,High,Positive,3,No,Postgraduate,Near,Male,82,0,2,0,1,0,1,-0.6636453495797573,-0.7774970421901317
30,61,Low,High,Yes,8,82,Low,2,Low,High,Neutral,3,No,Postgraduate,Near,Female,68,0,0,0,1,0,1,1.6735283624106625,-1.6435527723297614
15,93,Medium,Medium,No,8,61,High,1,Medium,Medium,Neutral,4,No,High School,Near,Female,67,1,2,0,1,0,1,-0.8305863290076444,1.1278255641170531
20,71,Low,High,Yes,6,56,High,5,Medium,Medium,Positive,5,No,College,Near,Male,68,0,2,1,0,0,1,0.0041185681317912485,-0.7774970421901317
24,92,Low,High,Yes,5,81,Medium,2,Low,Medium,Negative,3,Yes,High School,Near,Male,69,0,1,1,0,0,1,0.6718824858433398,1.0412199911030902
10,72,Medium,Medium,Yes,6,83,Medium,0,Medium,Medium,Positive,4,No,High School,Near,Male,63,1,1,0,1,0,1,-1.66529122614708,-0.6908914691761688
23,68,Medium,High,No,7,53,High,3,High,Medium,Neutral,3,No,High School,Moderate,Female,66,1,2,0,1,0,1,0.5049415064154527,-1.0373137612320207
14,99,Medium,Medium,No,7,89,High,0,Medium,Medium,Positive,2,No,Postgraduate,Far,Female,68,1,2,1,0,1,0,-0.9975273084355315,1.6474590022008309
25,74,High,Medium,Yes,9,80,Medium,4,Medium,Medium,Positive,3,No,College,Moderate,Female,71,2,1,0,1,0,1,0.8388234652712269,-0.5176803231482429
14,84,Medium,High,Yes,6,70,High,2,High,Medium,Positive,3,No,College,Near,Female,69,1,2,0,1,0,1,-0.9975273084355315,0.34837540699138664
24,84,Low,Medium,Yes,6,99,Medium,1,Medium,High,Positive,2,No,Postgraduate,Far,Female,70,0,1,0,1,0,1,0.6718824858433398,0.34837540699138664
27,82,Medium,Medium,No,8,51,High,3,High,Medium,Neutral,2,No,College,Near,Male,70,1,2,0,1,0,1,1.1727054241270012,0.17516426096346072
25,97,Medium,Medium,Yes,6,77,Low,1,Low,High,Positive,4,No,Postgraduate,Near,Male,73,1,0,1,0,0,1,0.8388234652712269,1.474247856172905
22,87,Medium,High,Yes,6,58,Medium,0,Low,Medium,Neutral,4,No,High School,Near,Female,68,1,1,1,0,0,1,0.3380005269875655,0.6081921260332754
19,76,Medium,Low,Yes,6,66,Medium,1,High,Medium,Positive,3,No,High School,Near,Male,65,1,1,0,1,0,1,-0.16282241129609587,-0.344469177120317
17,94,High,High,Yes,4,57,Medium,4,Medium,High,Neutral,4,No,High School,Moderate,Male,72,2,1,0,1,0,1,-0.49670437015187013,1.2144311371310161
29,67,High,Low,Yes,8,83,Medium,2,Low,Medium,Positive,4,Yes,High School,Near,Female,67,2,1,1,0,0,1,1.5065873829827754,-1.1239193342459837
16,82,Low,Medium,Yes,8,70,High,4,Low,High,Neutral,4,No,College,Near,Female,68,0,2,0,1,0,1,-0.6636453495797573,0.17516426096346072
14,98,Medium,Medium,Yes,8,99,Low,0,High,Medium,Neutral,3,No,High School,Near,Male,69,1,0,0,1,0,1,-0.9975273084355315,1.5608534291868679
24,85,Medium,Medium,Yes,10,83,Low,1,Medium,High,Positive,4,No,College,Moderate,Female,70,1,0,0,1,0,1,0.6718824858433398,0.43498098000534957
15,93,High,Medium,Yes,9,96,Medium,1,Medium,Medium,Negative,2,No,High School,Moderate,Female,69,2,1,0,1,0,1,-0.8305863290076444,1.1278255641170531
14,86,High,High,Yes,6,62,Medium,1,Medium,Medium,Positive,2,No,High School,Near,Male,68,2,1,1,0,0,1,-0.9975273084355315,0.5215865530193126
11,94,Medium,Medium,No,9,66,Medium,2,Low,High,Positive,2,No,High School,Moderate,Male,65,1,1,1,0,1,0,-1.498350246719193,1.2144311371310161
17,98,Medium,High,Yes,7,68,Medium,1,Low,Medium,Positive,4,No,College,Moderate,Male,70,1,1,0,1,0,1,-0.49670437015187013,1.5608534291868679
20,71,Medium,Low,Yes,6,92,High,1,Low,Medium,Negative,4,No,College,Near,Male,65,1,2,1,0,0,1,0.0041185681317912485,-0.7774970421901317
21,67,Medium,Low,No,6,61,Medium,0,Low,Medium,Positive,3,No,High School,Moderate,Female,61,1,1,1,0,0,1,0.17105954755967837,-1.1239193342459837
26,79,Medium,Low,No,7,97,Medium,1,High,Medium,Positive,2,No,High School,Near,Male,69,1,1,1,0,0,1,1.005764444699114,-0.08465245807842814
23,88,Medium,Low,Yes,7,52,Medium,0,Medium,Low,Neutral,4,No,High School,Near,Male,67,1,1,0,1,0,1,0.5049415064154527,0.6947976990472384
19,69,Medium,Medium,Yes,9,94,Medium,1,Low,High,Positive,3,No,High School,Moderate,Male,65,1,1,0,1,0,1,-0.16282241129609587,-0.9507081882180577
19,60,Medium,Medium,No,8,73,High,3,Medium,Low,Neutral,3,No,High School,Near,Male,63,1,2,1,0,0,1,-0.16282241129609587,-1.7301583453437241
23,74,Medium,High,Yes,6,76,Medium,0,Medium,High,Negative,4,No,High School,Near,Male,67,1,1,1,0,0,1,0.5049415064154527,-0.5176803231482429
28,99,High,Low,No,5,100,Medium,6,Medium,Medium,Neutral,5,No,High School,Moderate,Female,76,2,1,1,0,0,1,1.3396464035548883,1.6474590022008309
21,88,Medium,Medium,No,8,94,Medium,0,Medium,High,Neutral,3,No,College,Near,Male,70,1,1,0,1,0,1,0.17105954755967837,0.6947976990472384
17,76,Medium,High,Yes,8,95,Low,1,Low,Medium,Neutral,4,No,Postgraduate,Near,Female,67,1,0,1,0,0,1,-0.49670437015187013,-0.344469177120317
14,68,High,High,Yes,9,79,Low,2,Low,Medium,Positive,4,No,College,Near,Female,66,2,0,1,0,0,1,-0.9975273084355315,-1.0373137612320207
11,74,Medium,High,Yes,7,98,Low,1,Low,Medium,Positive,2,No,High School,Near,Male,65,1,0,0,1,0,1,-1.498350246719193,-0.5176803231482429
24,67,Low,High,No,8,84,High,0,Low,Medium,Neutral,1,No,College,Near,Female,65,0,2,0,1,0,1,0.6718824858433398,-1.1239193342459837
23,64,Low,Medium,No,8,91,Medium,2,Low,Medium,Negative,3,No,High School,Far,Female,63,0,1,0,1,0,1,0.5049415064154527,-1.3837360532878724
23,96,Medium,High,Yes,5,86,Medium,3,Medium,High,Neutral,3,Yes,High School,Near,Male,74,1,1,0,1,0,1,0.5049415064154527,1.3876422831589421
19,100,Low,High,Yes,7,89,High,2,High,Low,Neutral,3,No,College,Moderate,Male,72,0,2,1,0,0,1,-0.16282241129609587,1.7340645752147938
28,67,High,High,No,8,82,Low,1,High,Low,Neutral,4,No,High School,Near,Female,68,2,0,0,1,0,1,1.3396464035548883,-1.1239193342459837
17,62,Medium,Low,No,8,86,High,2,Medium,Medium,Neutral,4,No,High School,Moderate,Female,62,1,2,0,1,0,1,-0.49670437015187013,-1.5569471993157984
26,73,Low,High,No,7,72,Medium,1,Low,Low,Neutral,3,No,College,Far,Male,65,0,1,1,0,0,1,1.005764444699114,-0.6042858961622058
20,78,High,Medium,Yes,10,85,Medium,1,High,High,Negative,3,No,High School,Near,Male,69,2,1,1,0,0,1,0.0041185681317912485,-0.1712580310923911
16,68,Medium,Low,Yes,10,64,Medium,2,High,Low,Negative,2,No,High School,Moderate,Male,61,1,1,0,1,0,1,-0.6636453495797573,-1.0373137612320207
24,72,Medium,Medium,Yes,7,82,High,2,Medium,Medium,Positive,4,No,High School,Far,Male,67,1,2,1,0,0,1,0.6718824858433398,-0.6908914691761688
22,68,Medium,High,No,7,76,Medium,1,Medium,Medium,Positive,4,No,High School,Near,Male,66,1,1,0,1,0,1,0.3380005269875655,-1.0373137612320207
22,91,Low,Medium,Yes,8,95,Medium,1,Low,High,Neutral,2,No,High School,Near,Male,70,0,1,1,0,0,1,0.3380005269875655,0.9546144180891273
20,89,Medium,High,No,7,84,Low,5,High,Medium,Neutral,3,No,Postgraduate,Moderate,Male,72,1,0,0,1,0,1,0.0041185681317912485,0.7814032720612014
20,85,High,Low,Yes,9,80,Medium,3,Low,Medium,Neutral,3,No,Postgraduate,Moderate,Male,69,2,1,1,0,0,1,0.0041185681317912485,0.43498098000534957
34,75,Low,Medium,Yes,5,66,Medium,0,Low,Medium,Positive,3,No,High School,Near,Male,68,0,1,1,0,0,1,2.341292280122211,-0.4310747501342799
27,96,Medium,Medium,No,7,93,Medium,2,Medium,Medium,Neutral,2,No,College,Near,Male,74,1,1,0,1,0,1,1.1727054241270012,1.3876422831589421
24,99,High,Medium,No,8,53,High,1,Low,Medium,Neutral,3,Yes,High School,Near,Male,70,2,2,1,0,0,1,0.6718824858433398,1.6474590022008309
21,67,Medium,Medium,Yes,9,95,High,1,Medium,Medium,Positive,4,No,High School,Near,Male,67,1,2,1,0,0,1,0.17105954755967837,-1.1239193342459837
26,69,Medium,Medium,Yes,5,83,Medium,4,Medium,High,Neutral,2,No,High School,Moderate,Female,68,1,1,1,0,0,1,1.005764444699114,-0.9507081882180577
23,81,High,Low,No,6,59,Medium,2,High,High,Neutral,1,No,Postgraduate,Near,Female,69,2,1,1,0,0,1,0.5049415064154527,0.08855868794949777
20,64,High,Low,No,4,95,Medium,4,Medium,Medium,Neutral,4,No,High School,Near,Male,66,2,1,0,1,0,1,0.0041185681317912485,-1.3837360532878724
18,77,Medium,Low,No,6,66,High,3,Medium,High,Positive,3,No,College,Moderate,Male,66,1,2,0,1,0,1,-0.329763390723983,-0.25786360410635406
20,83,High,High,Yes,5,58,Medium,1,Medium,Medium,Neutral,3,No,High School,Near,Male,68,2,1,0,1,0,1,0.0041185681317912485,0.26176983397742365
1,81,Medium,Medium,Yes,8,66,Medium,1,Low,Medium,Negative,2,No,College,Near,Male,60,1,1,0,1,0,1,-3.167760040998064,0.08855868794949777
21,73,High,Medium,No,7,98,High,0,High,High,Positive,4,Yes,Postgraduate,Near,Male,69,2,2,0,1,0,1,0.17105954755967837,-0.6042858961622058
17,82,High,Medium,No,7,88,Medium,1,Medium,Medium,Negative,1,Yes,High School,Near,Male,66,2,1,0,1,0,1,-0.49670437015187013,0.17516426096346072
30,98,Medium,High,Yes,7,96,Medium,1,Medium,Medium,Neutral,3,No,Postgraduate,Near,Female,77,1,1,1,0,0,1,1.6735283624106625,1.5608534291868679
20,68,Medium,Low,No,9,65,Low,1,High,Medium,Negative,5,No,College,Near,Male,63,1,0,0,1,0,1,0.0041185681317912485,-1.0373137612320207
13,86,Medium,Low,Yes,5,54,Medium,3,High,High,Neutral,3,Yes,College,Near,Male,66,1,1,0,1,0,1,-1.1644682878634187,0.5215865530193126
20,62,High,Medium,Yes,4,78,Medium,1,High,Medium,Positive,4,No,High School,Moderate,Female,64,2,1,1,0,1,0,0.0041185681317912485,-1.5569471993157984
14,63,High,High,No,8,74,Medium,1,Low,Medium,Neutral,4,No,Postgraduate,Moderate,Female,63,2,1,1,0,0,1,-0.9975273084355315,-1.4703416263018354
23,82,Low,Medium,Yes,6,86,Medium,0,High,Medium,Neutral,4,No,High School,Near,Male,68,0,1,0,1,0,1,0.5049415064154527,0.17516426096346072
22,64,High,Medium,No,5,77,Medium,1,High,Medium,Negative,2,No,College,Near,Male,65,2,1,1,0,0,1,0.3380005269875655,-1.3837360532878724
26,61,High,Medium,Yes,8,70,Low,1,Medium,Medium,Neutral,4,Yes,Postgraduate,Moderate,Male,65,2,0,1,0,0,1,1.005764444699114,-1.6435527723297614
15,67,High,High,Yes,4,50,Low,0,Medium,Medium,Positive,1,No,College,Near,Male,64,2,0,0,1,0,1,-0.8305863290076444,-1.1239193342459837
20,83,High,Medium,Yes,6,73,Medium,0,High,Medium,Positive,3,No,College,Far,Male,68,2,1,0,1,0,1,0.0041185681317912485,0.26176983397742365
12,88,Low,Medium,Yes,4,56,Medium,0,Low,High,Neutral,2,No,High School,Far,Male,62,0,1,1,0,0,1,-1.3314092672913058,0.6947976990472384
24,68,Medium,Medium,Yes,7,96,Medium,1,Low,High,Positive,3,No,High School,Near,Male,67,1,1,0,1,0,1,0.6718824858433398,-1.0373137612320207
23,87,High,High,Yes,9,96,High,1,Medium,Medium,Positive,1,No,College,Near,Female,73,2,2,1,0,0,1,0.5049415064154527,0.6081921260332754
23,67,High,High,Yes,6,90,Medium,2,High,Medium,Positive,3,No,High School,Near,Female,69,2,1,1,0,0,1,0.5049415064154527,-1.1239193342459837
20,85,Medium,Medium,No,6,58,Low,0,Low,Medium,Negative,2,No,Postgraduate,Near,Male,65,1,0,1,0,0,1,0.0041185681317912485,0.43498098000534957
22,76,Medium,Medium,Yes,10,57,Medium,1,Medium,High,Neutral,3,No,High School,Far,Male,66,1,1,1,0,0,1,0.3380005269875655,-0.344469177120317
30,86,High,Medium,No,8,78,Medium,4,Medium,Low,Positive,2,No,College,Far,Male,73,2,1,0,1,0,1,1.6735283624106625,0.5215865530193126
18,100,High,Medium,Yes,10,86,Medium,1,Medium,Medium,Neutral,3,No,High School,Near,Male,72,2,1,0,1,0,1,-0.329763390723983,1.7340645752147938
21,98,Medium,Medium,Yes,7,95,Low,3,High,Low,Neutral,1,No,High School,Near,Male,72,1,0,0,1,0,1,0.17105954755967837,1.5608534291868679
13,60,Low,High,Yes,7,95,Medium,1,Low,Medium,Positive,1,No,High School,Near,Female,61,0,1,1,0,0,1,-1.1644682878634187,-1.7301583453437241
15,95,High,Medium,Yes,9,58,Low,2,Low,High,Neutral,3,No,High School,Near,Female,69,2,0,1,0,0,1,-0.8305863290076444,1.3010367101449791
21,63,High,Medium,No,7,100,Medium,1,High,Medium,Neutral,2,No,Postgraduate,Moderate,Female,66,2,1,1,0,0,1,0.17105954755967837,-1.4703416263018354
27,98,High,High,No,7,58,Medium,1,High,Medium,Positive,3,No,Postgraduate,Far,Female,74,2,1,0,1,0,1,1.1727054241270012,1.5608534291868679
18,71,High,Low,Yes,4,92,Medium,1,Low,Medium,Negative,4,Yes,College,Near,Female,64,2,1,0,1,0,1,-0.329763390723983,-0.7774970421901317
19,75,Medium,High,Yes,10,79,Medium,1,Medium,Medium,Neutral,2,No,High School,Near,Female,66,1,1,0,1,0,1,-0.16282241129609587,-0.4310747501342799
18,64,High,Medium,Yes,8,84,Medium,2,Medium,Medium,Neutral,3,No,College,Near,Female,64,2,1,0,1,1,0,-0.329763390723983,-1.3837360532878724
17,64,High,High,No,7,80,Low,3,Medium,Medium,Positive,4,No,High School,Near,Male,66,2,0,1,0,0,1,-0.49670437015187013,-1.3837360532878724
22,89,Medium,High,No,8,93,Medium,2,High,Low,Neutral,5,No,High School,Near,Male,72,1,1,1,0,0,1,0.3380005269875655,0.7814032720612014
11,98,High,High,Yes,5,82,High,1,Medium,Medium,Neutral,2,No,Postgraduate,Near,Male,71,2,2,1,0,0,1,-1.498350246719193,1.5608534291868679
28,84,High,Medium,Yes,6,92,Medium,1,Medium,Medium,Negative,3,Yes,High School,Near,Female,70,2,1,0,1,0,1,1.3396464035548883,0.34837540699138664
16,89,High,Medium,Yes,8,58,Low,2,Low,Medium,Neutral,3,No,College,Moderate,Male,67,2,0,0,1,0,1,-0.6636453495797573,0.7814032720612014
24,90,Medium,High,No,7,93,Low,1,Low,High,Neutral,2,Yes,Postgraduate,Near,Male,71,1,0,0,1,0,1,0.6718824858433398,0.8680088450751643
12,71,Medium,Low,No,8,100,Medium,2,High,Medium,Neutral,3,Yes,College,Near,Male,63,1,1,0,1,0,1,-1.3314092672913058,-0.7774970421901317
24,62,Medium,High,No,7,83,Low,1,Medium,Low,Neutral,2,No,College,Moderate,Female,64,1,0,0,1,0,1,0.6718824858433398,-1.5569471993157984
24,60,Medium,Medium,Yes,8,99,Medium,2,Low,Low,Neutral,1,No,High School,Moderate,Male,64,1,1,0,1,0,1,0.6718824858433398,-1.7301583453437241
22,74,Medium,Low,No,5,61,Medium,1,Low,Medium,Positive,3,No,Postgraduate,Near,Female,65,1,1,0,1,0,1,0.3380005269875655,-0.5176803231482429
14,70,Medium,Medium,Yes,9,91,High,2,Medium,Medium,Neutral,4,No,High School,Near,Female,65,1,2,0,1,0,1,-0.9975273084355315,-0.8641026152040947
21,62,Medium,Low,No,6,58,Medium,2,Low,High,Neutral,3,No,College,Moderate,Female,62,1,1,1,0,0,1,0.17105954755967837,-1.5569471993157984
13,67,High,High,Yes,7,76,Medium,2,Low,Medium,Neutral,5,No,High School,Near,Male,65,2,1,1,0,0,1,-1.1644682878634187,-1.1239193342459837
18,65,Medium,High,No,6,83,Low,1,Medium,High,Neutral,2,No,High School,Near,Male,64,1,0,1,0,0,1,-0.329763390723983,-1.2971304802739094
26,97,Medium,Medium,Yes,7,83,Low,2,Low,Medium,Positive,3,No,Postgraduate,Near,Male,74,1,0,0,1,0,1,1.005764444699114,1.474247856172905
25,66,Medium,High,Yes,7,84,Low,2,High,Medium,Positive,1,No,High School,Near,Male,67,1,0,0,1,0,1,0.8388234652712269,-1.2105249072599464
20,82,Low,Medium,No,8,66,Low,0,High,Medium,Positive,2,No,Postgraduate,Near,Male,66,0,0,0,1,0,1,0.0041185681317912485,0.17516426096346072
14,84,High,High,No,8,99,Medium,3,Medium,High,Neutral,4,No,Postgraduate,Near,Female,70,2,1,0,1,1,0,-0.9975273084355315,0.34837540699138664
24,82,Medium,High,No,8,50,Medium,0,Medium,Medium,Positive,2,No,Postgraduate,Moderate,Male,68,1,1,0,1,0,1,0.6718824858433398,0.17516426096346072
20,64,Medium,Medium,No,6,81,Medium,0,High,High,Positive,1,No,High School,Moderate,Female,64,1,1,0,1,0,1,0.0041185681317912485,-1.3837360532878724
6,73,Medium,Medium,No,8,93,Low,0,Low,Medium,Neutral,1,Yes,High School,Far,Female,58,1,0,1,0,0,1,-2.3330551438586284,-0.6042858961622058
25,62,Medium,Medium,Yes,7,95,Low,1,High,Medium,Neutral,4,Yes,College,Near,Male,65,1,0,0,1,0,1,0.8388234652712269,-1.5569471993157984
20,76,Medium,High,Yes,7,86,Medium,2,Medium,Medium,Negative,5,No,High School,Near,Female,68,1,1,0,1,0,1,0.0041185681317912485,-0.344469177120317
27,68,Low,Medium,No,8,79,Medium,2,Low,High,Negative,1,Yes,Postgraduate,Moderate,Female,64,0,1,1,0,0,1,1.1727054241270012,-1.0373137612320207
13,82,Medium,High,No,5,73,Low,4,Low,Medium,Negative,4,No,High School,Near,Male,66,1,0,0,1,0,1,-1.1644682878634187,0.17516426096346072
1,88,Medium,High,Yes,4,72,High,3,Medium,Medium,Negative,2,No,College,Near,Male,92,1,2,1,0,0,1,-3.167760040998064,0.6947976990472384
22,81,High,Medium,Yes,9,71,Medium,2,High,Low,Negative,4,No,High School,Near,Male,69,2,1,0,1,0,1,0.3380005269875655,0.08855868794949777
22,77,Medium,High,No,7,85,Low,2,Low,Medium,Neutral,2,No,College,Near,Male,68,1,0,0,1,0,1,0.3380005269875655,-0.25786360410635406
10,75,Medium,Medium,No,8,87,Low,2,Medium,Medium,Positive,4,Yes,High School,Near,Female,63,1,0,0,1,0,1,-1.66529122614708,-0.4310747501342799
14,94,Low,Medium,Yes,6,76,Medium,0,Low,Low,Neutral,3,No,High School,Near,Male,64,0,1,0,1,1,0,-0.9975273084355315,1.2144311371310161
37,69,Medium,High,Yes,9,87,Medium,1,Low,Medium,Negative,2,No,College,Far,Female,68,1,1,0,1,1,0,2.8421152184058722,-0.9507081882180577
18,89,Medium,Low,No,8,76,High,0,Low,Medium,Positive,2,No,High School,Near,Male,67,1,2,0,1,0,1,-0.329763390723983,0.7814032720612014
24,90,Low,Medium,Yes,7,55,Medium,1,High,Medium,Negative,2,No,Postgraduate,Far,Male,68,0,1,0,1,0,1,0.6718824858433398,0.8680088450751643
16,77,Medium,Medium,Yes,7,93,Medium,1,Low,Medium,Positive,2,No,High School,Moderate,Male,66,1,1,0,1,0,1,-0.6636453495797573,-0.25786360410635406
7,72,Medium,Medium,Yes,4,94,Medium,4,Medium,Medium,Positive,4,No,Postgraduate,Near,Male,66,1,1,1,0,0,1,-2.1661141644307413,-0.6908914691761688
19,79,Medium,High,Yes,8,63,Medium,4,Low,High,Neutral,2,No,High School,Moderate,Male,68,1,1,0,1,0,1,-0.16282241129609587,-0.08465245807842814
18,64,Medium,High,Yes,9,89,Low,1,Medium,High,Neutral,3,No,High School,Moderate,Male,64,1,0,1,0,0,1,-0.329763390723983,-1.3837360532878724
18,62,High,Medium,Yes,7,76,Medium,2,Medium,Medium,Negative,3,Yes,College,Near,Female,63,2,1,1,0,0,1,-0.329763390723983,-1.5569471993157984
19,64,Medium,Medium,Yes,7,56,Medium,0,Low,Medium,Neutral,4,No,High School,Near,Female,62,1,1,1,0,0,1,-0.16282241129609587,-1.3837360532878724
22,67,Medium,High,No,7,70,High,2,Low,Medium,Positive,2,No,High School,Near,Male,66,1,2,1,0,0,1,0.3380005269875655,-1.1239193342459837
19,80,High,Medium,Yes,9,54,Medium,0,Low,Medium,Negative,2,No,Postgraduate,Moderate,Male,65,2,1,0,1,0,1,-0.16282241129609587,0.0019531149355348125
12,94,Medium,Low,Yes,9,89,Medium,1,Low,Low,Negative,3,No,High School,Near,Male,66,1,1,1,0,0,1,-1.3314092672913058,1.2144311371310161
23,69,Medium,High,Yes,6,60,Medium,2,Low,High,Negative,4,No,High School,Near,Male,66,1,1,1,0,0,1,0.5049415064154527,-0.9507081882180577
8,97,Medium,High,Yes,8,58,High,2,High,Medium,Neutral,2,No,College,Near,Female,69,1,2,0,1,0,1,-1.9991731850028542,1.474247856172905
8,98,Low,Medium,Yes,7,60,Medium,1,High,High,Negative,3,No,Postgraduate,Near,Female,67,0,1,1,0,0,1,-1.9991731850028542,1.5608534291868679
24,98,Medium,High,No,8,61,Medium,6,Medium,High,Positive,3,No,High School,Near,Female,75,1,1,1,0,0,1,0.6718824858433398,1.5608534291868679
23,94,High,Medium,Yes,6,84,High,0,Low,High,Neutral,3,No,Postgraduate,Near,Male,73,2,2,0,1,0,1,0.5049415064154527,1.2144311371310161
20,75,Medium,Medium,Yes,9,82,High,0,Low,Low,Positive,5,No,College,Moderate,Female,66,1,2,0,1,0,1,0.0041185681317912485,-0.4310747501342799
12,63,Medium,Medium,No,8,56,Low,4,Medium,Medium,Positive,4,No,College,Moderate,Male,61,1,0,0,1,0,1,-1.3314092672913058,-1.4703416263018354
16,83,Medium,Medium,Yes,9,86,Medium,5,Low,High,Negative,4,No,High School,Moderate,Female,68,1,1,1,0,0,1,-0.6636453495797573,0.26176983397742365
18,82,Medium,Medium,Yes,5,67,High,1,Medium,High,Neutral,4,No,College,Near,Male,67,1,2,0,1,1,0,-0.329763390723983,0.17516426096346072
10,94,Medium,High,No,5,73,Medium,1,Medium,Medium,Negative,3,No,High School,Moderate,Male,66,1,1,0,1,0,1,-1.66529122614708,1.2144311371310161
16,100,Medium,High,No,10,56,Medium,1,High,Medium,Neutral,2,No,High School,Near,Female,69,1,1,0,1,0,1,-0.6636453495797573,1.7340645752147938
24,80,Medium,Medium,No,9,85,Low,3,Low,Medium,Positive,4,No,High School,Near,Male,69,1,0,0,1,0,1,0.6718824858433398,0.0019531149355348125
29,74,Medium,High,Yes,6,69,Medium,1,Low,High,Negative,1,No,College,Far,Female,67,1,1,1,0,0,1,1.5065873829827754,-0.5176803231482429
17,67,High,Medium,No,8,82,Medium,0,Medium,Medium,Positive,4,No,High School,Near,Female,65,2,1,0,1,0,1,-0.49670437015187013,-1.1239193342459837
25,60,Medium,Low,No,6,71,Low,2,High,Medium,Positive,2,No,High School,Near,Male,63,1,0,0,1,0,1,0.8388234652712269,-1.7301583453437241
9,80,Medium,Low,Yes,4,52,Low,1,High,Medium,Positive,2,No,Postgraduate,Near,Female,63,1,0,0,1,0,1,-1.8322322055749671,0.0019531149355348125
24,82,Medium,Medium,No,4,85,Low,1,Low,Medium,Negative,2,No,High School,Near,Male,66,1,0,0,1,1,0,0.6718824858433398,0.17516426096346072
15,93,Medium,Medium,Yes,7,78,Low,0,Medium,Medium,Negative,4,No,High School,Moderate,Male,66,1,0,0,1,0,1,-0.8305863290076444,1.1278255641170531
22,80,Medium,High,Yes,9,72,Low,2,Medium,Medium,Neutral,4,No,College,Near,Female,69,1,0,0,1,0,1,0.3380005269875655,0.0019531149355348125
19,97,High,Medium,Yes,9,60,High,3,Medium,Medium,Negative,4,No,Postgraduate,Moderate,Female,72,2,2,0,1,0,1,-0.16282241129609587,1.474247856172905
28,85,Medium,Medium,Yes,9,81,Low,2,Low,Medium,Neutral,3,No,High School,Near,Male,70,1,0,0,1,0,1,1.3396464035548883,0.43498098000534957
15,94,Medium,High,Yes,8,64,Medium,2,Low,Medium,Negative,1,No,College,Near,Male,68,1,1,0,1,0,1,-0.8305863290076444,1.2144311371310161
24,66,High,Medium,Yes,7,71,Low,1,Low,High,Neutral,3,No,High School,Near,Male,66,2,0,0,1,0,1,0.6718824858433398,-1.2105249072599464
18,94,Low,Medium,Yes,9,53,Medium,3,Low,Medium,Negative,3,No,College,Moderate,Female,67,0,1,0,1,0,1,-0.329763390723983,1.2144311371310161
19,87,High,Medium,No,4,89,Medium,0,Low,Low,Positive,5,Yes,Postgraduate,Moderate,Female,68,2,1,0,1,0,1,-0.16282241129609587,0.6081921260332754
19,67,Medium,Low,Yes,8,55,Medium,0,Medium,High,Positive,4,No,High School,Near,Male,62,1,1,1,0,1,0,-0.16282241129609587,-1.1239193342459837
15,68,Medium,High,No,5,95,High,1,Medium,Medium,Positive,2,Yes,College,Near,Female,64,1,2,1,0,0,1,-0.8305863290076444,-1.0373137612320207
20,97,High,Low,Yes,6,93,Low,1,High,High,Positive,1,No,College,Far,Male,71,2,0,0,1,0,1,0.0041185681317912485,1.474247856172905
20,61,High,Medium,No,8,99,Medium,0,Medium,High,Neutral,4,No,College,Near,Male,65,2,1,0,1,0,1,0.0041185681317912485,-1.6435527723297614
21,79,Medium,Medium,Yes,8,95,High,0,Medium,Medium,Neutral,2,No,Postgraduate,Near,Female,69,1,2,0,1,0,1,0.17105954755967837,-0.08465245807842814
21,73,Medium,Medium,No,6,99,Medium,1,Low,Medium,Neutral,5,No,High School,Near,Male,65,1,1,0,1,1,0,0.17105954755967837,-0.6042858961622058
25,87,Medium,Medium,No,8,94,High,0,Medium,High,Positive,4,No,High School,Near,Male,71,1,2,0,1,0,1,0.8388234652712269,0.6081921260332754
26,94,Low,Medium,No,8,56,Low,1,High,Medium,Negative,2,No,College,Near,Female,69,0,0,0,1,0,1,1.005764444699114,1.2144311371310161
14,74,High,Medium,Yes,7,72,High,2,Medium,Medium,Negative,3,No,College,Near,Male,65,2,2,1,0,1,0,-0.9975273084355315,-0.5176803231482429
25,77,Low,Medium,Yes,7,54,Medium,2,Medium,Medium,Neutral,1,No,College,Moderate,Male,66,0,1,0,1,0,1,0.8388234652712269,-0.25786360410635406
13,99,Medium,Medium,Yes,10,77,Low,0,Medium,High,Negative,3,No,College,Moderate,Female,68,1,0,1,0,0,1,-1.1644682878634187,1.6474590022008309
24,91,High,High,Yes,7,76,Medium,0,Medium,Medium,Positive,2,No,High School,Moderate,Female,72,2,1,1,0,0,1,0.6718824858433398,0.9546144180891273
24,96,High,High,Yes,7,96,Medium,1,Medium,Medium,Negative,3,No,High School,Near,Female,74,2,1,0,1,0,1,0.6718824858433398,1.3876422831589421
9,78,Medium,Medium,No,7,98,Low,3,Low,Medium,Positive,2,No,High School,Near,Male,64,1,0,0,1,0,1,-1.8322322055749671,-0.1712580310923911
21,69,High,Low,Yes,7,63,Medium,0,Medium,Medium,Positive,3,No,High School,Moderate,Male,64,2,1,0,1,0,1,0.17105954755967837,-0.9507081882180577
17,76,Medium,Medium,Yes,8,79,Low,1,Low,Medium,Neutral,4,Yes,Postgraduate,Far,Female,63,1,0,0,1,1,0,-0.49670437015187013,-0.344469177120317
15,89,High,Low,No,9,73,High,2,Low,Low,Neutral,2,No,High School,Near,Male,66,2,2,1,0,0,1,-0.8305863290076444,0.7814032720612014
28,64,Medium,Medium,Yes,7,77,Medium,1,High,Medium,Positive,2,No,High School,Near,Male,67,1,1,0,1,0,1,1.3396464035548883,-1.3837360532878724
16,71,High,Low,Yes,6,77,Low,4,Medium,Medium,Neutral,5,Yes,College,Moderate,Male,64,2,0,0,1,0,1,-0.6636453495797573,-0.7774970421901317
15,62,Low,High,No,10,96,Low,0,Medium,High,Positive,4,No,High School,Far,Male,62,0,0,1,0,0,1,-0.8305863290076444,-1.5569471993157984
20,77,Medium,Low,Yes,7,95,High,0,Medium,Medium,Positive,1,No,High School,Far,Male,66,1,2,0,1,0,1,0.0041185681317912485,-0.25786360410635406
24,93,Medium,High,No,4,56,Low,4,Low,High,Negative,2,No,Postgraduate,Moderate,Female,71,1,0,0,1,0,1,0.6718824858433398,1.1278255641170531
19,61,High,Low,Yes,10,67,Low,1,Medium,Medium,Positive,6,No,Postgraduate,Near,Female,63,2,0,0,1,1,0,-0.16282241129609587,-1.6435527723297614
27,87,High,Medium,Yes,9,88,Medium,1,Low,High,Positive,4,Yes,College,Near,Male,72,2,1,0,1,0,1,1.1727054241270012,0.6081921260332754
23,97,Medium,High,No,9,84,Low,1,High,Medium,Positive,3,Yes,High School,Far,Female,71,1,0,0,1,0,1,0.5049415064154527,1.474247856172905
7,69,Low,Medium,No,9,82,Low,1,Medium,High,Positive,3,No,Postgraduate,Near,Female,61,0,0,1,0,0,1,-2.1661141644307413,-0.9507081882180577
17,88,Medium,High,Yes,10,100,Medium,1,Low,High,Positive,2,No,Postgraduate,Near,Female,71,1,1,0,1,0,1,-0.49670437015187013,0.6947976990472384
17,99,Medium,Medium,No,5,67,Low,2,Medium,Medium,Neutral,4,No,Postgraduate,Far,Male,69,1,0,1,0,0,1,-0.49670437015187013,1.6474590022008309
23,98,Medium,High,Yes,6,76,Low,3,Low,High,Positive,3,No,High School,Near,Male,74,1,0,0,1,0,1,0.5049415064154527,1.5608534291868679
4,69,Medium,High,Yes,6,99,Medium,0,Medium,High,Neutral,2,No,High School,Moderate,Male,61,1,1,0,1,0,1,-2.6669371027144027,-0.9507081882180577
35,64,Medium,Low,No,6,85,High,2,Medium,High,Neutral,2,No,High School,Moderate,Male,68,1,2,1,0,0,1,2.508233259550098,-1.3837360532878724
23,66,Medium,High,Yes,7,82,High,1,Medium,Medium,Positive,2,No,High School,Near,Male,67,1,2,0,1,0,1,0.5049415064154527,-1.2105249072599464
21,88,High,Low,No,6,58,Medium,3,High,Medium,Neutral,4,No,College,Near,Male,70,2,1,1,0,0,1,0.17105954755967837,0.6947976990472384
27,89,Medium,Medium,No,5,62,Medium,0,Low,Medium,Neutral,3,No,High School,Near,Male,69,1,1,0,1,0,1,1.1727054241270012,0.7814032720612014
34,87,Medium,Low,No,6,69,High,3,Low,Medium,Neutral,2,No,College,Moderate,Male,72,1,2,1,0,0,1,2.341292280122211,0.6081921260332754
25,73,Medium,Low,Yes,7,73,Medium,1,Medium,Medium,Positive,2,No,High School,Near,Male,66,1,1,0,1,0,1,0.8388234652712269,-0.6042858961622058
26,67,Medium,Medium,No,9,75,Medium,2,Medium,Medium,Positive,3,No,High School,Near,Male,67,1,1,0,1,0,1,1.005764444699114,-1.1239193342459837
21,83,Medium,Medium,No,6,95,High,4,High,High,Neutral,2,No,High School,Far,Female,70,1,2,0,1,0,1,0.17105954755967837,0.26176983397742365
19,79,Medium,High,Yes,8,55,Medium,3,Medium,Medium,Neutral,4,Yes,Postgraduate,Near,Male,68,1,1,1,0,0,1,-0.16282241129609587,-0.08465245807842814
17,89,Low,Medium,Yes,5,62,High,2,Medium,Medium,Positive,2,No,College,Near,Female,68,0,2,1,0,0,1,-0.49670437015187013,0.7814032720612014
15,78,Medium,High,No,4,57,High,2,Medium,High,Negative,2,No,High School,Near,Female,65,1,2,0,1,0,1,-0.8305863290076444,-0.1712580310923911
16,74,Medium,Low,Yes,7,87,Medium,0,Low,Low,Positive,3,No,College,Near,Female,63,1,1,0,1,0,1,-0.6636453495797573,-0.5176803231482429
12,72,Low,Low,Yes,6,99,High,0,Low,Medium,Positive,4,No,College,Far,Female,62,0,2,0,1,0,1,-1.3314092672913058,-0.6908914691761688
20,68,Medium,High,Yes,6,95,Medium,0,Low,Medium,Positive,4,No,High School,Near,Female,66,1,1,0,1,0,1,0.0041185681317912485,-1.0373137612320207
10,71,Medium,High,Yes,6,86,Medium,1,Medium,Low,Negative,2,Yes,Postgraduate,Near,Male,62,1,1,0,1,0,1,-1.66529122614708,-0.7774970421901317
21,64,Low,High,Yes,6,51,Low,0,High,Low,Negative,3,No,College,Moderate,Female,61,0,0,0,1,0,1,0.17105954755967837,-1.3837360532878724
20,74,Low,Medium,Yes,6,67,High,0,Medium,Medium,Negative,4,Yes,College,Moderate,Female,63,0,2,1,0,0,1,0.0041185681317912485,-0.5176803231482429
21,61,Medium,Medium,Yes,6,93,Low,3,Medium,High,Neutral,3,No,High School,Near,Female,65,1,0,1,0,0,1,0.17105954755967837,-1.6435527723297614
17,67,High,Low,No,5,83,High,3,Low,Medium,Positive,3,No,High School,Moderate,Male,64,2,2,0,1,0,1,-0.49670437015187013,-1.1239193342459837
38,90,High,Medium,Yes,4,60,Low,2,Low,Medium,Neutral,4,No,College,Moderate,Male,74,2,0,0,1,0,1,3.0090561978337593,0.8680088450751643
28,73,Low,Medium,Yes,4,73,Medium,2,High,High,Positive,2,No,Postgraduate,Near,Female,70,0,1,0,1,0,1,1.3396464035548883,-0.6042858961622058
13,87,Low,Medium,No,10,54,Low,2,Low,Medium,Positive,2,No,High School,Moderate,Female,63,0,0,0,1,0,1,-1.1644682878634187,0.6081921260332754
21,89,Low,Medium,No,7,76,Medium,3,High,Medium,Positive,2,No,High School,Far,Female,68,0,1,0,1,0,1,0.17105954755967837,0.7814032720612014
16,83,Medium,High,Yes,9,95,Medium,2,Low,High,Neutral,2,No,College,Near,Male,69,1,1,0,1,0,1,-0.6636453495797573,0.26176983397742365
14,98,Medium,High,Yes,7,52,High,1,Medium,High,Negative,4,No,High School,Moderate,Male,70,1,2,1,0,0,1,-0.9975273084355315,1.5608534291868679
12,61,Medium,Medium,Yes,7,81,Medium,2,High,Medium,Neutral,3,No,College,Far,Male,62,1,1,0,1,0,1,-1.3314092672913058,-1.6435527723297614
23,90,High,Medium,Yes,7,62,Medium,3,Medium,Low,Positive,2,No,Postgraduate,Moderate,Male,71,2,1,1,0,0,1,0.5049415064154527,0.8680088450751643
16,98,Medium,Low,No,8,100,Low,2,Low,Medium,Neutral,1,No,High School,Near,Male,69,1,0,0,1,0,1,-0.6636453495797573,1.5608534291868679
26,94,High,Low,Yes,5,53,Low,0,Low,High,Neutral,2,No,High School,Near,Male,69,2,0,0,1,0,1,1.005764444699114,1.2144311371310161
26,67,Low,High,Yes,6,81,High,4,Low,High,Neutral,3,Yes,College,Near,Male,68,0,2,0,1,0,1,1.005764444699114,-1.1239193342459837
28,73,Low,Medium,Yes,7,63,Low,0,Low,Medium,Positive,2,No,High School,Near,Male,65,0,0,0,1,0,1,1.3396464035548883,-0.6042858961622058
15,67,Medium,High,Yes,4,94,High,1,Medium,Medium,Positive,5,No,High School,Far,Male,65,1,2,1,0,0,1,-0.8305863290076444,-1.1239193342459837
23,84,Low,Low,Yes,9,56,Low,1,Medium,High,Positive,4,No,High School,Near,Female,65,0,0,0,1,1,0,0.5049415064154527,0.34837540699138664
24,88,High,High,No,9,71,Medium,2,High,High,Negative,3,No,High School,Near,Female,72,2,1,0,1,0,1,0.6718824858433398,0.6947976990472384
17,73,Medium,Low,No,4,59,High,2,Low,High,Negative,4,No,High School,Moderate,Female,63,1,2,1,0,0,1,-0.49670437015187013,-0.6042858961622058
15,82,Medium,High,Yes,6,90,High,2,High,Medium,Positive,2,No,High School,Near,Male,68,1,2,0,1,1,0,-0.8305863290076444,0.17516426096346072
30,88,Medium,Medium,Yes,7,68,Low,1,Medium,High,Positive,3,No,College,Near,Female,72,1,0,0,1,0,1,1.6735283624106625,0.6947976990472384
21,77,Medium,Low,Yes,8,59,Medium,3,Low,Medium,Positive,2,No,High School,Near,Male,66,1,1,1,0,0,1,0.17105954755967837,-0.25786360410635406
24,94,Low,Medium,No,9,86,High,2,Low,Medium,Neutral,3,No,College,Near,Female,71,0,2,0,1,0,1,0.6718824858433398,1.2144311371310161
15,91,Medium,Low,Yes,6,91,Low,0,Medium,Medium,Positive,3,No,College,Moderate,Female,67,1,0,0,1,0,1,-0.8305863290076444,0.9546144180891273
13,63,Medium,Medium,No,10,73,Low,2,Low,High,Negative,3,No,Postgraduate,Moderate,Male,61,1,0,0,1,0,1,-1.1644682878634187,-1.4703416263018354
17,85,High,High,Yes,7,69,Medium,4,Low,High,Neutral,2,No,High School,Near,Female,70,2,1,1,0,0,1,-0.49670437015187013,0.43498098000534957
19,69,Medium,Medium,Yes,7,82,Low,2,Low,Medium,Neutral,3,No,College,Near,Male,64,1,0,0,1,1,0,-0.16282241129609587,-0.9507081882180577
14,82,Medium,Medium,Yes,8,83,Medium,0,Medium,Medium,Negative,2,No,High School,Moderate,Male,64,1,1,0,1,0,1,-0.9975273084355315,0.17516426096346072
20,98,Low,High,Yes,7,83,Medium,0,Low,Medium,Neutral,3,No,High School,Far,Female,68,0,1,0,1,1,0,0.0041185681317912485,1.5608534291868679
10,95,High,Medium,No,7,64,High,4,Low,Medium,Positive,3,No,Postgraduate,Near,Male,70,2,2,1,0,0,1,-1.66529122614708,1.3010367101449791
13,76,Low,Medium,Yes,10,97,High,4,Low,Low,Neutral,3,No,College,Moderate,Male,65,0,2,0,1,0,1,-1.1644682878634187,-0.344469177120317
24,72,High,High,No,7,61,Medium,3,Low,Medium,Neutral,2,No,High School,Near,Female,67,2,1,1,0,0,1,0.6718824858433398,-0.6908914691761688
24,69,Medium,Low,Yes,6,69,Medium,0,Low,High,Neutral,4,No,College,Near,Male,65,1,1,1,0,0,1,0.6718824858433398,-0.9507081882180577
18,81,Low,Medium,Yes,6,64,Medium,1,Medium,Medium,Positive,4,No,High School,Moderate,Female,65,0,1,0,1,0,1,-0.329763390723983,0.08855868794949777
14,65,Medium,High,Yes,9,97,Low,3,Low,High,Positive,4,No,High School,Near,Female,65,1,0,0,1,0,1,-0.9975273084355315,-1.2971304802739094
14,82,High,Low,Yes,8,91,High,1,Low,Medium,Negative,2,No,High School,Near,Male,66,2,2,0,1,0,1,-0.9975273084355315,0.17516426096346072
18,60,Medium,High,No,5,91,Low,2,Low,Medium,Negative,4,Yes,High School,Near,Male,62,1,0,0,1,0,1,-0.329763390723983,-1.7301583453437241
24,73,Medium,Medium,Yes,5,50,Low,1,Low,Medium,Negative,2,No,High School,Near,Male,63,1,0,0,1,0,1,0.6718824858433398,-0.6042858961622058
26,69,Low,Low,Yes,7,84,Medium,0,Medium,Medium,Neutral,3,Yes,High School,Moderate,Male,63,0,1,1,0,0,1,1.005764444699114,-0.9507081882180577
17,99,Medium,Medium,Yes,8,62,Medium,3,Medium,Medium,Neutral,3,No,High School,Near,Male,70,1,1,1,0,0,1,-0.49670437015187013,1.6474590022008309
13,89,Low,High,Yes,6,98,Medium,0,Medium,Medium,Negative,4,No,High School,Near,Male,67,0,1,1,0,0,1,-1.1644682878634187,0.7814032720612014
22,74,High,High,No,4,77,Low,0,High,Medium,Negative,3,Yes,High School,Near,Male,66,2,0,1,0,0,1,0.3380005269875655,-0.5176803231482429
15,64,High,Medium,No,5,78,Medium,2,Low,Medium,Positive,2,No,High School,Moderate,Male,63,2,1,0,1,0,1,-0.8305863290076444,-1.3837360532878724
17,81,High,Low,Yes,9,68,High,1,Low,Low,Positive,3,No,College,Near,Female,66,2,2,1,0,0,1,-0.49670437015187013,0.08855868794949777
28,69,Low,Medium,No,8,77,Medium,3,Medium,Medium,Neutral,4,No,College,Moderate,Female,67,0,1,0,1,0,1,1.3396464035548883,-0.9507081882180577
25,81,Medium,Medium,No,9,87,Low,1,Low,High,Negative,1,No,Postgraduate,Moderate,Female,68,1,0,1,0,0,1,0.8388234652712269,0.08855868794949777
21,93,Low,High,Yes,9,78,Low,1,Medium,Low,Neutral,2,Yes,High School,Far,Male,67,0,0,0,1,0,1,0.17105954755967837,1.1278255641170531
12,85,Medium,High,Yes,6,82,Medium,1,High,Medium,Neutral,2,No,High School,Far,Male,66,1,1,0,1,0,1,-1.3314092672913058,0.43498098000534957
21,85,High,High,Yes,6,74,Medium,2,Medium,Medium,Neutral,4,No,High School,Near,Female,71,2,1,0,1,0,1,0.17105954755967837,0.43498098000534957
26,82,Medium,Medium,Yes,7,86,Medium,0,Low,High,Neutral,2,Yes,Postgraduate,Near,Male,69,1,1,0,1,0,1,1.005764444699114,0.17516426096346072
18,97,High,Low,Yes,8,95,High,1,Medium,Medium,Positive,2,No,Postgraduate,Moderate,Male,72,2,2,0,1,0,1,-0.329763390723983,1.474247856172905
28,97,High,Low,Yes,9,53,Low,0,Low,Medium,Negative,3,No,College,Moderate,Female,70,2,0,1,0,0,1,1.3396464035548883,1.474247856172905
28,81,Medium,Medium,Yes,10,55,Medium,2,Medium,Low,Neutral,3,No,High School,Near,Male,68,1,1,1,0,0,1,1.3396464035548883,0.08855868794949777
30,72,Medium,Medium,No,8,84,Medium,1,Low,High,Positive,1,No,High School,Near,Male,68,1,1,1,0,0,1,1.6735283624106625,-0.6908914691761688
22,78,Low,High,Yes,8,69,High,2,Low,Medium,Negative,2,No,High School,Near,Female,67,0,2,0,1,0,1,0.3380005269875655,-0.1712580310923911
24,67,Medium,Medium,No,10,64,Low,1,Low,Medium,Positive,2,Yes,College,Far,Female,62,1,0,0,1,0,1,0.6718824858433398,-1.1239193342459837
28,85,Medium,Low,No,7,59,Low,1,Low,Medium,Neutral,3,No,Postgraduate,Far,Male,67,1,0,0,1,0,1,1.3396464035548883,0.43498098000534957
23,80,High,Medium,No,9,79,Medium,1,Medium,High,Negative,2,No,Postgraduate,Near,Male,69,2,1,0,1,0,1,0.5049415064154527,0.0019531149355348125
17,64,Medium,High,Yes,8,67,Medium,3,Low,Medium,Negative,3,No,College,Near,Male,64,1,1,0,1,0,1,-0.49670437015187013,-1.3837360532878724
17,68,Medium,High,Yes,8,75,Medium,2,Low,High,Positive,3,No,College,Near,Female,66,1,1,1,0,0,1,-0.49670437015187013,-1.0373137612320207
21,79,High,Low,Yes,7,98,High,2,Low,Medium,Positive,1,No,High School,Near,Male,69,2,2,0,1,0,1,0.17105954755967837,-0.08465245807842814
12,96,High,High,No,5,88,High,0,Medium,Medium,Positive,2,No,College,Moderate,Female,70,2,2,1,0,0,1,-1.3314092672913058,1.3876422831589421
19,83,High,Medium,No,8,90,Low,3,Low,Medium,Positive,3,No,College,Moderate,Female,69,2,0,0,1,0,1,-0.16282241129609587,0.26176983397742365
27,87,Medium,Medium,Yes,8,56,Medium,3,Medium,High,Neutral,3,No,Postgraduate,Near,Male,72,1,1,0,1,0,1,1.1727054241270012,0.6081921260332754
7,74,Medium,Medium,Yes,6,66,Low,1,Low,High,Positive,2,No,High School,Near,Female,61,1,0,1,0,0,1,-2.1661141644307413,-0.5176803231482429
29,83,Medium,Medium,No,7,55,High,2,Low,Low,Negative,4,No,High School,Near,Female,68,1,2,1,0,0,1,1.5065873829827754,0.26176983397742365
27,78,Medium,Medium,No,6,98,Low,1,Medium,Medium,Positive,3,No,High School,Far,Male,68,1,0,0,1,0,1,1.1727054241270012,-0.1712580310923911
17,86,Low,Medium,No,6,84,High,0,Medium,Medium,Neutral,3,No,High School,Near,Female,66,0,2,1,0,0,1,-0.49670437015187013,0.5215865530193126
23,62,Medium,Medium,No,6,51,Medium,5,High,Medium,Negative,2,No,College,Near,Male,65,1,1,0,1,0,1,0.5049415064154527,-1.5569471993157984
20,80,High,Low,Yes,5,74,Medium,2,Low,Low,Negative,4,No,College,Moderate,Female,66,2,1,0,1,0,1,0.0041185681317912485,0.0019531149355348125
27,72,Medium,Medium,No,6,63,Medium,1,High,Medium,Negative,5,No,College,Moderate,Female,67,1,1,1,0,0,1,1.1727054241270012,-0.6908914691761688
26,73,Medium,High,No,8,77,Medium,0,Medium,High,Positive,2,No,College,Far,Male,68,1,1,1,0,0,1,1.005764444699114,-0.6042858961622058
12,98,Low,Medium,No,9,59,Low,1,High,Medium,Neutral,2,No,Postgraduate,Near,Female,67,0,0,0,1,0,1,-1.3314092672913058,1.5608534291868679
24,67,Low,Medium,Yes,10,53,Medium,0,Medium,Medium,Positive,3,Yes,College,Near,Female,63,0,1,0,1,0,1,0.6718824858433398,-1.1239193342459837
19,72,Medium,Low,No,6,66,Medium,0,Medium,High,Neutral,2,No,Postgraduate,Near,Male,64,1,1,1,0,0,1,-0.16282241129609587,-0.6908914691761688
20,80,Medium,Low,No,9,65,High,1,Medium,Medium,Positive,3,No,College,Far,Male,66,1,2,1,0,0,1,0.0041185681317912485,0.0019531149355348125
16,95,High,Medium,Yes,8,86,Medium,0,Low,Low,Positive,4,No,High School,Moderate,Male,69,2,1,0,1,0,1,-0.6636453495797573,1.3010367101449791
30,77,Medium,Low,Yes,7,74,Medium,3,High,Medium,Neutral,3,No,Postgraduate,Moderate,Male,70,1,1,1,0,0,1,1.6735283624106625,-0.25786360410635406
26,90,Medium,Medium,No,8,65,High,3,Medium,High,Positive,2,No,High School,Near,Female,72,1,2,1,0,0,1,1.005764444699114,0.8680088450751643
16,94,Medium,High,No,9,79,High,2,High,Medium,Positive,5,No,High School,Moderate,Female,71,1,2,0,1,0,1,-0.6636453495797573,1.2144311371310161
12,72,Medium,Medium,Yes,6,54,Low,3,Low,Medium,Positive,2,No,Postgraduate,Near,Male,63,1,0,0,1,0,1,-1.3314092672913058,-0.6908914691761688
18,76,High,High,No,6,83,Medium,1,High,Medium,Neutral,4,No,High School,Near,Male,68,2,1,0,1,0,1,-0.329763390723983,-0.344469177120317
23,74,Medium,High,Yes,6,57,Low,1,High,High,Neutral,3,No,College,Near,Male,67,1,0,1,0,1,0,0.5049415064154527,-0.5176803231482429
21,93,Medium,Low,No,6,64,Medium,2,Low,Medium,Positive,4,No,Postgraduate,Moderate,Male,69,1,1,0,1,0,1,0.17105954755967837,1.1278255641170531
28,62,Medium,Medium,No,9,64,High,1,Low,Medium,Negative,2,No,Postgraduate,Near,Male,65,1,2,1,0,0,1,1.3396464035548883,-1.5569471993157984
25,72,High,Low,Yes,6,73,High,4,Medium,High,Neutral,4,No,College,Moderate,Male,69,2,2,0,1,0,1,0.8388234652712269,-0.6908914691761688
26,87,Medium,Medium,No,6,98,High,0,Medium,High,Negative,4,No,College,Moderate,Male,71,1,2,0,1,0,1,1.005764444699114,0.6081921260332754
22,83,Medium,Low,Yes,7,66,Medium,2,Medium,Medium,Neutral,3,No,High School,Near,Female,67,1,1,1,0,0,1,0.3380005269875655,0.26176983397742365
12,77,Low,Medium,No,7,64,Low,2,High,High,Positive,4,No,College,Moderate,Female,64,0,0,0,1,0,1,-1.3314092672913058,-0.25786360410635406
19,82,High,Medium,Yes,6,58,Low,2,Medium,High,Positive,3,No,College,Near,Female,68,2,0,1,0,0,1,-0.16282241129609587,0.17516426096346072
26,68,High,Low,Yes,10,70,Medium,1,Low,Medium,Positive,3,No,College,Near,Male,67,2,1,0,1,0,1,1.005764444699114,-1.0373137612320207
20,77,Low,Low,No,6,59,Low,1,High,Medium,Negative,2,No,High School,Moderate,Female,62,0,0,0,1,0,1,0.0041185681317912485,-0.25786360410635406
23,80,High,Medium,No,7,57,Low,2,Medium,High,Negative,2,No,Postgraduate,Moderate,Female,68,2,0,0,1,0,1,0.5049415064154527,0.0019531149355348125
18,96,Medium,Medium,Yes,4,93,Medium,0,Medium,High,Positive,4,No,College,Near,Female,72,1,1,0,1,0,1,-0.329763390723983,1.3876422831589421
14,70,Medium,High,Yes,7,53,Low,0,Medium,Medium,Negative,3,No,High School,Moderate,Male,61,1,0,0,1,0,1,-0.9975273084355315,-0.8641026152040947
19,95,Low,Low,Yes,5,86,Medium,0,High,Medium,Negative,4,No,High School,Moderate,Male,67,0,1,0,1,0,1,-0.16282241129609587,1.3010367101449791
22,86,High,Medium,No,6,60,High,0,High,High,Neutral,3,No,Postgraduate,Near,Male,70,2,2,0,1,0,1,0.3380005269875655,0.5215865530193126
16,61,Low,Medium,Yes,4,51,Low,1,Low,Medium,Neutral,3,No,High School,Near,Male,59,0,0,0,1,0,1,-0.6636453495797573,-1.6435527723297614
19,89,High,Medium,Yes,6,90,High,0,Low,High,Negative,4,No,College,Moderate,Female,70,2,2,1,0,0,1,-0.16282241129609587,0.7814032720612014
14,61,Low,Medium,No,7,85,High,1,Low,Medium,Neutral,1,No,High School,Near,Female,60,0,2,0,1,0,1,-0.9975273084355315,-1.6435527723297614
27,100,High,Medium,No,7,67,Medium,1,High,High,Neutral,3,No,College,Moderate,Male,74,2,1,0,1,0,1,1.1727054241270012,1.7340645752147938
18,95,Low,High,Yes,6,54,High,0,Medium,High,Negative,3,No,College,Moderate,Male,68,0,2,1,0,0,1,-0.329763390723983,1.3010367101449791
29,72,Medium,Medium,No,7,68,Low,0,Low,Medium,Positive,3,No,College,Near,Female,67,1,0,0,1,0,1,1.5065873829827754,-0.6908914691761688
29,70,Medium,Low,No,6,59,High,2,Medium,Medium,Neutral,4,No,Postgraduate,Far,Male,67,1,2,1,0,0,1,1.5065873829827754,-0.8641026152040947
20,75,Low,Medium,Yes,7,97,High,0,Medium,Medium,Neutral,2,No,College,Near,Female,66,0,2,0,1,0,1,0.0041185681317912485,-0.4310747501342799
14,74,Medium,Medium,No,7,76,High,1,Low,High,Neutral,2,No,High School,Far,Female,63,1,2,0,1,0,1,-0.9975273084355315,-0.5176803231482429
7,75,Medium,Medium,No,7,98,Low,1,Low,High,Positive,3,No,College,Near,Male,62,1,0,0,1,1,0,-2.1661141644307413,-0.4310747501342799
11,73,High,Low,Yes,7,68,High,3,Low,High,Neutral,3,No,College,Moderate,Female,64,2,2,1,0,0,1,-1.498350246719193,-0.6042858961622058
12,85,Medium,Medium,Yes,6,78,High,3,Medium,Medium,Neutral,4,No,College,Near,Male,68,1,2,0,1,0,1,-1.3314092672913058,0.43498098000534957
28,67,Medium,Medium,No,8,60,High,0,Medium,Medium,Positive,3,No,High School,Moderate,Female,65,1,2,0,1,0,1,1.3396464035548883,-1.1239193342459837
21,94,Medium,Low,Yes,8,90,Low,1,Medium,Medium,Positive,4,No,Postgraduate,Near,Female,71,1,0,0,1,0,1,0.17105954755967837,1.2144311371310161
22,92,Medium,Medium,Yes,7,52,Low,1,Medium,Medium,Negative,3,No,Postgraduate,Near,Female,68,1,0,1,0,1,0,0.3380005269875655,1.0412199911030902
7,79,Low,High,Yes,9,85,Medium,0,Medium,Medium,Negative,2,No,High School,Near,Male,62,0,1,0,1,0,1,-2.1661141644307413,-0.08465245807842814
13,94,High,High,Yes,7,70,Medium,1,Medium,Medium,Negative,3,No,High School,Moderate,Male,68,2,1,1,0,0,1,-1.1644682878634187,1.2144311371310161
25,70,Medium,Medium,Yes,7,79,Low,3,High,Medium,Neutral,3,No,High School,Near,Male,68,1,0,0,1,0,1,0.8388234652712269,-0.8641026152040947
22,61,High,Medium,Yes,7,80,High,3,Medium,High,Neutral,3,No,Postgraduate,Moderate,Male,67,2,2,0,1,0,1,0.3380005269875655,-1.6435527723297614
19,85,Medium,Medium,Yes,7,86,Medium,0,Low,Medium,Positive,2,No,College,Moderate,Female,67,1,1,0,1,0,1,-0.16282241129609587,0.43498098000534957
23,78,High,High,Yes,6,60,Medium,2,High,High,Positive,4,No,High School,Far,Male,70,2,1,0,1,0,1,0.5049415064154527,-0.1712580310923911
30,83,Low,Medium,Yes,4,77,Medium,0,Low,Medium,Neutral,4,No,High School,Near,Female,69,0,1,0,1,0,1,1.6735283624106625,0.26176983397742365
19,96,Low,Medium,No,7,71,Medium,2,Low,High,Positive,3,No,Postgraduate,Moderate,Male,70,0,1,1,0,0,1,-0.16282241129609587,1.3876422831589421
20,99,Medium,Low,No,8,64,Low,1,High,Medium,Positive,2,No,High School,Near,Male,69,1,0,0,1,0,1,0.0041185681317912485,1.6474590022008309
21,85,High,Medium,Yes,5,75,Low,1,High,High,Positive,2,No,High School,Moderate,Female,70,2,0,0,1,0,1,0.17105954755967837,0.43498098000534957
34,91,Medium,Low,No,9,98,Medium,0,Medium,Medium,Neutral,4,No,High School,Moderate,Male,72,1,1,0,1,0,1,2.341292280122211,0.9546144180891273
7,63,Low,Medium,No,5,97,Medium,1,Low,Medium,Neutral,2,No,High School,Near,Female,59,0,1,0,1,0,1,-2.1661141644307413,-1.4703416263018354
24,66,Medium,Medium,No,6,64,Medium,0,Medium,High,Neutral,4,No,High School,Near,Male,64,1,1,0,1,1,0,0.6718824858433398,-1.2105249072599464
19,89,High,High,Yes,10,94,Medium,0,High,Medium,Neutral,1,No,College,Near,Female,72,2,1,1,0,0,1,-0.16282241129609587,0.7814032720612014
23,77,Low,High,Yes,8,94,Medium,0,High,Medium,Positive,3,No,Postgraduate,Near,Male,70,0,1,1,0,0,1,0.5049415064154527,-0.25786360410635406
16,78,Low,High,No,7,62,Medium,0,High,High,Negative,1,No,High School,Far,Female,63,0,1,0,1,0,1,-0.6636453495797573,-0.1712580310923911
20,72,High,Medium,Yes,7,80,Medium,1,Low,High,Negative,3,No,College,Near,Male,66,2,1,1,0,0,1,0.0041185681317912485,-0.6908914691761688
24,84,High,High,No,9,93,Medium,3,High,Medium,Neutral,4,No,High School,Far,Male,72,2,1,0,1,0,1,0.6718824858433398,0.34837540699138664
39,67,High,High,Yes,5,76,Medium,2,Medium,Medium,Negative,4,No,High School,Near,Female,71,2,1,1,0,1,0,3.1759971772616464,-1.1239193342459837
25,85,High,High,No,9,68,Medium,1,High,Medium,Negative,3,No,Postgraduate,Far,Female,71,2,1,0,1,0,1,0.8388234652712269,0.43498098000534957
15,67,Low,Medium,Yes,6,83,Low,3,Medium,Low,Positive,3,No,High School,Moderate,Male,62,0,0,0,1,0,1,-0.8305863290076444,-1.1239193342459837
17,63,Medium,Medium,Yes,8,59,Medium,1,Low,High,Positive,1,No,Postgraduate,Moderate,Male,62,1,1,0,1,0,1,-0.49670437015187013,-1.4703416263018354
17,73,Medium,Low,No,6,58,Medium,4,Medium,Medium,Positive,1,No,College,Near,Male,64,1,1,0,1,0,1,-0.49670437015187013,-0.6042858961622058
9,69,High,High,Yes,10,92,Medium,2,Low,Medium,Neutral,3,No,Postgraduate,Near,Male,65,2,1,1,0,0,1,-1.8322322055749671,-0.9507081882180577
18,96,High,Low,Yes,7,52,Low,1,Low,Medium,Neutral,4,No,College,Near,Female,68,2,0,1,0,0,1,-0.329763390723983,1.3876422831589421
24,62,High,Medium,Yes,5,90,Low,0,High,Medium,Positive,3,No,College,Near,Male,67,2,0,1,0,0,1,0.6718824858433398,-1.5569471993157984
12,67,Medium,Medium,Yes,8,65,Low,1,High,Medium,Neutral,3,No,High School,Moderate,Male,61,1,0,0,1,0,1,-1.3314092672913058,-1.1239193342459837
26,82,Low,Low,Yes,9,74,High,2,Medium,Medium,Negative,5,No,High School,Moderate,Female,68,0,2,0,1,0,1,1.005764444699114,0.17516426096346072
23,79,Medium,High,No,9,77,Medium,1,Low,High,Neutral,3,No,High School,Near,Male,68,1,1,0,1,0,1,0.5049415064154527,-0.08465245807842814
16,62,Medium,Medium,No,7,88,Medium,1,Low,High,Neutral,1,No,High School,Near,Female,62,1,1,0,1,0,1,-0.6636453495797573,-1.5569471993157984
19,60,Medium,Low,No,8,94,High,1,Low,Low,Neutral,3,No,High School,Near,Female,62,1,2,1,0,0,1,-0.16282241129609587,-1.7301583453437241
30,100,High,High,Yes,6,90,Low,0,Medium,Low,Positive,2,Yes,High School,Near,Male,74,2,0,0,1,0,1,1.6735283624106625,1.7340645752147938
24,86,Medium,Medium,Yes,8,79,Medium,0,Low,Medium,Neutral,4,No,High School,Near,Female,68,1,1,0,1,1,0,0.6718824858433398,0.5215865530193126
20,75,Low,High,No,8,67,Medium,1,High,Low,Positive,4,No,College,Moderate,Male,66,0,1,0,1,0,1,0.0041185681317912485,-0.4310747501342799
19,79,Medium,Medium,No,4,76,High,1,Medium,Medium,Neutral,3,No,High School,Near,Male,67,1,2,1,0,0,1,-0.16282241129609587,-0.08465245807842814
20,71,High,Medium,No,5,52,High,1,Medium,High,Neutral,3,No,High School,Moderate,Male,65,2,2,0,1,0,1,0.0041185681317912485,-0.7774970421901317
17,74,Medium,Medium,Yes,7,62,Medium,2,High,Medium,Positive,4,No,High School,Near,Male,66,1,1,0,1,0,1,-0.49670437015187013,-0.5176803231482429
7,86,High,Medium,No,7,68,Medium,5,Low,Medium,Positive,4,No,Postgraduate,Moderate,Male,67,2,1,0,1,0,1,-2.1661141644307413,0.5215865530193126
32,95,Medium,Medium,Yes,7,66,High,5,High,Medium,Negative,3,No,College,Near,Male,76,1,2,1,0,0,1,2.0074103212664367,1.3010367101449791
21,67,Low,High,Yes,7,55,High,2,High,High,Positive,3,No,High School,Moderate,Female,66,0,2,1,0,0,1,0.17105954755967837,-1.1239193342459837
22,94,Low,Low,No,9,53,High,1,Medium,High,Neutral,3,No,College,Near,Female,68,0,2,0,1,0,1,0.3380005269875655,1.2144311371310161
20,65,High,Medium,Yes,8,71,Low,2,Low,Medium,Neutral,3,Yes,College,Near,Female,63,2,0,1,0,0,1,0.0041185681317912485,-1.2971304802739094
16,69,Medium,High,Yes,4,54,Medium,4,Low,Low,Positive,4,No,College,Near,Female,65,1,1,0,1,0,1,-0.6636453495797573,-0.9507081882180577
19,61,High,Medium,No,10,64,Medium,3,Low,Medium,Positive,3,No,High School,Moderate,Male,63,2,1,0,1,0,1,-0.16282241129609587,-1.6435527723297614
10,66,Medium,Medium,No,4,74,Low,2,Low,Medium,Negative,2,No,High School,Moderate,Male,59,1,0,0,1,0,1,-1.66529122614708,-1.2105249072599464
34,97,Medium,Medium,No,8,60,Medium,2,Medium,Medium,Neutral,4,No,High School,Near,Male,74,1,1,1,0,0,1,2.341292280122211,1.474247856172905
13,78,Medium,Low,Yes,5,54,Low,2,Low,High,Positive,3,Yes,College,Near,Male,62,1,0,0,1,0,1,-1.1644682878634187,-0.1712580310923911
14,63,Low,Low,Yes,9,72,Medium,3,Low,Low,Positive,4,Yes,High School,Near,Female,59,0,1,0,1,0,1,-0.9975273084355315,-1.4703416263018354
17,98,Medium,High,Yes,7,72,High,0,Low,Medium,Positive,3,No,High School,Near,Male,71,1,2,0,1,0,1,-0.49670437015187013,1.5608534291868679
28,95,Medium,Medium,No,8,96,Medium,1,Medium,Medium,Neutral,3,No,Postgraduate,Moderate,Male,73,1,1,0,1,0,1,1.3396464035548883,1.3010367101449791
20,90,High,Medium,Yes,4,56,Medium,0,Low,High,Positive,1,No,High School,Moderate,Male,68,2,1,1,0,0,1,0.0041185681317912485,0.8680088450751643
13,97,Medium,Medium,Yes,8,81,Medium,3,Low,Medium,Neutral,1,No,High School,Far,Male,68,1,1,0,1,0,1,-1.1644682878634187,1.474247856172905
28,69,Medium,Medium,Yes,8,66,Medium,0,Low,Medium,Positive,6,No,College,Far,Male,66,1,1,0,1,0,1,1.3396464035548883,-0.9507081882180577
24,93,Low,High,Yes,8,56,Medium,1,Low,Medium,Neutral,3,No,College,Moderate,Male,69,0,1,0,1,0,1,0.6718824858433398,1.1278255641170531
23,88,Medium,Medium,No,8,70,Medium,2,Medium,High,Neutral,4,No,High School,Near,Female,70,1,1,0,1,0,1,0.5049415064154527,0.6947976990472384
24,95,Medium,High,Yes,7,71,High,1,Medium,High,Positive,3,No,High School,Near,Male,74,1,2,0,1,0,1,0.6718824858433398,1.3010367101449791
34,92,High,Medium,No,7,68,Low,0,Medium,High,Positive,5,No,College,Near,Female,75,2,0,0,1,0,1,2.341292280122211,1.0412199911030902
33,74,Medium,Medium,Yes,6,88,Medium,2,Medium,Medium,Neutral,3,No,College,Near,Male,71,1,1,1,0,0,1,2.174351300694324,-0.5176803231482429
16,91,High,High,Yes,6,92,Low,2,Low,High,Positive,3,No,High School,Moderate,Male,71,2,0,1,0,0,1,-0.6636453495797573,0.9546144180891273
30,70,Medium,Medium,No,9,57,Medium,1,Low,Medium,Negative,4,No,College,Far,Female,65,1,1,0,1,0,1,1.6735283624106625,-0.8641026152040947
22,73,Low,Medium,No,6,58,High,1,Medium,Medium,Positive,3,No,Postgraduate,Moderate,Male,65,0,2,1,0,0,1,0.3380005269875655,-0.6042858961622058
23,64,Medium,High,No,4,71,Low,2,Medium,Medium,Negative,1,No,Postgraduate,Near,Male,65,1,0,0,1,0,1,0.5049415064154527,-1.3837360532878724
10,97,Medium,Medium,No,6,66,Medium,2,Low,Medium,Neutral,2,No,Postgraduate,Near,Female,67,1,1,0,1,0,1,-1.66529122614708,1.474247856172905
19,72,Medium,Medium,Yes,8,91,High,1,Low,Medium,Positive,4,No,High School,Moderate,Male,67,1,2,1,0,0,1,-0.16282241129609587,-0.6908914691761688
15,81,Medium,Medium,Yes,7,100,Medium,1,Low,Medium,Neutral,3,No,Postgraduate,Moderate,Male,67,1,1,0,1,0,1,-0.8305863290076444,0.08855868794949777
25,76,High,High,Yes,8,59,Medium,4,Medium,Medium,Neutral,4,No,College,Near,Female,71,2,1,1,0,0,1,0.8388234652712269,-0.344469177120317
26,98,High,Low,No,4,88,Low,1,Medium,High,Neutral,1,No,College,Moderate,Female,72,2,0,0,1,0,1,1.005764444699114,1.5608534291868679
8,73,Medium,High,Yes,4,80,Low,0,Low,High,Neutral,4,No,College,Moderate,Male,62,1,0,0,1,0,1,-1.9991731850028542,-0.6042858961622058
20,91,High,Low,Yes,7,82,Medium,0,Medium,Medium,Neutral,4,No,College,Near,Male,70,2,1,0,1,0,1,0.0041185681317912485,0.9546144180891273
27,94,Medium,High,No,9,63,High,0,Low,Medium,Neutral,4,No,College,Near,Female,72,1,2,0,1,0,1,1.1727054241270012,1.2144311371310161
19,77,Low,Medium,Yes,4,55,Medium,0,Medium,Low,Positive,4,No,College,Moderate,Male,64,0,1,0,1,0,1,-0.16282241129609587,-0.25786360410635406
24,75,High,Low,Yes,8,77,High,1,Low,Medium,Negative,1,No,College,Moderate,Male,66,2,2,1,0,0,1,0.6718824858433398,-0.4310747501342799
22,90,Low,Medium,Yes,9,81,Medium,0,Medium,Medium,Neutral,4,No,High School,Near,Male,69,0,1,0,1,0,1,0.3380005269875655,0.8680088450751643
22,97,High,Medium,No,7,98,High,0,Medium,Medium,Negative,0,No,College,Moderate,Female,71,2,2,0,1,0,1,0.3380005269875655,1.474247856172905
18,90,Medium,Low,No,8,84,High,2,Low,High,Positive,3,No,High School,Moderate,Male,68,1,2,1,0,0,1,-0.329763390723983,0.8680088450751643
13,69,Medium,Medium,Yes,7,72,Low,2,High,Medium,Positive,2,No,High School,Moderate,Female,63,1,0,0,1,0,1,-1.1644682878634187,-0.9507081882180577
13,96,Medium,High,Yes,7,100,Medium,4,Medium,High,Negative,3,No,High School,Near,Male,71,1,1,0,1,1,0,-1.1644682878634187,1.3876422831589421
24,76,High,Low,Yes,8,69,Low,3,Low,Medium,Negative,1,No,High School,Near,Male,65,2,0,1,0,0,1,0.6718824858433398,-0.344469177120317
20,83,Low,High,Yes,10,58,Medium,0,Low,High,Neutral,1,No,High School,Near,Female,66,0,1,0,1,0,1,0.0041185681317912485,0.26176983397742365
19,93,Low,Low,Yes,6,81,Medium,2,High,Medium,Positive,3,Yes,College,Moderate,Female,68,0,1,1,0,0,1,-0.16282241129609587,1.1278255641170531
17,68,Medium,Medium,Yes,7,63,Medium,0,Low,Medium,Neutral,3,No,High School,Moderate,Male,61,1,1,0,1,1,0,-0.49670437015187013,-1.0373137612320207
18,91,Low,High,No,6,96,Medium,2,Low,Medium,Positive,3,No,Postgraduate,Near,Male,71,0,1,1,0,0,1,-0.329763390723983,0.9546144180891273
26,84,Medium,High,Yes,7,71,Medium,0,Medium,Medium,Neutral,2,No,High School,Near,Female,70,1,1,0,1,0,1,1.005764444699114,0.34837540699138664
18,96,High,Low,No,7,57,Low,1,Low,Medium,Negative,3,No,High School,Moderate,Female,66,2,0,0,1,0,1,-0.329763390723983,1.3876422831589421
12,67,High,Medium,Yes,9,57,Low,0,Low,Medium,Positive,2,No,College,Moderate,Male,61,2,0,1,0,0,1,-1.3314092672913058,-1.1239193342459837
24,77,High,Low,Yes,9,82,Low,1,Medium,Medium,Neutral,2,No,High School,Near,Male,67,2,0,1,0,0,1,0.6718824858433398,-0.25786360410635406
19,93,High,Medium,Yes,8,68,Medium,1,High,High,Positive,3,No,Postgraduate,Near,Female,72,2,1,0,1,0,1,-0.16282241129609587,1.1278255641170531
20,61,High,High,No,9,68,Medium,1,High,Low,Positive,3,No,High School,Near,Female,65,2,1,1,0,0,1,0.0041185681317912485,-1.6435527723297614
30,64,High,Medium,No,6,81,Low,3,Medium,Medium,Negative,2,No,College,Near,Female,68,2,0,0,1,0,1,1.6735283624106625,-1.3837360532878724
20,100,Low,Medium,Yes,6,61,High,3,Medium,Medium,Positive,4,No,College,Far,Male,70,0,2,0,1,1,0,0.0041185681317912485,1.7340645752147938
22,71,Medium,Low,Yes,8,57,Medium,1,Low,High,Negative,4,No,High School,Moderate,Male,63,1,1,0,1,0,1,0.3380005269875655,-0.7774970421901317
13,99,High,Low,No,7,83,Medium,1,Medium,Medium,Neutral,4,No,Postgraduate,Far,Female,69,2,1,0,1,0,1,-1.1644682878634187,1.6474590022008309
19,67,Medium,Low,No,10,50,Medium,0,High,Medium,Positive,3,No,High School,Near,Male,62,1,1,0,1,0,1,-0.16282241129609587,-1.1239193342459837
24,74,High,High,No,4,95,High,1,High,Medium,Neutral,4,No,Postgraduate,Moderate,Female,71,2,2,0,1,0,1,0.6718824858433398,-0.5176803231482429
11,90,Low,Low,Yes,8,59,Low,1,Low,High,Positive,4,No,High School,Near,Male,64,0,0,0,1,0,1,-1.498350246719193,0.8680088450751643
21,86,High,Medium,No,8,72,Medium,0,High,High,Positive,3,No,High School,Moderate,Male,69,2,1,0,1,0,1,0.17105954755967837,0.5215865530193126
21,83,Medium,High,Yes,6,61,High,2,Low,High,Positive,3,No,Postgraduate,Near,Male,71,1,2,0,1,0,1,0.17105954755967837,0.26176983397742365
20,81,Low,Medium,Yes,6,61,Low,0,Low,Medium,Positive,4,Yes,High School,Near,Female,63,0,0,0,1,1,0,0.0041185681317912485,0.08855868794949777
26,94,Low,High,Yes,6,92,Low,1,Low,High,Neutral,3,No,High School,Near,Female,72,0,0,0,1,0,1,1.005764444699114,1.2144311371310161
22,69,Medium,Medium,Yes,5,79,Medium,1,Low,Low,Positive,3,No,College,Near,Male,66,1,1,0,1,0,1,0.3380005269875655,-0.9507081882180577
29,78,High,Medium,Yes,9,66,Medium,2,Low,Medium,Neutral,4,No,High School,Moderate,Male,69,2,1,0,1,0,1,1.5065873829827754,-0.1712580310923911
14,66,Medium,Medium,Yes,10,63,Low,0,Low,Medium,Positive,3,No,High School,Moderate,Male,60,1,0,0,1,0,1,-0.9975273084355315,-1.2105249072599464
21,84,High,High,Yes,6,61,Low,1,Medium,High,Negative,4,No,High School,Moderate,Female,68,2,0,1,0,0,1,0.17105954755967837,0.34837540699138664
21,70,Medium,High,No,6,78,Medium,3,Medium,Low,Neutral,2,No,College,Far,Male,65,1,1,0,1,0,1,0.17105954755967837,-0.8641026152040947
14,73,High,Medium,No,5,87,High,2,Medium,Medium,Positive,4,No,College,Near,Female,67,2,2,0,1,0,1,-0.9975273084355315,-0.6042858961622058
26,79,Medium,Low,Yes,5,63,Medium,0,Low,Medium,Positive,2,No,High School,Near,Male,66,1,1,0,1,0,1,1.005764444699114,-0.08465245807842814
34,61,Medium,Medium,Yes,6,67,High,1,High,Medium,Neutral,2,No,Postgraduate,Moderate,Male,68,1,2,1,0,0,1,2.341292280122211,-1.6435527723297614
20,64,Low,Medium,Yes,9,86,Medium,0,Low,High,Negative,4,No,High School,Near,Female,63,0,1,1,0,0,1,0.0041185681317912485,-1.3837360532878724
23,87,High,High,Yes,10,87,Medium,1,Medium,Medium,Positive,3,No,College,Near,Male,73,2,1,1,0,0,1,0.5049415064154527,0.6081921260332754
21,77,Medium,Medium,Yes,6,60,Medium,1,Medium,Medium,Neutral,3,No,College,Moderate,Male,66,1,1,1,0,0,1,0.17105954755967837,-0.25786360410635406
16,95,Low,Medium,Yes,6,69,Low,2,Low,High,Neutral,3,Yes,College,Near,Male,67,0,0,0,1,0,1,-0.6636453495797573,1.3010367101449791
9,88,Low,Medium,Yes,5,93,Low,2,Medium,Medium,Neutral,4,No,Postgraduate,Near,Male,66,0,0,0,1,0,1,-1.8322322055749671,0.6947976990472384
16,60,Medium,Low,No,8,87,Low,0,Low,Low,Positive,5,No,High School,Near,Male,60,1,0,0,1,0,1,-0.6636453495797573,-1.7301583453437241
12,85,High,High,No,8,58,Low,1,Low,High,Positive,3,No,Postgraduate,Near,Male,67,2,0,0,1,0,1,-1.3314092672913058,0.43498098000534957
30,64,Medium,Medium,No,7,69,Medium,3,High,Low,Negative,4,No,High School,Near,Female,67,1,1,0,1,0,1,1.6735283624106625,-1.3837360532878724
19,91,Medium,Medium,Yes,6,99,High,0,Medium,Medium,Neutral,2,No,High School,Near,Female,70,1,2,0,1,0,1,-0.16282241129609587,0.9546144180891273
18,100,High,Low,No,9,76,Low,1,Low,Medium,Positive,2,No,High School,Near,Female,69,2,0,0,1,0,1,-0.329763390723983,1.7340645752147938
25,81,Medium,Low,Yes,8,86,Medium,1,Low,Medium,Negative,3,No,Postgraduate,Near,Male,68,1,1,0,1,0,1,0.8388234652712269,0.08855868794949777
13,87,High,Low,Yes,8,55,High,1,High,High,Positive,3,No,High School,Near,Female,67,2,2,1,0,0,1,-1.1644682878634187,0.6081921260332754
15,69,Medium,High,No,8,92,Low,0,Low,Medium,Neutral,1,No,College,Moderate,Male,63,1,0,0,1,0,1,-0.8305863290076444,-0.9507081882180577
20,78,High,Medium,No,7,80,High,2,High,Medium,Positive,3,No,College,Near,Male,70,2,2,0,1,0,1,0.0041185681317912485,-0.1712580310923911
26,94,Low,Medium,No,6,59,High,4,Low,Medium,Neutral,3,No,High School,Near,Female,71,0,2,0,1,0,1,1.005764444699114,1.2144311371310161
23,67,High,High,Yes,8,69,Low,1,High,Medium,Neutral,2,No,High School,Near,Female,67,2,0,0,1,0,1,0.5049415064154527,-1.1239193342459837
21,71,Medium,Medium,No,8,54,High,1,Medium,Medium,Neutral,3,No,High School,Near,Male,64,1,2,1,0,0,1,0.17105954755967837,-0.7774970421901317
20,78,Low,Medium,No,8,89,High,0,Medium,Medium,Neutral,4,No,College,Near,Female,66,0,2,1,0,1,0,0.0041185681317912485,-0.1712580310923911
22,88,Medium,Medium,Yes,5,87,Low,1,Low,High,Neutral,3,No,Postgraduate,Near,Male,70,1,0,0,1,0,1,0.3380005269875655,0.6947976990472384
21,75,Medium,Low,Yes,8,75,High,1,Medium,Medium,Negative,2,No,High School,Moderate,Male,65,1,2,1,0,0,1,0.17105954755967837,-0.4310747501342799
14,97,Low,Medium,Yes,7,73,Medium,2,Medium,Low,Positive,3,No,College,Moderate,Male,68,0,1,0,1,0,1,-0.9975273084355315,1.474247856172905
20,64,Medium,Low,Yes,6,73,High,3,Medium,High,Negative,5,No,Postgraduate,Far,Female,65,1,2,0,1,0,1,0.0041185681317912485,-1.3837360532878724
14,75,High,Medium,No,8,52,Medium,3,Medium,Medium,Neutral,1,No,Postgraduate,Near,Male,65,2,1,0,1,0,1,-0.9975273084355315,-0.4310747501342799
20,88,Medium,Medium,Yes,7,68,Medium,0,Low,High,Positive,4,No,College,Near,Female,69,1,1,0,1,0,1,0.0041185681317912485,0.6947976990472384
17,69,Medium,Medium,No,10,56,Medium,1,Medium,Medium,Neutral,4,No,High School,Near,Female,63,1,1,0,1,0,1,-0.49670437015187013,-0.9507081882180577
35,86,Low,Medium,No,8,59,Medium,2,Low,Low,Positive,2,No,College,Moderate,Female,70,0,1,0,1,0,1,2.508233259550098,0.5215865530193126
20,67,Low,Low,Yes,7,98,Medium,1,Medium,Medium,Neutral,4,No,College,Near,Male,64,0,1,0,1,0,1,0.0041185681317912485,-1.1239193342459837
12,62,Medium,High,Yes,7,63,High,1,High,Medium,Neutral,4,No,High School,Near,Female,62,1,2,0,1,0,1,-1.3314092672913058,-1.5569471993157984
19,65,High,High,Yes,5,74,Medium,1,Low,Medium,Positive,3,No,High School,Near,Female,66,2,1,1,0,0,1,-0.16282241129609587,-1.2971304802739094
23,97,High,Low,Yes,9,94,High,2,Low,Medium,Positive,3,No,High School,Moderate,Male,73,2,2,0,1,0,1,0.5049415064154527,1.474247856172905
30,82,Medium,High,Yes,7,71,Medium,3,Low,High,Neutral,3,No,Postgraduate,Far,Female,72,1,1,0,1,0,1,1.6735283624106625,0.17516426096346072
16,92,Medium,Medium,Yes,7,76,High,0,High,Medium,Neutral,2,No,Postgraduate,Far,Male,68,1,2,1,0,1,0,-0.6636453495797573,1.0412199911030902
11,73,Medium,High,No,5,58,Medium,0,Medium,Medium,Positive,4,No,College,Near,Male,62,1,1,1,0,1,0,-1.498350246719193,-0.6042858961622058
25,84,Medium,Low,No,8,64,Medium,2,Low,Medium,Neutral,4,No,High School,Near,Male,67,1,1,1,0,0,1,0.8388234652712269,0.34837540699138664
12,80,Medium,Low,No,6,75,Medium,1,Low,High,Negative,4,No,High School,Moderate,Male,62,1,1,0,1,0,1,-1.3314092672913058,0.0019531149355348125
17,98,High,High,No,6,68,Medium,2,Medium,Medium,Positive,3,No,High School,Near,Male,72,2,1,0,1,0,1,-0.49670437015187013,1.5608534291868679
18,90,Low,High,No,7,52,High,2,Medium,High,Negative,2,No,High School,Near,Male,67,0,2,0,1,0,1,-0.329763390723983,0.8680088450751643
20,89,High,Medium,Yes,6,70,Low,1,Low,Medium,Positive,3,No,High School,Moderate,Female,68,2,0,1,0,0,1,0.0041185681317912485,0.7814032720612014
24,62,Low,High,Yes,6,91,Medium,2,Medium,Medium,Neutral,3,No,High School,Moderate,Female,65,0,1,0,1,0,1,0.6718824858433398,-1.5569471993157984
16,82,Medium,Medium,No,7,56,Low,0,High,High,Negative,1,Yes,High School,Far,Female,79,1,0,1,0,0,1,-0.6636453495797573,0.17516426096346072
18,79,High,Low,No,9,51,High,2,Medium,Medium,Positive,3,No,High School,Near,Male,66,2,2,1,0,0,1,-0.329763390723983,-0.08465245807842814
20,97,Medium,Medium,Yes,8,56,Low,1,Low,Medium,Neutral,2,No,High School,Near,Female,68,1,0,1,0,0,1,0.0041185681317912485,1.474247856172905
21,70,Low,Low,Yes,8,84,Medium,1,High,High,Positive,3,Yes,Postgraduate,Near,Male,65,0,1,0,1,0,1,0.17105954755967837,-0.8641026152040947
21,71,Medium,High,Yes,8,90,Medium,3,Low,Medium,Neutral,4,No,High School,Moderate,Female,67,1,1,0,1,0,1,0.17105954755967837,-0.7774970421901317
23,76,Medium,High,Yes,6,52,Low,3,Medium,Medium,Neutral,4,No,College,Moderate,Male,67,1,0,0,1,0,1,0.5049415064154527,-0.344469177120317
25,70,Low,Medium,Yes,9,94,Medium,1,Medium,Medium,Neutral,4,No,High School,Moderate,Male,67,0,1,0,1,0,1,0.8388234652712269,-0.8641026152040947
22,65,Medium,Medium,Yes,4,81,High,5,Medium,Medium,Positive,4,No,College,Far,Female,68,1,2,0,1,0,1,0.3380005269875655,-1.2971304802739094
23,94,Medium,High,No,8,76,Low,3,Medium,Medium,Positive,3,No,High School,Moderate,Male,72,1,0,0,1,0,1,0.5049415064154527,1.2144311371310161
11,82,High,Medium,No,8,63,High,1,Medium,Medium,Neutral,5,No,High School,Near,Male,65,2,2,0,1,0,1,-1.498350246719193,0.17516426096346072
20,94,Low,Medium,No,7,69,Low,0,Low,Medium,Positive,3,Yes,High School,Moderate,Female,65,0,0,0,1,0,1,0.0041185681317912485,1.2144311371310161
23,93,Medium,Medium,Yes,6,97,Low,1,Medium,Medium,Positive,2,No,College,Moderate,Male,70,1,0,0,1,1,0,0.5049415064154527,1.1278255641170531
24,71,Medium,Medium,Yes,7,96,Medium,2,Low,Medium,Negative,2,No,High School,Near,Male,67,1,1,0,1,0,1,0.6718824858433398,-0.7774970421901317
16,82,Medium,High,Yes,6,81,Medium,1,Medium,Medium,Neutral,4,No,College,Near,Male,68,1,1,1,0,0,1,-0.6636453495797573,0.17516426096346072
16,63,Medium,Medium,No,8,79,Medium,2,Low,High,Positive,3,No,College,Moderate,Male,63,1,1,0,1,0,1,-0.6636453495797573,-1.4703416263018354
17,97,Medium,Medium,Yes,8,61,Low,2,Low,Medium,Neutral,2,No,High School,Near,Male,68,1,0,0,1,0,1,-0.49670437015187013,1.474247856172905
23,76,Medium,High,Yes,8,98,Medium,0,Medium,Low,Neutral,2,No,Postgraduate,Moderate,Female,69,1,1,0,1,0,1,0.5049415064154527,-0.344469177120317
26,76,Low,Low,Yes,8,88,Low,2,Low,Low,Positive,4,No,High School,Near,Male,66,0,0,0,1,0,1,1.005764444699114,-0.344469177120317
18,72,High,Medium,Yes,8,69,High,2,High,Medium,Neutral,4,Yes,High School,Far,Female,64,2,2,0,1,1,0,-0.329763390723983,-0.6908914691761688
25,78,High,Low,Yes,8,91,Medium,3,Low,Medium,Negative,4,No,High School,Near,Male,69,2,1,0,1,0,1,0.8388234652712269,-0.1712580310923911
21,70,Low,Medium,No,6,61,Medium,1,Low,Medium,Neutral,3,No,High School,Near,Male,62,0,1,0,1,0,1,0.17105954755967837,-0.8641026152040947
19,75,Medium,High,Yes,5,61,High,0,Medium,Medium,Negative,3,No,High School,Near,Female,65,1,2,0,1,0,1,-0.16282241129609587,-0.4310747501342799
19,92,Medium,Medium,Yes,7,90,Medium,1,Low,High,Positive,2,No,High School,Near,Female,70,1,1,0,1,0,1,-0.16282241129609587,1.0412199911030902
24,93,Low,High,Yes,8,78,Medium,1,High,Medium,Neutral,4,No,High School,Near,Female,72,0,1,0,1,0,1,0.6718824858433398,1.1278255641170531
22,72,Medium,Medium,No,5,78,High,1,Low,High,Positive,3,No,High School,Near,Female,66,1,2,0,1,0,1,0.3380005269875655,-0.6908914691761688
34,79,High,Low,Yes,7,79,Low,3,Medium,High,Negative,2,Yes,High School,Moderate,Male,70,2,0,1,0,0,1,2.341292280122211,-0.08465245807842814
15,95,Medium,Medium,No,9,56,Medium,3,Low,High,Positive,1,No,High School,Near,Male,67,1,1,0,1,1,0,-0.8305863290076444,1.3010367101449791
23,62,High,High,Yes,7,67,Low,1,Low,Medium,Negative,4,No,Postgraduate,Moderate,Female,65,2,0,0,1,0,1,0.5049415064154527,-1.5569471993157984
17,96,Medium,Low,Yes,9,79,Low,3,Medium,Medium,Neutral,2,No,Postgraduate,Moderate,Male,68,1,0,1,0,1,0,-0.49670437015187013,1.3876422831589421
15,69,Low,Medium,Yes,9,62,Low,2,Medium,High,Neutral,3,No,High School,Moderate,Male,62,0,0,0,1,0,1,-0.8305863290076444,-0.9507081882180577
20,87,Low,Medium,Yes,7,75,High,1,Low,Medium,Negative,3,No,Postgraduate,Near,Male,68,0,2,0,1,0,1,0.0041185681317912485,0.6081921260332754
21,83,High,Medium,No,6,78,Medium,2,High,High,Positive,3,Yes,High School,Near,Female,69,2,1,0,1,0,1,0.17105954755967837,0.26176983397742365
38,82,Medium,Low,No,6,97,Low,2,Low,Medium,Negative,3,No,College,Near,Male,72,1,0,1,0,0,1,3.0090561978337593,0.17516426096346072
19,94,Low,Medium,No,7,62,Medium,0,Medium,Medium,Negative,3,Yes,High School,Moderate,Male,65,0,1,0,1,0,1,-0.16282241129609587,1.2144311371310161
13,64,Medium,High,Yes,5,72,Medium,2,Medium,Medium,Neutral,2,No,Postgraduate,Moderate,Male,63,1,1,1,0,0,1,-1.1644682878634187,-1.3837360532878724
22,74,High,High,Yes,5,99,Medium,0,Low,Medium,Neutral,2,No,College,Near,Female,68,2,1,0,1,0,1,0.3380005269875655,-0.5176803231482429
8,82,High,Low,No,4,59,Medium,1,Medium,Medium,Neutral,2,No,College,Near,Male,62,2,1,0,1,0,1,-1.9991731850028542,0.17516426096346072
19,92,Medium,Medium,Yes,7,89,Medium,0,Low,High,Neutral,2,No,Postgraduate,Near,Male,69,1,1,1,0,1,0,-0.16282241129609587,1.0412199911030902
20,69,Medium,Low,No,10,59,Medium,2,High,High,Positive,4,No,High School,Near,Female,65,1,1,0,1,0,1,0.0041185681317912485,-0.9507081882180577
25,92,High,Medium,No,4,93,High,3,High,Medium,Neutral,2,No,High School,Near,Female,74,2,2,0,1,0,1,0.8388234652712269,1.0412199911030902
26,76,High,Low,Yes,7,74,Medium,4,Medium,High,Positive,3,No,High School,Moderate,Female,70,2,1,0,1,0,1,1.005764444699114,-0.344469177120317
17,68,Medium,Low,Yes,7,99,High,2,Medium,Medium,Positive,3,No,High School,Near,Female,65,1,2,0,1,0,1,-0.49670437015187013,-1.0373137612320207
19,90,High,High,No,7,59,Low,3,High,Medium,Neutral,3,No,College,Moderate,Male,70,2,0,0,1,0,1,-0.16282241129609587,0.8680088450751643
15,64,Low,Low,Yes,9,84,Low,0,Medium,Medium,Neutral,3,No,College,Far,Male,59,0,0,0,1,0,1,-0.8305863290076444,-1.3837360532878724
13,81,Low,Medium,Yes,6,85,Low,1,Low,Medium,Neutral,3,No,High School,Moderate,Male,63,0,0,1,0,0,1,-1.1644682878634187,0.08855868794949777
22,63,Low,High,Yes,4,86,Low,0,Low,High,Neutral,4,No,College,Near,Female,64,0,0,0,1,0,1,0.3380005269875655,-1.4703416263018354
12,74,Low,High,Yes,6,55,High,0,Medium,Low,Positive,3,No,Postgraduate,Near,Male,63,0,2,0,1,0,1,-1.3314092672913058,-0.5176803231482429
18,84,High,Low,No,6,64,Medium,2,Low,High,Positive,2,No,High School,Near,Female,67,2,1,0,1,0,1,-0.329763390723983,0.34837540699138664
14,82,Medium,Medium,Yes,4,67,Medium,1,High,Medium,Neutral,4,No,High School,Moderate,Female,65,1,1,0,1,0,1,-0.9975273084355315,0.17516426096346072
23,76,Medium,Medium,No,7,66,Medium,2,Medium,Medium,Neutral,3,No,College,Near,Male,67,1,1,0,1,0,1,0.5049415064154527,-0.344469177120317
31,77,High,Medium,No,5,84,Medium,2,High,High,Positive,5,No,High School,Near,Male,73,2,1,0,1,0,1,1.8404693418385496,-0.25786360410635406
12,69,High,High,Yes,7,53,Low,2,Low,High,Neutral,3,No,College,Near,Male,64,2,0,0,1,0,1,-1.3314092672913058,-0.9507081882180577
9,78,Low,High,No,6,87,Medium,0,Medium,High,Positive,3,No,Postgraduate,Near,Male,65,0,1,1,0,0,1,-1.8322322055749671,-0.1712580310923911
19,98,Medium,High,Yes,5,76,Medium,2,Medium,Medium,Positive,3,No,High School,Moderate,Male,72,1,1,1,0,0,1,-0.16282241129609587,1.5608534291868679
20,94,High,Medium,No,8,59,High,3,Medium,Medium,Positive,4,No,High School,Near,Female,72,2,2,0,1,0,1,0.0041185681317912485,1.2144311371310161
21,66,High,Medium,No,7,61,Medium,2,High,High,Neutral,2,No,College,Near,Male,66,2,1,0,1,0,1,0.17105954755967837,-1.2105249072599464
17,61,High,Medium,Yes,7,55,High,1,Medium,Medium,Negative,2,Yes,College,Near,Male,62,2,2,1,0,0,1,-0.49670437015187013,-1.6435527723297614
19,97,Low,Medium,No,8,73,Medium,2,Medium,Medium,Negative,1,No,College,Near,Male,68,0,1,1,0,0,1,-0.16282241129609587,1.474247856172905
22,81,Medium,Low,Yes,7,80,Low,1,Medium,Medium,Positive,3,No,College,Moderate,Female,67,1,0,0,1,0,1,0.3380005269875655,0.08855868794949777
26,82,High,Low,No,7,79,Medium,1,Medium,Medium,Positive,2,Yes,Postgraduate,Near,Female,69,2,1,0,1,0,1,1.005764444699114,0.17516426096346072
8,91,High,Low,No,6,98,Medium,1,Medium,Medium,Positive,3,No,High School,Near,Female,67,2,1,1,0,0,1,-1.9991731850028542,0.9546144180891273
18,73,Medium,Medium,No,5,65,Medium,1,Low,High,Negative,3,No,College,Moderate,Female,63,1,1,0,1,0,1,-0.329763390723983,-0.6042858961622058
21,79,Low,Medium,Yes,7,88,Low,0,Low,Medium,Negative,4,No,High School,Moderate,Male,65,0,0,1,0,0,1,0.17105954755967837,-0.08465245807842814
14,99,High,Medium,No,6,86,Low,2,High,High,Negative,4,No,College,Near,Male,71,2,0,1,0,0,1,-0.9975273084355315,1.6474590022008309
30,87,Medium,Medium,No,8,53,Low,1,Low,High,Neutral,1,No,Postgraduate,Near,Male,70,1,0,1,0,0,1,1.6735283624106625,0.6081921260332754
16,66,Medium,Medium,Yes,7,97,Medium,5,Low,High,Positive,3,No,Postgraduate,Near,Male,68,1,1,0,1,0,1,-0.6636453495797573,-1.2105249072599464
20,65,Medium,Medium,Yes,8,97,High,0,Low,Medium,Negative,3,No,College,Near,Female,65,1,2,0,1,0,1,0.0041185681317912485,-1.2971304802739094
23,68,Medium,High,Yes,6,70,Medium,4,Medium,Medium,Positive,2,No,High School,Near,Male,68,1,1,0,1,0,1,0.5049415064154527,-1.0373137612320207
16,91,Medium,Medium,Yes,5,71,Medium,2,High,Medium,Negative,3,No,College,Near,Male,69,1,1,0,1,0,1,-0.6636453495797573,0.9546144180891273
9,72,Medium,High,Yes,10,91,Medium,1,High,Medium,Neutral,2,No,High School,Far,Female,62,1,1,0,1,1,0,-1.8322322055749671,-0.6908914691761688
17,61,Low,High,Yes,7,75,Medium,2,Medium,High,Negative,4,No,College,Near,Female,62,0,1,0,1,1,0,-0.49670437015187013,-1.6435527723297614
26,98,High,Low,No,8,90,Low,1,High,Low,Positive,2,Yes,Postgraduate,Moderate,Female,72,2,0,0,1,0,1,1.005764444699114,1.5608534291868679
18,67,High,Medium,No,5,52,High,0,Medium,Medium,Neutral,4,No,Postgraduate,Moderate,Male,64,2,2,1,0,0,1,-0.329763390723983,-1.1239193342459837
15,60,High,Medium,No,7,63,Low,0,Low,High,Positive,1,Yes,High School,Far,Female,58,2,0,0,1,0,1,-0.8305863290076444,-1.7301583453437241
26,69,High,Medium,No,9,55,Low,1,Low,Medium,Neutral,3,No,College,Near,Male,66,2,0,0,1,0,1,1.005764444699114,-0.9507081882180577
18,69,Medium,Low,Yes,5,73,Low,1,Low,High,Positive,4,No,Postgraduate,Moderate,Male,64,1,0,0,1,0,1,-0.329763390723983,-0.9507081882180577
17,77,Medium,High,Yes,10,93,Low,3,High,High,Positive,1,No,College,Far,Female,68,1,0,1,0,0,1,-0.49670437015187013,-0.25786360410635406
21,97,Low,Low,No,7,78,Medium,0,High,Medium,Neutral,3,No,Postgraduate,Near,Female,69,0,1,0,1,0,1,0.17105954755967837,1.474247856172905
25,95,Low,High,No,6,76,Medium,1,Low,Medium,Positive,5,No,High School,Near,Male,71,0,1,0,1,0,1,0.8388234652712269,1.3010367101449791
34,78,Medium,High,Yes,8,68,Medium,1,Medium,Medium,Negative,2,No,College,Near,Male,71,1,1,0,1,0,1,2.341292280122211,-0.1712580310923911
25,76,Medium,Medium,Yes,9,53,Medium,0,High,High,Positive,3,No,High School,Moderate,Male,67,1,1,1,0,0,1,0.8388234652712269,-0.344469177120317
27,82,High,Low,Yes,6,88,Medium,2,High,High,Neutral,3,No,High School,Near,Male,71,2,1,1,0,0,1,1.1727054241270012,0.17516426096346072
17,70,Medium,Medium,Yes,6,79,Low,2,Medium,Medium,Positive,3,No,High School,Near,Female,64,1,0,0,1,0,1,-0.49670437015187013,-0.8641026152040947
14,62,Medium,Medium,Yes,7,97,High,0,Medium,Medium,Positive,1,No,High School,Moderate,Male,62,1,2,0,1,0,1,-0.9975273084355315,-1.5569471993157984
20,98,Medium,Medium,No,8,72,Medium,1,High,Medium,Negative,4,No,High School,Near,Female,70,1,1,0,1,0,1,0.0041185681317912485,1.5608534291868679
21,67,Low,High,No,7,70,Low,2,Low,Medium,Negative,2,No,Postgraduate,Moderate,Female,63,0,0,1,0,0,1,0.17105954755967837,-1.1239193342459837
14,68,High,Medium,Yes,8,99,High,0,High,Medium,Positive,3,No,High School,Near,Female,66,2,2,0,1,0,1,-0.9975273084355315,-1.0373137612320207
19,79,Medium,Medium,Yes,8,57,Low,2,Low,Low,Positive,3,No,High School,Moderate,Male,65,1,0,0,1,0,1,-0.16282241129609587,-0.08465245807842814
22,80,Medium,High,No,7,63,Medium,1,High,Medium,Positive,3,No,College,Near,Male,69,1,1,0,1,0,1,0.3380005269875655,0.0019531149355348125
22,61,High,Low,Yes,6,74,Medium,1,Low,Medium,Negative,3,No,High School,Near,Male,63,2,1,0,1,0,1,0.3380005269875655,-1.6435527723297614
23,66,Medium,Medium,No,7,76,Low,1,High,Medium,Neutral,2,No,College,Moderate,Male,64,1,0,0,1,0,1,0.5049415064154527,-1.2105249072599464
22,75,Medium,Medium,Yes,10,77,High,2,Low,Low,Neutral,2,No,High School,Near,Male,66,1,2,0,1,0,1,0.3380005269875655,-0.4310747501342799
17,87,Medium,Medium,Yes,7,61,Medium,4,High,Medium,Negative,3,Yes,High School,Near,Female,67,1,1,0,1,0,1,-0.49670437015187013,0.6081921260332754
17,69,High,High,Yes,9,96,Medium,2,Low,Medium,Negative,3,No,College,Far,Male,66,2,1,0,1,0,1,-0.49670437015187013,-0.9507081882180577
13,77,Low,High,No,6,85,Low,2,Low,Medium,Neutral,4,No,Postgraduate,Near,Female,65,0,0,0,1,0,1,-1.1644682878634187,-0.25786360410635406
31,82,High,Medium,Yes,7,63,Medium,2,High,Medium,Positive,2,No,Postgraduate,Moderate,Male,72,2,1,1,0,1,0,1.8404693418385496,0.17516426096346072
20,96,High,Medium,Yes,8,65,High,0,Medium,Low,Neutral,2,No,High School,Near,Female,70,2,2,0,1,0,1,0.0041185681317912485,1.3876422831589421
19,73,Medium,Medium,Yes,9,94,Medium,1,High,Low,Positive,1,No,College,Near,Female,67,1,1,0,1,0,1,-0.16282241129609587,-0.6042858961622058
14,65,Medium,High,No,9,69,Low,4,Medium,Medium,Neutral,3,No,College,Near,Male,64,1,0,0,1,0,1,-0.9975273084355315,-1.2971304802739094
38,80,High,Medium,No,5,78,Medium,1,Low,Medium,Positive,4,No,College,Far,Female,72,2,1,0,1,0,1,3.0090561978337593,0.0019531149355348125
14,90,Medium,Medium,Yes,9,56,Medium,0,Low,Medium,Neutral,4,No,High School,Near,Female,65,1,1,0,1,0,1,-0.9975273084355315,0.8680088450751643
17,64,High,Low,Yes,10,63,Medium,0,High,Medium,Positive,3,No,High School,Moderate,Female,62,2,1,0,1,0,1,-0.49670437015187013,-1.3837360532878724
22,77,Medium,High,No,6,71,High,3,Low,Medium,Negative,4,No,High School,Far,Female,67,1,2,0,1,0,1,0.3380005269875655,-0.25786360410635406
24,61,Medium,Medium,No,6,83,High,0,Medium,Medium,Positive,3,Yes,High School,Near,Male,64,1,2,0,1,0,1,0.6718824858433398,-1.6435527723297614
26,61,Medium,Medium,No,7,64,Low,0,Medium,Medium,Negative,3,No,Postgraduate,Near,Male,63,1,0,1,0,0,1,1.005764444699114,-1.6435527723297614
31,79,Medium,High,No,7,98,Medium,1,Medium,High,Neutral,2,No,College,Moderate,Male,72,1,1,0,1,0,1,1.8404693418385496,-0.08465245807842814
23,72,Low,Medium,No,6,61,High,1,High,Medium,Positive,5,No,High School,Near,Male,66,0,2,0,1,0,1,0.5049415064154527,-0.6908914691761688
14,94,High,Medium,Yes,5,89,Medium,0,Medium,Medium,Positive,1,No,Postgraduate,Near,Female,70,2,1,0,1,0,1,-0.9975273084355315,1.2144311371310161
18,84,Medium,Low,Yes,9,68,Low,0,Medium,High,Negative,2,No,Postgraduate,Near,Female,66,1,0,1,0,0,1,-0.329763390723983,0.34837540699138664
22,78,High,High,No,6,92,Low,1,High,High,Positive,3,No,High School,Moderate,Male,70,2,0,0,1,0,1,0.3380005269875655,-0.1712580310923911
32,76,Low,Low,Yes,6,96,Low,0,Low,High,Neutral,2,No,High School,Moderate,Female,67,0,0,0,1,0,1,2.0074103212664367,-0.344469177120317
12,80,Medium,Medium,Yes,7,59,High,1,Low,High,Positive,2,No,High School,Near,Female,64,1,2,0,1,0,1,-1.3314092672913058,0.0019531149355348125
27,62,High,Medium,No,5,75,Medium,2,Medium,High,Positive,2,No,High School,Near,Male,67,2,1,0,1,0,1,1.1727054241270012,-1.5569471993157984
21,96,High,High,Yes,5,58,Medium,0,High,High,Neutral,4,No,College,Far,Male,72,2,1,0,1,0,1,0.17105954755967837,1.3876422831589421
25,100,High,Low,No,6,85,Low,1,Medium,Medium,Positive,3,No,High School,Near,Male,72,2,0,0,1,0,1,0.8388234652712269,1.7340645752147938
19,67,High,Medium,Yes,8,92,Low,2,High,Medium,Neutral,5,No,Postgraduate,Moderate,Female,68,2,0,0,1,0,1,-0.16282241129609587,-1.1239193342459837
15,65,Medium,Medium,Yes,7,69,Medium,1,High,Medium,Neutral,3,No,Postgraduate,Near,Female,64,1,1,0,1,0,1,-0.8305863290076444,-1.2971304802739094
25,66,High,Medium,Yes,4,70,Medium,1,High,Medium,Positive,3,No,High School,Moderate,Male,66,2,1,0,1,1,0,0.8388234652712269,-1.2105249072599464
24,86,Low,High,No,9,60,Medium,0,Low,High,Positive,3,No,College,Far,Male,68,0,1,1,0,0,1,0.6718824858433398,0.5215865530193126
26,86,Low,Low,No,8,65,Low,0,Low,High,Neutral,4,No,High School,Near,Female,66,0,0,0,1,0,1,1.005764444699114,0.5215865530193126
20,94,Low,High,Yes,7,66,High,1,Low,High,Positive,1,No,High School,Near,Female,70,0,2,1,0,0,1,0.0041185681317912485,1.2144311371310161
16,90,High,High,Yes,7,58,High,1,Low,Medium,Neutral,4,No,Postgraduate,Near,Female,70,2,2,0,1,0,1,-0.6636453495797573,0.8680088450751643
11,78,Low,High,Yes,8,65,Medium,0,Medium,Medium,Neutral,2,No,High School,Near,Female,62,0,1,1,0,0,1,-1.498350246719193,-0.1712580310923911
25,85,Low,Medium,Yes,10,95,Medium,0,Medium,Low,Positive,1,No,College,Near,Male,69,0,1,0,1,0,1,0.8388234652712269,0.43498098000534957
23,88,Medium,Medium,Yes,8,66,Low,2,Medium,High,Positive,2,No,College,Moderate,Male,69,1,0,1,0,0,1,0.5049415064154527,0.6947976990472384
14,81,Medium,Medium,Yes,7,64,Medium,2,Medium,Medium,Positive,4,Yes,College,Near,Male,66,1,1,0,1,0,1,-0.9975273084355315,0.08855868794949777
17,79,High,High,No,5,69,Medium,4,Low,Medium,Negative,3,No,Postgraduate,Near,Female,68,2,1,0,1,0,1,-0.49670437015187013,-0.08465245807842814
17,86,Medium,High,No,7,98,Medium,2,Low,High,Positive,5,No,Postgraduate,Moderate,Male,71,1,1,0,1,0,1,-0.49670437015187013,0.5215865530193126
11,82,Medium,Medium,Yes,8,88,Medium,1,Low,Medium,Negative,2,No,Postgraduate,Moderate,Female,64,1,1,1,0,1,0,-1.498350246719193,0.17516426096346072
15,86,Low,High,No,7,60,Medium,2,Medium,Medium,Positive,3,No,College,Near,Male,67,0,1,0,1,0,1,-0.8305863290076444,0.5215865530193126
13,85,Medium,High,Yes,6,88,Medium,2,Medium,High,Positive,3,No,High School,Moderate,Female,68,1,1,0,1,0,1,-1.1644682878634187,0.43498098000534957
18,89,Low,High,Yes,8,88,Low,0,High,Medium,Negative,1,No,High School,Moderate,Male,67,0,0,0,1,0,1,-0.329763390723983,0.7814032720612014
16,86,Medium,Medium,No,6,98,High,1,Low,Medium,Neutral,3,No,Postgraduate,Near,Male,68,1,2,0,1,0,1,-0.6636453495797573,0.5215865530193126
10,81,Medium,High,Yes,8,95,Medium,5,Low,High,Positive,3,No,High School,Near,Female,69,1,1,0,1,0,1,-1.66529122614708,0.08855868794949777
32,87,Medium,High,Yes,6,55,Medium,0,Low,High,Neutral,3,No,High School,Near,Male,71,1,1,0,1,0,1,2.0074103212664367,0.6081921260332754
28,78,High,Low,Yes,4,73,Low,3,Low,Medium,Positive,4,No,High School,Moderate,Female,68,2,0,1,0,1,0,1.3396464035548883,-0.1712580310923911
15,70,High,High,No,6,85,High,0,Low,Medium,Positive,2,No,College,Moderate,Male,65,2,2,1,0,0,1,-0.8305863290076444,-0.8641026152040947
22,60,Low,Medium,No,7,99,Medium,1,Low,High,Neutral,3,No,College,Moderate,Male,63,0,1,0,1,0,1,0.3380005269875655,-1.7301583453437241
23,82,Low,Medium,Yes,8,54,Medium,0,Medium,High,Negative,1,No,High School,Near,Female,65,0,1,0,1,0,1,0.5049415064154527,0.17516426096346072
27,84,High,High,No,8,68,Low,3,Low,High,Positive,2,Yes,Postgraduate,Near,Female,72,2,0,1,0,0,1,1.1727054241270012,0.34837540699138664
15,99,Low,Medium,Yes,5,75,Low,2,Medium,Low,Neutral,1,No,College,Moderate,Male,67,0,0,0,1,0,1,-0.8305863290076444,1.6474590022008309
27,74,Medium,High,No,7,71,Medium,1,Medium,Medium,Positive,3,No,High School,Near,Female,69,1,1,0,1,0,1,1.1727054241270012,-0.5176803231482429
17,76,Medium,Medium,No,6,73,Medium,3,Low,High,Neutral,3,No,Postgraduate,Near,Male,67,1,1,1,0,0,1,-0.49670437015187013,-0.344469177120317
12,68,High,Medium,Yes,6,68,Low,2,Medium,Medium,Positive,4,No,College,Near,Male,64,2,0,0,1,0,1,-1.3314092672913058,-1.0373137612320207
24,63,Medium,Low,No,6,99,Low,0,Low,Medium,Positive,3,No,High School,Moderate,Female,62,1,0,0,1,1,0,0.6718824858433398,-1.4703416263018354
28,91,Low,Medium,No,7,90,Medium,2,High,Low,Neutral,3,No,High School,Near,Male,71,0,1,1,0,0,1,1.3396464035548883,0.9546144180891273
36,70,Low,High,No,10,87,Medium,2,Low,Medium,Positive,3,No,High School,Near,Male,70,0,1,0,1,0,1,2.675174238977985,-0.8641026152040947
13,84,Low,Medium,No,10,71,Low,1,Medium,High,Neutral,3,No,College,Moderate,Male,64,0,0,0,1,0,1,-1.1644682878634187,0.34837540699138664
24,88,Medium,Medium,Yes,6,94,Medium,0,Low,Medium,Negative,2,No,Postgraduate,Moderate,Male,69,1,1,1,0,0,1,0.6718824858433398,0.6947976990472384
18,79,Medium,Medium,Yes,7,55,Medium,1,Low,High,Positive,3,No,High School,Moderate,Female,65,1,1,0,1,0,1,-0.329763390723983,-0.08465245807842814
25,95,High,High,Yes,7,57,Medium,2,High,Medium,Negative,2,No,College,Moderate,Female,73,2,1,1,0,0,1,0.8388234652712269,1.3010367101449791
11,78,Medium,Low,Yes,7,98,Low,2,Medium,Medium,Neutral,3,No,High School,Near,Female,64,1,0,0,1,0,1,-1.498350246719193,-0.1712580310923911
12,71,Medium,High,Yes,8,78,Low,2,Medium,Medium,Negative,2,No,Postgraduate,Near,Female,64,1,0,0,1,0,1,-1.3314092672913058,-0.7774970421901317
15,96,Medium,Medium,Yes,7,58,Medium,3,Medium,Medium,Neutral,4,No,Postgraduate,Moderate,Male,70,1,1,0,1,0,1,-0.8305863290076444,1.3876422831589421
20,94,Low,Low,Yes,6,97,Low,2,Medium,Medium,Positive,5,No,College,Near,Male,70,0,0,0,1,0,1,0.0041185681317912485,1.2144311371310161
16,67,High,High,No,9,99,Medium,2,Medium,Medium,Neutral,2,Yes,High School,Moderate,Male,64,2,1,0,1,0,1,-0.6636453495797573,-1.1239193342459837
24,61,Low,Medium,No,5,94,Medium,3,Medium,High,Neutral,2,Yes,College,Moderate,Female,64,0,1,1,0,0,1,0.6718824858433398,-1.6435527723297614
26,64,Medium,Medium,Yes,7,62,High,3,Medium,High,Negative,2,No,High School,Near,Male,66,1,2,1,0,0,1,1.005764444699114,-1.3837360532878724
24,71,Low,High,Yes,5,64,Medium,1,Medium,Medium,Neutral,3,No,College,Near,Male,66,0,1,0,1,0,1,0.6718824858433398,-0.7774970421901317
30,99,Medium,Medium,Yes,5,70,Low,2,Medium,Medium,Neutral,4,No,High School,Near,Female,74,1,0,0,1,0,1,1.6735283624106625,1.6474590022008309
22,82,High,High,No,8,79,Medium,2,Medium,Medium,Negative,1,No,College,Near,Female,69,2,1,0,1,1,0,0.3380005269875655,0.17516426096346072
13,75,Low,High,Yes,6,100,High,1,Medium,Medium,Positive,3,No,Postgraduate,Near,Male,67,0,2,0,1,0,1,-1.1644682878634187,-0.4310747501342799
28,96,Medium,Medium,No,4,98,High,5,Low,Medium,Neutral,5,Yes,High School,Far,Male,73,1,2,0,1,0,1,1.3396464035548883,1.3876422831589421
16,78,Low,Medium,No,6,96,High,0,Medium,Medium,Positive,1,No,Postgraduate,Near,Female,66,0,2,0,1,0,1,-0.6636453495797573,-0.1712580310923911
25,73,High,Medium,No,6,54,High,2,Medium,Medium,Neutral,4,No,High School,Moderate,Female,67,2,2,0,1,0,1,0.8388234652712269,-0.6042858961622058
29,98,Medium,High,Yes,5,88,Low,3,Low,Medium,Neutral,2,No,College,Near,Male,75,1,0,0,1,0,1,1.5065873829827754,1.5608534291868679
23,94,Medium,High,Yes,8,94,Low,2,Medium,High,Positive,2,No,High School,Near,Male,73,1,0,0,1,0,1,0.5049415064154527,1.2144311371310161
11,94,Medium,Medium,No,5,67,Medium,2,High,Medium,Neutral,5,No,High School,Near,Female,67,1,1,0,1,0,1,-1.498350246719193,1.2144311371310161
14,80,High,Low,Yes,6,61,Medium,0,Medium,High,Neutral,4,No,College,Moderate,Female,65,2,1,0,1,0,1,-0.9975273084355315,0.0019531149355348125
28,92,Medium,Medium,Yes,7,87,Low,1,Low,Low,Positive,1,No,High School,Near,Female,71,1,0,0,1,0,1,1.3396464035548883,1.0412199911030902
19,67,Medium,Medium,Yes,6,55,Low,1,Medium,Medium,Neutral,4,No,High School,Near,Male,63,1,0,0,1,0,1,-0.16282241129609587,-1.1239193342459837
20,83,Medium,Low,Yes,6,97,High,2,Low,High,Neutral,4,No,High School,Moderate,Female,68,1,2,0,1,0,1,0.0041185681317912485,0.26176983397742365
25,99,Medium,High,No,6,58,High,0,Medium,Medium,Positive,4,No,High School,Near,Male,72,1,2,1,0,0,1,0.8388234652712269,1.6474590022008309
24,72,Low,High,Yes,5,73,Low,2,Medium,High,Positive,2,No,High School,Near,Male,67,0,0,0,1,0,1,0.6718824858433398,-0.6908914691761688
22,92,Medium,High,No,6,99,Low,1,Medium,Medium,Negative,4,No,College,Near,Female,71,1,0,0,1,0,1,0.3380005269875655,1.0412199911030902
19,80,Low,Low,No,8,99,High,1,Low,Medium,Positive,4,No,Postgraduate,Near,Male,67,0,2,0,1,0,1,-0.16282241129609587,0.0019531149355348125
18,62,Medium,High,Yes,6,89,Medium,0,High,High,Positive,3,No,Postgraduate,Near,Female,66,1,1,1,0,0,1,-0.329763390723983,-1.5569471993157984
25,91,Medium,High,No,7,92,Medium,3,Low,Medium,Negative,5,No,High School,Near,Male,72,1,1,0,1,0,1,0.8388234652712269,0.9546144180891273
23,67,Low,Low,No,9,98,Medium,2,Low,High,Negative,0,No,College,Near,Female,64,0,1,0,1,0,1,0.5049415064154527,-1.1239193342459837
18,85,Medium,Medium,No,8,96,Medium,0,High,High,Negative,3,No,College,Moderate,Male,68,1,1,0,1,0,1,-0.329763390723983,0.43498098000534957
26,63,High,High,No,5,81,Medium,0,Low,Medium,Negative,2,No,High School,Moderate,Female,65,2,1,0,1,0,1,1.005764444699114,-1.4703416263018354
19,98,Medium,High,Yes,8,87,High,1,Medium,Medium,Positive,4,No,Postgraduate,Moderate,Male,74,1,2,1,0,0,1,-0.16282241129609587,1.5608534291868679
15,72,Medium,Low,Yes,9,80,Medium,4,Medium,High,Neutral,4,No,College,Moderate,Female,65,1,1,1,0,0,1,-0.8305863290076444,-0.6908914691761688
15,69,High,Low,Yes,6,75,Medium,2,Low,High,Positive,2,No,High School,Near,Female,63,2,1,0,1,1,0,-0.8305863290076444,-0.9507081882180577
14,65,Medium,Medium,Yes,5,94,Medium,5,Low,Medium,Negative,3,No,Postgraduate,Moderate,Male,65,1,1,1,0,0,1,-0.9975273084355315,-1.2971304802739094
18,98,Low,High,Yes,6,87,Medium,0,Medium,Medium,Neutral,1,No,High School,Near,Male,70,0,1,0,1,0,1,-0.329763390723983,1.5608534291868679
27,88,Medium,High,Yes,7,93,Medium,0,Low,Medium,Neutral,4,No,High School,Moderate,Male,71,1,1,0,1,0,1,1.1727054241270012,0.6947976990472384
15,90,Medium,Medium,Yes,8,55,Medium,1,Low,Medium,Neutral,1,No,College,Near,Female,66,1,1,0,1,0,1,-0.8305863290076444,0.8680088450751643
21,80,Medium,Medium,Yes,6,79,Low,2,Medium,High,Positive,3,No,College,Near,Male,69,1,0,0,1,0,1,0.17105954755967837,0.0019531149355348125
16,79,Medium,High,Yes,4,66,High,2,Medium,Medium,Neutral,2,No,College,Moderate,Male,67,1,2,0,1,0,1,-0.6636453495797573,-0.08465245807842814
18,64,Medium,High,Yes,5,76,Low,1,Low,Medium,Positive,4,No,High School,Moderate,Male,64,1,0,0,1,0,1,-0.329763390723983,-1.3837360532878724
11,82,High,High,No,8,81,High,2,Low,High,Positive,2,No,High School,Moderate,Female,67,2,2,0,1,0,1,-1.498350246719193,0.17516426096346072
19,70,Medium,High,Yes,10,92,Medium,1,Low,High,Positive,4,No,High School,Near,Male,67,1,1,0,1,0,1,-0.16282241129609587,-0.8641026152040947
19,99,High,Medium,No,7,52,Medium,1,Medium,Medium,Neutral,4,No,High School,Near,Male,70,2,1,0,1,0,1,-0.16282241129609587,1.6474590022008309
23,92,High,High,No,9,58,Medium,2,Low,Medium,Neutral,1,No,Postgraduate,Near,Female,71,2,1,1,0,0,1,0.5049415064154527,1.0412199911030902
21,77,Medium,Low,Yes,5,96,High,2,Low,High,Neutral,5,No,High School,Near,Female,68,1,2,1,0,0,1,0.17105954755967837,-0.25786360410635406
13,66,High,High,No,6,98,Low,1,High,High,Positive,2,No,High School,Near,Male,65,2,0,0,1,0,1,-1.1644682878634187,-1.2105249072599464
27,91,Medium,Medium,No,4,53,Medium,1,Low,Medium,Positive,3,No,Postgraduate,Near,Female,70,1,1,1,0,0,1,1.1727054241270012,0.9546144180891273
21,65,Medium,High,Yes,8,67,Low,1,Low,Medium,Positive,4,No,High School,Near,Female,64,1,0,0,1,1,0,0.17105954755967837,-1.2971304802739094
21,68,High,High,Yes,6,50,High,3,Medium,Low,Neutral,4,No,High School,Near,Male,67,2,2,1,0,0,1,0.17105954755967837,-1.0373137612320207
20,68,Low,Low,No,8,88,Medium,5,Low,Low,Neutral,3,No,High School,Moderate,Male,63,0,1,1,0,0,1,0.0041185681317912485,-1.0373137612320207
17,82,Medium,Low,Yes,6,84,High,2,Low,Low,Negative,3,No,High School,Moderate,Female,65,1,2,0,1,0,1,-0.49670437015187013,0.17516426096346072
21,91,Medium,Medium,Yes,10,78,High,2,Low,High,Negative,2,No,High School,Near,Male,70,1,2,0,1,0,1,0.17105954755967837,0.9546144180891273
23,73,Medium,High,No,10,85,Medium,1,Low,Medium,Neutral,3,No,College,Near,Male,67,1,1,0,1,0,1,0.5049415064154527,-0.6042858961622058
10,63,Medium,High,No,4,77,Low,3,Low,Medium,Neutral,3,No,High School,Near,Male,60,1,0,1,0,1,0,-1.66529122614708,-1.4703416263018354
17,79,Low,High,No,8,62,Low,1,Low,Medium,Neutral,3,No,High School,Near,Female,64,0,0,0,1,0,1,-0.49670437015187013,-0.08465245807842814
18,90,Low,Medium,No,6,88,Low,1,Medium,Medium,Negative,1,No,High School,Moderate,Female,65,0,0,1,0,0,1,-0.329763390723983,0.8680088450751643
22,69,Medium,Medium,No,8,89,Low,0,Low,High,Positive,5,No,High School,Moderate,Female,64,1,0,0,1,1,0,0.3380005269875655,-0.9507081882180577
27,69,Medium,Low,Yes,5,93,Medium,1,Medium,Medium,Positive,4,No,College,Moderate,Male,67,1,1,0,1,0,1,1.1727054241270012,-0.9507081882180577
15,98,Medium,Medium,Yes,9,98,High,0,Medium,Medium,Positive,3,No,High School,Near,Female,71,1,2,1,0,0,1,-0.8305863290076444,1.5608534291868679
17,98,Medium,Medium,No,9,87,Low,0,High,Medium,Positive,3,No,High School,Moderate,Female,69,1,0,1,0,0,1,-0.49670437015187013,1.5608534291868679
17,100,Medium,High,Yes,5,53,Low,1,Medium,High,Positive,4,No,High School,Near,Male,70,1,0,0,1,0,1,-0.49670437015187013,1.7340645752147938
15,92,Medium,Medium,Yes,7,51,Medium,1,High,High,Positive,3,No,College,Near,Female,69,1,1,0,1,0,1,-0.8305863290076444,1.0412199911030902
18,68,High,High,Yes,7,87,High,3,Medium,Medium,Positive,4,No,High School,Near,Male,69,2,2,0,1,0,1,-0.329763390723983,-1.0373137612320207
25,68,Low,Medium,Yes,8,53,Low,2,Medium,Medium,Neutral,3,No,College,Moderate,Female,64,0,0,0,1,0,1,0.8388234652712269,-1.0373137612320207
14,74,Low,Medium,Yes,7,66,Medium,0,Medium,High,Negative,3,No,Postgraduate,Near,Male,63,0,1,1,0,0,1,-0.9975273084355315,-0.5176803231482429
23,73,High,Medium,No,8,57,Medium,3,Medium,Medium,Positive,2,No,College,Near,Male,67,2,1,0,1,0,1,0.5049415064154527,-0.6042858961622058
10,98,Medium,Medium,No,7,98,Low,0,Medium,Medium,Neutral,3,No,College,Moderate,Female,66,1,0,0,1,1,0,-1.66529122614708,1.5608534291868679
17,92,Medium,High,Yes,8,66,Medium,2,Low,Medium,Positive,3,No,High School,Near,Female,69,1,1,0,1,0,1,-0.49670437015187013,1.0412199911030902
18,89,Medium,Medium,No,5,53,Medium,5,Low,High,Neutral,4,No,College,Near,Male,69,1,1,1,0,0,1,-0.329763390723983,0.7814032720612014
30,67,Medium,Medium,No,7,97,High,2,High,Medium,Neutral,3,Yes,High School,Near,Male,69,1,2,0,1,0,1,1.6735283624106625,-1.1239193342459837
18,96,Medium,High,Yes,9,80,High,1,Low,Medium,Positive,3,No,College,Near,Male,72,1,2,0,1,0,1,-0.329763390723983,1.3876422831589421
7,93,High,High,Yes,9,52,High,1,Medium,Low,Negative,3,No,High School,Moderate,Female,65,2,2,1,0,0,1,-2.1661141644307413,1.1278255641170531
8,67,Medium,Medium,Yes,7,92,Medium,0,High,High,Positive,2,No,College,Near,Male,63,1,1,1,0,0,1,-1.9991731850028542,-1.1239193342459837
20,95,Medium,Medium,No,7,58,Low,1,Low,High,Neutral,4,No,College,Near,Male,69,1,0,0,1,0,1,0.0041185681317912485,1.3010367101449791
24,71,High,Medium,Yes,9,90,Low,3,Medium,High,Neutral,3,No,College,Near,Male,69,2,0,1,0,0,1,0.6718824858433398,-0.7774970421901317
22,63,Medium,Low,Yes,7,80,Medium,2,High,High,Negative,2,No,College,Moderate,Female,64,1,1,1,0,0,1,0.3380005269875655,-1.4703416263018354
21,86,Medium,Low,Yes,9,59,High,2,Medium,High,Positive,3,No,College,Near,Male,69,1,2,1,0,0,1,0.17105954755967837,0.5215865530193126
27,86,Medium,High,No,7,88,Medium,1,Medium,Medium,Neutral,3,No,Postgraduate,Moderate,Male,72,1,1,1,0,0,1,1.1727054241270012,0.5215865530193126
17,64,Medium,Low,No,7,73,High,1,Low,Medium,Neutral,4,No,College,Near,Male,62,1,2,0,1,0,1,-0.49670437015187013,-1.3837360532878724
25,73,High,Medium,Yes,5,82,Low,1,Medium,Medium,Positive,3,Yes,High School,Near,Male,66,2,0,1,0,1,0,0.8388234652712269,-0.6042858961622058
10,100,Low,Medium,No,5,93,Low,2,Medium,Low,Neutral,1,No,High School,Far,Female,65,0,0,0,1,0,1,-1.66529122614708,1.7340645752147938
15,87,High,High,Yes,8,63,Medium,0,High,Medium,Neutral,3,No,College,Near,Female,69,2,1,0,1,0,1,-0.8305863290076444,0.6081921260332754
9,89,Medium,Low,No,10,68,High,1,High,High,Negative,3,No,High School,Near,Female,65,1,2,0,1,0,1,-1.8322322055749671,0.7814032720612014
18,69,High,Medium,Yes,7,100,Medium,3,Medium,High,Negative,2,No,High School,Near,Male,67,2,1,0,1,0,1,-0.329763390723983,-0.9507081882180577
20,63,Low,Medium,Yes,7,75,Low,2,Medium,High,Neutral,2,No,High School,Near,Female,63,0,0,0,1,0,1,0.0041185681317912485,-1.4703416263018354
21,71,High,Medium,No,9,78,Low,2,Medium,Medium,Neutral,4,No,High School,Near,Male,66,2,0,0,1,0,1,0.17105954755967837,-0.7774970421901317
20,70,Low,Medium,No,8,64,Low,0,Low,Low,Positive,3,No,High School,Far,Male,61,0,0,1,0,0,1,0.0041185681317912485,-0.8641026152040947
14,69,High,Medium,Yes,4,71,Medium,1,Medium,Medium,Positive,4,No,High School,Near,Female,64,2,1,0,1,0,1,-0.9975273084355315,-0.9507081882180577
19,68,Medium,Low,Yes,8,75,Low,1,Medium,Medium,Neutral,4,No,Postgraduate,Near,Male,64,1,0,1,0,0,1,-0.16282241129609587,-1.0373137612320207
11,83,Medium,Medium,Yes,5,63,Medium,2,Low,Medium,Neutral,3,No,College,Near,Male,65,1,1,0,1,0,1,-1.498350246719193,0.26176983397742365
28,73,Medium,Low,No,7,62,Medium,3,High,Medium,Neutral,3,No,Postgraduate,Moderate,Female,68,1,1,0,1,0,1,1.3396464035548883,-0.6042858961622058
18,93,Low,High,Yes,6,80,Medium,1,Medium,Medium,Negative,3,No,High School,Near,Male,69,0,1,1,0,0,1,-0.329763390723983,1.1278255641170531
17,67,Medium,Medium,No,6,59,Medium,0,Medium,Medium,Negative,3,No,High School,Near,Female,61,1,1,0,1,0,1,-0.49670437015187013,-1.1239193342459837
30,79,Medium,High,No,7,78,Medium,3,High,High,Positive,2,No,Postgraduate,Moderate,Female,72,1,1,1,0,1,0,1.6735283624106625,-0.08465245807842814
13,61,Medium,Low,Yes,8,85,Medium,4,Low,Medium,Neutral,3,No,College,Moderate,Male,61,1,1,1,0,0,1,-1.1644682878634187,-1.6435527723297614
13,79,High,High,No,7,60,Medium,1,Low,High,Neutral,4,No,College,Moderate,Male,66,2,1,1,0,0,1,-1.1644682878634187,-0.08465245807842814
13,62,Low,Medium,Yes,9,87,Medium,1,Low,Medium,Negative,1,No,College,Moderate,Male,60,0,1,0,1,0,1,-1.1644682878634187,-1.5569471993157984
20,99,Medium,Low,No,9,68,Low,1,Low,High,Positive,3,No,Postgraduate,Far,Male,69,1,0,0,1,0,1,0.0041185681317912485,1.6474590022008309
23,92,Medium,High,No,9,100,Medium,1,High,High,Neutral,2,Yes,College,Near,Male,72,1,1,0,1,0,1,0.5049415064154527,1.0412199911030902
24,80,Medium,High,Yes,7,99,Low,2,Medium,Medium,Negative,2,No,High School,Moderate,Female,69,1,0,0,1,0,1,0.6718824858433398,0.0019531149355348125
35,63,High,High,Yes,6,90,Low,0,Medium,Medium,Positive,3,No,College,Near,Male,71,2,0,0,1,0,1,2.508233259550098,-1.4703416263018354
7,84,Medium,High,No,7,67,Medium,1,Medium,Medium,Neutral,3,No,College,Near,Male,64,1,1,1,0,0,1,-2.1661141644307413,0.34837540699138664
24,90,Low,Low,Yes,9,97,High,3,Low,Medium,Positive,4,No,High School,Near,Male,71,0,2,0,1,0,1,0.6718824858433398,0.8680088450751643
17,68,Low,Medium,Yes,9,100,High,1,Medium,High,Negative,3,No,High School,Moderate,Male,64,0,2,0,1,0,1,-0.49670437015187013,-1.0373137612320207
16,83,Medium,Medium,Yes,4,73,High,3,Low,Low,Negative,3,No,College,Near,Female,67,1,2,0,1,0,1,-0.6636453495797573,0.26176983397742365
16,93,Medium,Low,Yes,7,81,Medium,2,Low,Medium,Negative,3,Yes,Postgraduate,Moderate,Male,67,1,1,1,0,0,1,-0.6636453495797573,1.1278255641170531
15,91,Low,High,Yes,4,50,High,1,Medium,Medium,Neutral,3,No,High School,Moderate,Female,66,0,2,0,1,0,1,-0.8305863290076444,0.9546144180891273
30,92,Low,Medium,Yes,7,52,Medium,3,High,Medium,Positive,4,No,College,Near,Male,73,0,1,1,0,0,1,1.6735283624106625,1.0412199911030902
25,95,Medium,High,Yes,6,75,Medium,1,Medium,Medium,Positive,4,No,High School,Moderate,Male,73,1,1,1,0,0,1,0.8388234652712269,1.3010367101449791
20,98,Medium,Medium,No,6,80,Medium,0,Medium,Medium,Positive,2,No,College,Moderate,Male,70,1,1,0,1,0,1,0.0041185681317912485,1.5608534291868679
28,76,Low,Medium,Yes,8,66,Medium,5,High,Low,Positive,4,No,College,Moderate,Male,70,0,1,0,1,0,1,1.3396464035548883,-0.344469177120317
11,83,Medium,Low,Yes,6,55,Low,0,Low,Medium,Positive,4,Yes,Postgraduate,Near,Female,62,1,0,0,1,0,1,-1.498350246719193,0.26176983397742365
12,92,High,Low,Yes,7,89,Medium,1,Medium,High,Neutral,2,No,Postgraduate,Moderate,Male,68,2,1,1,0,0,1,-1.3314092672913058,1.0412199911030902
7,88,High,High,Yes,6,71,Medium,0,Low,Medium,Positive,3,No,High School,Moderate,Female,65,2,1,0,1,0,1,-2.1661141644307413,0.6947976990472384
16,100,High,High,Yes,7,82,Medium,2,High,Medium,Positive,2,No,High School,Near,Male,73,2,1,0,1,0,1,-0.6636453495797573,1.7340645752147938
21,61,High,Medium,Yes,8,83,High,1,Low,Medium,Neutral,3,No,College,Near,Female,65,2,2,1,0,1,0,0.17105954755967837,-1.6435527723297614
21,74,Medium,High,Yes,6,77,High,0,Medium,Medium,Neutral,3,No,College,Near,Male,66,1,2,0,1,1,0,0.17105954755967837,-0.5176803231482429
21,71,Low,Medium,Yes,8,59,Medium,3,Low,Medium,Neutral,3,No,College,Moderate,Male,64,0,1,0,1,0,1,0.17105954755967837,-0.7774970421901317
12,70,Medium,High,No,7,81,High,0,Low,Medium,Positive,3,No,High School,Near,Male,63,1,2,0,1,0,1,-1.3314092672913058,-0.8641026152040947
25,69,Medium,Medium,No,7,66,Medium,0,Low,Low,Neutral,3,Yes,College,Near,Male,62,1,1,0,1,1,0,0.8388234652712269,-0.9507081882180577
21,88,High,Medium,Yes,6,91,Low,0,Low,Medium,Neutral,4,No,Postgraduate,Moderate,Female,70,2,0,1,0,0,1,0.17105954755967837,0.6947976990472384
24,63,Medium,Medium,No,8,60,Medium,3,High,Medium,Neutral,3,No,High School,Near,Male,65,1,1,0,1,0,1,0.6718824858433398,-1.4703416263018354
9,90,Medium,Medium,Yes,8,65,Medium,0,Medium,Medium,Neutral,5,No,High School,Far,Male,64,1,1,1,0,0,1,-1.8322322055749671,0.8680088450751643
22,88,Medium,Medium,No,7,72,Low,4,High,Medium,Negative,2,No,Postgraduate,Near,Male,70,1,0,0,1,0,1,0.3380005269875655,0.6947976990472384
13,70,Medium,Medium,No,7,87,Medium,1,Low,Low,Neutral,5,No,High School,Near,Male,62,1,1,0,1,0,1,-1.1644682878634187,-0.8641026152040947
18,70,Medium,Medium,No,8,86,Medium,5,High,Medium,Positive,2,No,High School,Near,Female,67,1,1,0,1,0,1,-0.329763390723983,-0.8641026152040947
23,85,Medium,Low,No,8,67,Low,1,Medium,Medium,Neutral,3,No,Postgraduate,Far,Female,66,1,0,1,0,0,1,0.5049415064154527,0.43498098000534957
21,90,High,High,Yes,7,76,High,2,High,High,Positive,3,No,College,Moderate,Female,74,2,2,0,1,0,1,0.17105954755967837,0.8680088450751643
15,95,Medium,High,Yes,9,62,Medium,2,Medium,Medium,Positive,3,No,High School,Far,Male,69,1,1,0,1,0,1,-0.8305863290076444,1.3010367101449791
20,94,Medium,High,Yes,8,89,Low,0,Medium,Medium,Positive,4,Yes,High School,Moderate,Female,70,1,0,0,1,0,1,0.0041185681317912485,1.2144311371310161
11,99,Medium,Medium,No,10,60,Medium,1,High,Medium,Positive,1,No,College,Near,Female,68,1,1,0,1,0,1,-1.498350246719193,1.6474590022008309
27,83,Medium,Low,No,5,91,Medium,3,Low,Medium,Neutral,2,No,Postgraduate,Near,Male,70,1,1,0,1,0,1,1.1727054241270012,0.26176983397742365
19,96,Medium,Medium,Yes,8,97,Medium,3,Medium,Medium,Negative,2,No,High School,Near,Male,71,1,1,0,1,0,1,-0.16282241129609587,1.3876422831589421
27,92,Medium,Low,Yes,9,100,High,2,Medium,High,Positive,0,No,Postgraduate,Moderate,Female,73,1,2,0,1,0,1,1.1727054241270012,1.0412199911030902
17,96,Medium,Medium,No,9,93,Low,3,Medium,Medium,Neutral,2,No,High School,Far,Male,69,1,0,1,0,0,1,-0.49670437015187013,1.3876422831589421
17,60,Low,Low,Yes,7,61,Medium,1,Low,Medium,Positive,4,No,Postgraduate,Near,Female,61,0,1,0,1,0,1,-0.49670437015187013,-1.7301583453437241
15,99,Medium,Medium,Yes,5,71,Medium,0,Medium,Medium,Neutral,2,No,College,Moderate,Male,68,1,1,0,1,0,1,-0.8305863290076444,1.6474590022008309
25,79,Medium,Low,Yes,9,54,Medium,1,Low,Medium,Positive,2,No,Postgraduate,Far,Male,66,1,1,1,0,0,1,0.8388234652712269,-0.08465245807842814
16,92,High,Low,Yes,6,58,Low,0,High,Medium,Positive,4,No,High School,Near,Female,67,2,0,1,0,0,1,-0.6636453495797573,1.0412199911030902
24,65,Low,High,Yes,7,52,Medium,1,High,Medium,Neutral,1,No,Postgraduate,Moderate,Female,64,0,1,0,1,0,1,0.6718824858433398,-1.2971304802739094
18,76,Low,High,Yes,10,82,High,1,Medium,Medium,Negative,4,No,College,Near,Male,67,0,2,1,0,0,1,-0.329763390723983,-0.344469177120317
8,71,High,Medium,Yes,5,77,Medium,0,High,Medium,Neutral,4,No,High School,Moderate,Female,61,2,1,0,1,1,0,-1.9991731850028542,-0.7774970421901317
17,72,Low,Medium,No,8,96,High,2,Low,High,Neutral,3,No,High School,Near,Male,65,0,2,0,1,0,1,-0.49670437015187013,-0.6908914691761688
13,65,Low,High,Yes,6,73,Medium,0,Low,Medium,Positive,3,No,Postgraduate,Near,Female,62,0,1,1,0,0,1,-1.1644682878634187,-1.2971304802739094
20,92,Low,High,No,6,82,Medium,0,Medium,Medium,Neutral,5,No,High School,Near,Female,69,0,1,0,1,0,1,0.0041185681317912485,1.0412199911030902
13,60,High,High,No,7,70,Medium,1,Medium,Medium,Negative,3,No,College,Far,Female,61,2,1,0,1,0,1,-1.1644682878634187,-1.7301583453437241
26,73,High,Medium,No,8,91,Medium,4,Low,Low,Neutral,5,No,High School,Moderate,Male,69,2,1,0,1,0,1,1.005764444699114,-0.6042858961622058
19,67,Medium,Low,No,8,96,High,1,High,Low,Positive,3,No,College,Near,Male,64,1,2,0,1,1,0,-0.16282241129609587,-1.1239193342459837
19,84,Medium,Low,No,9,72,High,1,Low,Medium,Positive,3,No,High School,Far,Female,65,1,2,0,1,0,1,-0.16282241129609587,0.34837540699138664
24,70,Medium,High,No,6,54,Low,1,High,Medium,Neutral,1,No,High School,Moderate,Female,64,1,0,0,1,0,1,0.6718824858433398,-0.8641026152040947
26,70,High,High,Yes,5,58,Medium,1,Low,Low,Positive,3,No,Postgraduate,Moderate,Male,68,2,1,1,0,0,1,1.005764444699114,-0.8641026152040947
20,80,Low,Medium,Yes,6,86,High,1,Low,Medium,Positive,3,No,High School,Near,Female,67,0,2,1,0,0,1,0.0041185681317912485,0.0019531149355348125
15,86,High,Medium,Yes,8,66,Low,0,Medium,High,Positive,5,No,College,Near,Male,68,2,0,1,0,0,1,-0.8305863290076444,0.5215865530193126
9,65,Low,Medium,Yes,7,89,Medium,2,Low,Medium,Positive,4,No,High School,Moderate,Male,61,0,1,0,1,0,1,-1.8322322055749671,-1.2971304802739094
16,67,Medium,High,Yes,4,87,High,5,High,High,Positive,4,No,College,Near,Male,69,1,2,0,1,0,1,-0.6636453495797573,-1.1239193342459837
16,70,Low,High,Yes,4,85,High,0,Medium,Medium,Neutral,3,No,High School,Near,Male,64,0,2,1,0,0,1,-0.6636453495797573,-0.8641026152040947
21,99,High,Medium,Yes,7,91,Medium,3,Medium,Medium,Positive,4,No,College,Near,Male,74,2,1,0,1,1,0,0.17105954755967837,1.6474590022008309
18,76,Medium,Medium,No,8,88,Low,1,Medium,Medium,Neutral,4,No,College,Near,Female,66,1,0,0,1,0,1,-0.329763390723983,-0.344469177120317
24,84,Medium,Medium,No,6,82,Medium,1,Medium,Medium,Negative,2,No,High School,Near,Male,68,1,1,0,1,0,1,0.6718824858433398,0.34837540699138664
16,70,Medium,High,Yes,8,50,High,3,High,Medium,Neutral,3,No,Postgraduate,Far,Male,65,1,2,1,0,0,1,-0.6636453495797573,-0.8641026152040947
20,80,Medium,High,Yes,5,76,Medium,0,Low,Medium,Negative,3,No,College,Near,Female,66,1,1,1,0,1,0,0.0041185681317912485,0.0019531149355348125
27,63,High,Low,No,7,80,Medium,2,Medium,High,Positive,2,No,High School,Near,Female,66,2,1,0,1,1,0,1.1727054241270012,-1.4703416263018354
22,61,Medium,Low,No,7,98,High,3,High,Low,Neutral,2,No,College,Near,Female,65,1,2,1,0,0,1,0.3380005269875655,-1.6435527723297614
20,79,Medium,Medium,No,8,83,Medium,3,Low,Medium,Neutral,4,No,College,Moderate,Male,67,1,1,1,0,0,1,0.0041185681317912485,-0.08465245807842814
16,76,Low,Medium,Yes,5,79,Medium,0,Low,High,Positive,4,No,Postgraduate,Moderate,Female,65,0,1,0,1,0,1,-0.6636453495797573,-0.344469177120317
16,65,Medium,Medium,No,5,77,Medium,1,High,High,Positive,3,No,High School,Moderate,Male,63,1,1,0,1,0,1,-0.6636453495797573,-1.2971304802739094
15,88,High,Medium,No,8,55,Medium,1,High,High,Neutral,2,No,High School,Near,Male,67,2,1,1,0,0,1,-0.8305863290076444,0.6947976990472384
17,100,Medium,High,Yes,5,71,Low,2,Low,Medium,Neutral,4,No,High School,Near,Male,70,1,0,0,1,0,1,-0.49670437015187013,1.7340645752147938
25,76,High,High,Yes,6,57,Low,0,Medium,Medium,Positive,3,No,Postgraduate,Moderate,Male,68,2,0,0,1,1,0,0.8388234652712269,-0.344469177120317
19,85,Medium,Medium,Yes,9,53,High,1,Medium,Medium,Neutral,3,No,College,Far,Male,66,1,2,0,1,0,1,-0.16282241129609587,0.43498098000534957
12,99,Medium,Medium,Yes,7,66,Low,3,Medium,Low,Negative,1,No,Postgraduate,Moderate,Female,67,1,0,1,0,0,1,-1.3314092672913058,1.6474590022008309
31,93,Medium,Low,No,8,82,Low,2,High,High,Neutral,1,No,High School,Near,Male,72,1,0,1,0,0,1,1.8404693418385496,1.1278255641170531
22,79,High,High,Yes,8,93,Medium,0,Medium,Medium,Negative,2,Yes,High School,Near,Female,68,2,1,1,0,0,1,0.3380005269875655,-0.08465245807842814
12,89,Medium,High,No,8,91,Medium,1,Low,High,Neutral,2,No,High School,Near,Male,66,1,1,0,1,1,0,-1.3314092672913058,0.7814032720612014
17,65,Medium,Medium,No,7,65,Medium,0,High,Medium,Neutral,4,No,High School,Moderate,Male,62,1,1,1,0,0,1,-0.49670437015187013,-1.2971304802739094
21,80,High,Low,Yes,6,52,Medium,1,Low,Medium,Negative,4,No,High School,Near,Male,65,2,1,0,1,0,1,0.17105954755967837,0.0019531149355348125
30,71,High,Low,No,10,70,Low,3,Medium,Medium,Neutral,4,Yes,High School,Near,Female,67,2,0,0,1,0,1,1.6735283624106625,-0.7774970421901317
13,66,Medium,Medium,Yes,7,66,Low,3,Medium,Medium,Negative,2,No,College,Near,Female,62,1,0,0,1,0,1,-1.1644682878634187,-1.2105249072599464
26,77,Medium,Low,Yes,7,69,Low,1,High,Medium,Neutral,3,Yes,High School,Near,Female,66,1,0,0,1,0,1,1.005764444699114,-0.25786360410635406
28,65,Medium,Medium,No,8,78,High,1,High,Medium,Positive,3,No,College,Near,Female,67,1,2,1,0,1,0,1.3396464035548883,-1.2971304802739094
16,88,Medium,Medium,Yes,6,52,Medium,2,High,High,Positive,3,No,High School,Near,Female,68,1,1,0,1,0,1,-0.6636453495797573,0.6947976990472384
18,78,Medium,Medium,Yes,6,69,Medium,1,Medium,Medium,Negative,4,No,Postgraduate,Moderate,Female,66,1,1,0,1,0,1,-0.329763390723983,-0.1712580310923911
14,81,High,High,No,9,78,Medium,0,Medium,Medium,Positive,4,No,College,Near,Female,68,2,1,1,0,0,1,-0.9975273084355315,0.08855868794949777
19,66,Low,Medium,No,6,72,Medium,2,Low,Medium,Negative,5,No,High School,Near,Male,62,0,1,0,1,0,1,-0.16282241129609587,-1.2105249072599464
20,66,Medium,High,No,8,83,Medium,1,Low,Medium,Neutral,2,Yes,College,Near,Male,64,1,1,0,1,0,1,0.0041185681317912485,-1.2105249072599464
24,83,High,Low,No,8,59,Medium,1,Low,Medium,Positive,3,No,High School,Near,Male,68,2,1,0,1,0,1,0.6718824858433398,0.26176983397742365
27,99,Low,Low,Yes,7,58,Low,2,Medium,Medium,Positive,2,No,Postgraduate,Moderate,Male,71,0,0,1,0,0,1,1.1727054241270012,1.6474590022008309
16,64,Medium,Medium,No,7,65,Medium,2,Medium,High,Neutral,4,No,High School,Near,Male,63,1,1,0,1,0,1,-0.6636453495797573,-1.3837360532878724
8,71,High,Medium,No,8,55,High,1,Low,High,Positive,2,No,College,Moderate,Male,62,2,2,0,1,0,1,-1.9991731850028542,-0.7774970421901317
20,95,High,Low,Yes,7,62,Low,1,Low,Low,Positive,3,No,College,Near,Male,69,2,0,1,0,0,1,0.0041185681317912485,1.3010367101449791
22,63,Medium,Medium,Yes,4,54,Medium,0,Medium,Medium,Positive,3,No,High School,Moderate,Male,62,1,1,1,0,0,1,0.3380005269875655,-1.4703416263018354
21,95,Low,Medium,Yes,9,70,Medium,3,High,Medium,Positive,3,No,High School,Near,Female,71,0,1,0,1,0,1,0.17105954755967837,1.3010367101449791
18,81,Low,High,Yes,6,86,Medium,3,Low,Medium,Positive,4,No,College,Near,Male,69,0,1,0,1,0,1,-0.329763390723983,0.08855868794949777
21,76,Medium,Medium,Yes,7,64,Low,1,Medium,High,Positive,2,No,High School,Moderate,Male,66,1,0,1,0,0,1,0.17105954755967837,-0.344469177120317
29,72,Low,Medium,No,5,50,Low,0,Low,Medium,Neutral,4,No,High School,Near,Female,64,0,0,0,1,0,1,1.5065873829827754,-0.6908914691761688
22,72,Low,High,No,6,78,Low,1,Low,High,Neutral,3,No,Postgraduate,Near,Male,65,0,0,0,1,1,0,0.3380005269875655,-0.6908914691761688
18,72,High,High,No,6,85,High,1,High,High,Positive,1,No,High School,Moderate,Male,68,2,2,1,0,0,1,-0.329763390723983,-0.6908914691761688
17,95,High,Medium,No,7,70,High,1,Low,Medium,Neutral,3,No,High School,Near,Male,69,2,2,0,1,0,1,-0.49670437015187013,1.3010367101449791
19,89,High,Medium,Yes,6,65,Low,2,Low,Medium,Neutral,3,Yes,Postgraduate,Near,Male,68,2,0,0,1,0,1,-0.16282241129609587,0.7814032720612014
30,87,Low,Medium,Yes,10,75,Low,3,Low,Low,Neutral,4,No,College,Near,Male,71,0,0,0,1,0,1,1.6735283624106625,0.6081921260332754
19,92,Low,Medium,No,7,55,Medium,1,Medium,Medium,Neutral,5,No,High School,Far,Male,66,0,1,0,1,0,1,-0.16282241129609587,1.0412199911030902
20,70,High,Low,No,8,82,Medium,2,Low,High,Positive,3,No,High School,Moderate,Male,65,2,1,1,0,0,1,0.0041185681317912485,-0.8641026152040947
17,85,High,Medium,Yes,7,87,Medium,1,Low,Medium,Neutral,1,No,High School,Near,Female,68,2,1,1,0,0,1,-0.49670437015187013,0.43498098000534957
27,78,High,High,No,8,85,Medium,0,High,Medium,Positive,3,No,College,Near,Male,72,2,1,0,1,0,1,1.1727054241270012,-0.1712580310923911
32,91,High,Medium,Yes,4,66,Medium,3,Low,High,Neutral,2,No,Postgraduate,Near,Female,75,2,1,0,1,0,1,2.0074103212664367,0.9546144180891273
23,72,High,Low,Yes,6,92,Low,2,High,Medium,Negative,3,No,College,Near,Male,67,2,0,0,1,0,1,0.5049415064154527,-0.6908914691761688
20,86,Medium,Medium,No,6,97,Low,1,Low,Medium,Neutral,2,No,High School,Moderate,Male,67,1,0,1,0,0,1,0.0041185681317912485,0.5215865530193126
20,95,Medium,Medium,No,6,65,High,2,Low,Medium,Neutral,3,No,College,Near,Female,70,1,2,0,1,0,1,0.0041185681317912485,1.3010367101449791
6,76,Medium,Medium,Yes,8,63,Medium,5,Medium,Medium,Neutral,3,No,College,Near,Male,64,1,1,0,1,0,1,-2.3330551438586284,-0.344469177120317
24,63,Medium,Medium,Yes,8,85,High,1,Low,Medium,Positive,3,No,High School,Far,Female,65,1,2,1,0,0,1,0.6718824858433398,-1.4703416263018354
21,81,Medium,Medium,Yes,7,85,Medium,1,Low,High,Negative,3,No,Postgraduate,Moderate,Male,68,1,1,0,1,0,1,0.17105954755967837,0.08855868794949777
23,74,High,High,No,7,76,Medium,1,Medium,Low,Neutral,2,No,College,Moderate,Female,67,2,1,0,1,0,1,0.5049415064154527,-0.5176803231482429
16,87,Low,Medium,Yes,10,96,Medium,1,Low,High,Positive,1,No,College,Moderate,Male,66,0,1,0,1,1,0,-0.6636453495797573,0.6081921260332754
18,98,High,Medium,No,7,57,Low,0,High,Medium,Neutral,1,No,Postgraduate,Moderate,Male,69,2,0,1,0,0,1,-0.329763390723983,1.5608534291868679
18,79,Low,High,No,4,74,Low,2,Low,Medium,Negative,1,No,High School,Near,Female,64,0,0,0,1,0,1,-0.329763390723983,-0.08465245807842814
26,79,Medium,High,Yes,8,52,High,1,Medium,Medium,Negative,3,Yes,Postgraduate,Near,Female,68,1,2,0,1,0,1,1.005764444699114,-0.08465245807842814
18,86,High,Medium,No,8,53,Low,5,Low,High,Negative,3,No,High School,Near,Male,68,2,0,1,0,0,1,-0.329763390723983,0.5215865530193126
32,64,Low,High,Yes,9,53,Low,1,Low,Medium,Positive,3,No,College,Near,Female,65,0,0,1,0,1,0,2.0074103212664367,-1.3837360532878724
23,70,Medium,Medium,Yes,8,75,Medium,0,High,Medium,Positive,2,No,High School,Moderate,Male,65,1,1,0,1,0,1,0.5049415064154527,-0.8641026152040947
12,97,Low,Medium,Yes,6,79,Medium,1,Medium,Medium,Negative,2,No,High School,Near,Male,65,0,1,0,1,1,0,-1.3314092672913058,1.474247856172905
19,87,High,Medium,No,8,50,Low,0,High,High,Neutral,2,No,High School,Near,Female,67,2,0,0,1,0,1,-0.16282241129609587,0.6081921260332754
16,61,High,Medium,Yes,7,82,Medium,2,Low,Medium,Negative,3,No,High School,Near,Female,63,2,1,0,1,0,1,-0.6636453495797573,-1.6435527723297614
7,68,High,Medium,No,9,74,Medium,1,Low,High,Positive,3,No,High School,Near,Female,62,2,1,0,1,0,1,-2.1661141644307413,-1.0373137612320207
30,87,High,Medium,Yes,9,61,High,2,Medium,High,Neutral,4,No,High School,Moderate,Male,73,2,2,1,0,0,1,1.6735283624106625,0.6081921260332754
24,91,High,High,Yes,7,51,High,2,Medium,Medium,Neutral,3,No,High School,Moderate,Male,72,2,2,0,1,0,1,0.6718824858433398,0.9546144180891273
23,94,Low,Medium,No,8,58,High,5,Low,Low,Neutral,6,No,High School,Near,Female,71,0,2,0,1,0,1,0.5049415064154527,1.2144311371310161
21,72,Medium,Medium,No,9,80,High,3,Low,Medium,Neutral,4,No,High School,Near,Male,67,1,2,0,1,0,1,0.17105954755967837,-0.6908914691761688
12,97,Medium,Low,Yes,7,83,Medium,0,Low,Medium,Neutral,2,No,College,Moderate,Male,66,1,1,0,1,0,1,-1.3314092672913058,1.474247856172905
17,82,Medium,High,Yes,10,82,High,1,Medium,Medium,Positive,2,No,High School,Moderate,Male,68,1,2,1,0,0,1,-0.49670437015187013,0.17516426096346072
25,88,High,High,Yes,9,58,Low,0,Low,Medium,Negative,4,No,Postgraduate,Near,Male,70,2,0,0,1,0,1,0.8388234652712269,0.6947976990472384
14,84,Medium,Medium,Yes,6,96,Medium,2,Low,Medium,Neutral,2,No,Postgraduate,Far,Male,66,1,1,1,0,1,0,-0.9975273084355315,0.34837540699138664
5,65,Low,High,No,7,71,Medium,0,Low,Medium,Negative,2,No,College,Far,Male,56,0,1,1,0,0,1,-2.4999961232865155,-1.2971304802739094
19,99,Medium,High,Yes,8,88,High,1,Low,High,Positive,3,No,High School,Far,Female,71,1,2,0,1,1,0,-0.16282241129609587,1.6474590022008309
19,65,Low,High,No,10,58,Medium,2,Medium,High,Positive,3,No,Postgraduate,Moderate,Female,64,0,1,1,0,0,1,-0.16282241129609587,-1.2971304802739094
21,70,Medium,Medium,No,8,74,Low,2,Medium,Medium,Positive,3,No,Postgraduate,Far,Male,65,1,0,0,1,0,1,0.17105954755967837,-0.8641026152040947
24,93,Medium,Medium,Yes,7,76,High,2,Low,Medium,Neutral,1,Yes,High School,Near,Male,70,1,2,0,1,0,1,0.6718824858433398,1.1278255641170531
24,85,High,Low,Yes,9,89,Medium,1,Low,Medium,Positive,2,No,Postgraduate,Moderate,Male,70,2,1,0,1,0,1,0.6718824858433398,0.43498098000534957
22,94,Low,High,Yes,7,81,Medium,2,Medium,High,Neutral,4,No,High School,Far,Male,71,0,1,0,1,0,1,0.3380005269875655,1.2144311371310161
27,81,High,High,Yes,6,70,Medium,0,Low,Medium,Positive,5,No,High School,Far,Female,70,2,1,0,1,0,1,1.1727054241270012,0.08855868794949777
11,75,Low,High,No,8,64,Medium,3,Low,Medium,Neutral,3,Yes,College,Moderate,Female,62,0,1,0,1,0,1,-1.498350246719193,-0.4310747501342799
23,97,Medium,Medium,Yes,6,99,Low,1,Low,Medium,Positive,3,No,High School,Near,Female,72,1,0,1,0,0,1,0.5049415064154527,1.474247856172905
24,61,Medium,Medium,No,10,64,Low,0,Low,Medium,Positive,3,No,High School,Near,Female,62,1,0,1,0,0,1,0.6718824858433398,-1.6435527723297614
13,94,Low,Medium,Yes,7,56,High,2,Low,High,Neutral,4,No,College,Near,Male,67,0,2,0,1,0,1,-1.1644682878634187,1.2144311371310161
11,69,Low,Medium,Yes,8,65,Low,0,Low,Medium,Negative,2,No,College,Moderate,Male,58,0,0,0,1,0,1,-1.498350246719193,-0.9507081882180577
16,94,Low,Medium,Yes,6,66,Medium,3,Medium,High,Negative,4,No,College,Near,Female,69,0,1,0,1,0,1,-0.6636453495797573,1.2144311371310161
16,66,Medium,Low,No,9,56,Medium,0,Low,High,Positive,4,Yes,College,Near,Female,60,1,1,1,0,0,1,-0.6636453495797573,-1.2105249072599464
25,83,High,High,Yes,7,85,High,2,Low,Medium,Negative,4,No,College,Near,Male,72,2,2,0,1,0,1,0.8388234652712269,0.26176983397742365
16,96,Medium,Medium,No,7,81,Medium,0,Low,Low,Negative,3,No,High School,Moderate,Male,66,1,1,0,1,0,1,-0.6636453495797573,1.3876422831589421
15,79,Medium,High,Yes,7,66,Medium,2,Low,Medium,Positive,3,No,College,Far,Female,66,1,1,0,1,0,1,-0.8305863290076444,-0.08465245807842814
16,90,Medium,High,Yes,5,100,Low,1,High,Medium,Negative,4,No,High School,Moderate,Male,69,1,0,1,0,0,1,-0.6636453495797573,0.8680088450751643
27,92,Low,Medium,Yes,7,83,Low,2,Low,Medium,Positive,4,Yes,College,Moderate,Female,70,0,0,0,1,0,1,1.1727054241270012,1.0412199911030902
20,89,Low,Medium,Yes,8,85,Medium,2,Medium,High,Positive,1,No,Postgraduate,Near,Female,70,0,1,0,1,0,1,0.0041185681317912485,0.7814032720612014
19,97,High,High,No,5,78,Low,0,Medium,Low,Negative,3,No,College,Moderate,Male,70,2,0,1,0,0,1,-0.16282241129609587,1.474247856172905
19,78,Low,High,Yes,9,78,Medium,2,Low,High,Negative,2,No,College,Near,Female,67,0,1,0,1,0,1,-0.16282241129609587,-0.1712580310923911
28,67,High,Medium,Yes,7,51,Medium,2,Medium,Medium,Neutral,3,No,High School,Near,Female,67,2,1,0,1,0,1,1.3396464035548883,-1.1239193342459837
16,62,Low,Low,No,7,89,High,0,Medium,Medium,Neutral,3,No,High School,Far,Female,59,0,2,0,1,0,1,-0.6636453495797573,-1.5569471993157984
28,70,Medium,Medium,Yes,4,96,Low,1,Medium,Medium,Positive,2,No,High School,Moderate,Male,67,1,0,1,0,0,1,1.3396464035548883,-0.8641026152040947
21,66,High,Medium,Yes,7,56,Medium,1,Low,Medium,Neutral,4,No,Postgraduate,Moderate,Male,65,2,1,1,0,0,1,0.17105954755967837,-1.2105249072599464
19,82,Medium,Medium,No,5,90,Medium,1,High,Medium,Negative,3,No,College,Near,Male,68,1,1,0,1,0,1,-0.16282241129609587,0.17516426096346072
35,67,High,High,Yes,6,77,Low,1,Low,Medium,Positive,3,No,College,Near,Male,71,2,0,0,1,0,1,2.508233259550098,-1.1239193342459837
14,62,Medium,Medium,No,5,64,Medium,2,Low,Medium,Neutral,3,No,College,Near,Male,61,1,1,0,1,0,1,-0.9975273084355315,-1.5569471993157984
18,61,Medium,Medium,Yes,6,96,Medium,0,Medium,Medium,Negative,3,No,High School,Near,Male,63,1,1,0,1,0,1,-0.329763390723983,-1.6435527723297614
13,93,Medium,High,Yes,7,51,Low,1,Low,High,Neutral,3,No,High School,Near,Female,67,1,0,1,0,0,1,-1.1644682878634187,1.1278255641170531
26,84,High,Medium,No,7,64,Medium,1,Medium,High,Neutral,4,No,College,Near,Male,69,2,1,0,1,1,0,1.005764444699114,0.34837540699138664
30,74,Medium,High,No,8,94,Low,0,Medium,Medium,Positive,3,No,High School,Near,Male,70,1,0,0,1,0,1,1.6735283624106625,-0.5176803231482429
30,96,Medium,Low,Yes,4,74,High,0,Low,Low,Negative,3,No,High School,Moderate,Male,69,1,2,0,1,1,0,1.6735283624106625,1.3876422831589421
27,63,High,Medium,Yes,7,80,Medium,1,Low,High,Neutral,4,No,High School,Far,Female,66,2,1,0,1,0,1,1.1727054241270012,-1.4703416263018354
19,99,Medium,Low,Yes,7,87,Low,1,Medium,Medium,Positive,4,No,High School,Moderate,Female,70,1,0,0,1,0,1,-0.16282241129609587,1.6474590022008309
18,85,Medium,Medium,Yes,6,57,Low,2,Medium,High,Neutral,2,No,Postgraduate,Moderate,Male,67,1,0,0,1,0,1,-0.329763390723983,0.43498098000534957
10,67,High,High,No,6,61,Medium,0,Low,High,Neutral,2,No,High School,Near,Female,61,2,1,1,0,0,1,-1.66529122614708,-1.1239193342459837
32,87,Medium,High,Yes,9,100,Medium,2,Medium,Low,Neutral,2,No,Postgraduate,Moderate,Male,74,1,1,1,0,0,1,2.0074103212664367,0.6081921260332754
23,91,Medium,High,Yes,10,62,Low,1,Medium,High,Negative,3,No,College,Near,Male,70,1,0,1,0,0,1,0.5049415064154527,0.9546144180891273
17,77,High,Medium,Yes,4,77,Low,0,Medium,Medium,Positive,4,No,High School,Near,Female,66,2,0,1,0,0,1,-0.49670437015187013,-0.25786360410635406
28,94,Medium,High,Yes,6,65,High,1,Low,High,Positive,1,No,High School,Near,Female,73,1,2,0,1,0,1,1.3396464035548883,1.2144311371310161
14,66,Medium,Medium,Yes,5,93,Medium,1,Medium,Medium,Negative,2,No,High School,Near,Male,62,1,1,1,0,0,1,-0.9975273084355315,-1.2105249072599464
22,71,Medium,Low,Yes,7,98,Low,2,Low,High,Neutral,2,No,High School,Moderate,Female,65,1,0,0,1,0,1,0.3380005269875655,-0.7774970421901317
19,64,High,Medium,No,9,57,Low,0,Medium,High,Neutral,3,No,High School,Near,Female,62,2,0,1,0,0,1,-0.16282241129609587,-1.3837360532878724
24,68,Low,Medium,Yes,8,80,Medium,1,Low,Low,Positive,4,No,Postgraduate,Moderate,Male,64,0,1,0,1,1,0,0.6718824858433398,-1.0373137612320207
20,70,Medium,Medium,Yes,7,91,Medium,1,Low,Medium,Negative,2,No,High School,Far,Male,63,1,1,0,1,0,1,0.0041185681317912485,-0.8641026152040947
11,97,Medium,Medium,No,7,91,Medium,1,Medium,Medium,Positive,4,No,High School,Near,Male,69,1,1,0,1,0,1,-1.498350246719193,1.474247856172905
20,63,Medium,Medium,No,7,72,Low,3,Low,High,Negative,5,Yes,Postgraduate,Near,Male,63,1,0,0,1,0,1,0.0041185681317912485,-1.4703416263018354
26,77,Medium,Medium,Yes,8,61,Medium,1,Low,Medium,Neutral,4,No,College,Moderate,Male,67,1,1,0,1,0,1,1.005764444699114,-0.25786360410635406
20,81,Medium,Low,No,8,69,Medium,1,Medium,Medium,Neutral,2,No,High School,Near,Female,65,1,1,1,0,0,1,0.0041185681317912485,0.08855868794949777
25,96,Medium,High,No,8,88,Medium,0,Low,Medium,Neutral,1,No,High School,Near,Male,71,1,1,1,0,0,1,0.8388234652712269,1.3876422831589421
14,100,Medium,Medium,Yes,4,100,Medium,3,Low,Medium,Neutral,3,No,Postgraduate,Moderate,Female,71,1,1,0,1,0,1,-0.9975273084355315,1.7340645752147938
20,90,Medium,Medium,No,7,78,High,0,Medium,High,Positive,4,Yes,Postgraduate,Far,Male,69,1,2,0,1,0,1,0.0041185681317912485,0.8680088450751643
16,99,Medium,High,Yes,7,60,Medium,2,Low,High,Neutral,3,No,Postgraduate,Moderate,Male,71,1,1,1,0,0,1,-0.6636453495797573,1.6474590022008309
24,91,Low,Medium,Yes,8,52,Medium,1,Low,Medium,Neutral,5,No,High School,Near,Male,68,0,1,0,1,0,1,0.6718824858433398,0.9546144180891273
20,99,Low,Medium,Yes,7,97,Medium,2,Low,Medium,Neutral,0,No,High School,Near,Male,70,0,1,0,1,0,1,0.0041185681317912485,1.6474590022008309
24,88,Medium,High,Yes,8,74,Medium,0,Low,High,Neutral,3,No,Postgraduate,Near,Male,71,1,1,1,0,0,1,0.6718824858433398,0.6947976990472384
27,63,Medium,Medium,Yes,6,86,Medium,1,Medium,Medium,Positive,4,No,Postgraduate,Near,Female,68,1,1,0,1,0,1,1.1727054241270012,-1.4703416263018354
24,76,Low,High,No,8,83,Medium,1,High,Medium,Positive,4,No,High School,Near,Female,69,0,1,1,0,0,1,0.6718824858433398,-0.344469177120317
22,86,Medium,Medium,Yes,9,95,Medium,4,Medium,Low,Positive,2,No,College,Near,Male,71,1,1,1,0,0,1,0.3380005269875655,0.5215865530193126
14,74,High,Medium,No,5,63,Low,2,Low,High,Positive,3,No,College,Far,Female,63,2,0,1,0,1,0,-0.9975273084355315,-0.5176803231482429
20,71,Low,Medium,No,5,72,Medium,4,Medium,Medium,Positive,4,No,Postgraduate,Moderate,Male,66,0,1,0,1,0,1,0.0041185681317912485,-0.7774970421901317
17,83,Medium,Medium,No,8,96,Medium,1,Low,Medium,Positive,3,No,College,Moderate,Male,67,1,1,0,1,0,1,-0.49670437015187013,0.26176983397742365
18,97,High,Low,Yes,7,79,Medium,3,High,Medium,Positive,3,No,High School,Far,Male,71,2,1,1,0,0,1,-0.329763390723983,1.474247856172905
18,61,Low,Low,No,9,54,Medium,0,Medium,Medium,Neutral,2,No,College,Near,Female,59,0,1,0,1,0,1,-0.329763390723983,-1.6435527723297614
14,91,High,Medium,Yes,7,60,Medium,0,High,Medium,Neutral,2,No,High School,Near,Male,67,2,1,0,1,0,1,-0.9975273084355315,0.9546144180891273
8,89,High,High,No,8,62,Medium,2,Medium,Medium,Positive,4,Yes,High School,Moderate,Male,66,2,1,0,1,0,1,-1.9991731850028542,0.7814032720612014
16,99,Low,High,Yes,6,100,High,1,High,High,Positive,3,No,High School,Far,Female,72,0,2,0,1,0,1,-0.6636453495797573,1.6474590022008309
21,97,High,High,No,8,61,Low,0,Low,High,Neutral,3,Yes,Postgraduate,Near,Female,70,2,0,0,1,0,1,0.17105954755967837,1.474247856172905
12,90,Medium,Medium,Yes,8,93,Low,3,High,Medium,Neutral,3,No,High School,Near,Female,68,1,0,0,1,0,1,-1.3314092672913058,0.8680088450751643
20,81,Low,Medium,No,6,54,Low,0,Low,Low,Positive,2,No,College,Moderate,Female,63,0,0,0,1,0,1,0.0041185681317912485,0.08855868794949777
31,68,Medium,Medium,No,9,59,Medium,3,High,High,Neutral,2,No,Postgraduate,Near,Female,69,1,1,0,1,0,1,1.8404693418385496,-1.0373137612320207
26,82,Low,Medium,No,4,94,Low,0,Low,Low,Positive,3,No,High School,Near,Male,67,0,0,1,0,0,1,1.005764444699114,0.17516426096346072
30,91,Medium,High,Yes,7,95,Low,1,Medium,High,Positive,3,No,College,Near,Female,75,1,0,0,1,0,1,1.6735283624106625,0.9546144180891273
22,96,Low,Low,Yes,5,59,Medium,0,Medium,High,Positive,2,No,High School,Far,Female,67,0,1,1,0,0,1,0.3380005269875655,1.3876422831589421
27,92,High,High,Yes,5,61,Medium,0,Medium,High,Positive,3,No,Postgraduate,Near,Male,74,2,1,1,0,0,1,1.1727054241270012,1.0412199911030902
16,68,Medium,High,Yes,8,77,Medium,1,Medium,High,Positive,4,No,Postgraduate,Moderate,Male,66,1,1,0,1,0,1,-0.6636453495797573,-1.0373137612320207
16,84,Medium,High,Yes,5,53,Medium,2,Low,Medium,Neutral,1,No,High School,Near,Male,65,1,1,0,1,1,0,-0.6636453495797573,0.34837540699138664
4,73,Low,Medium,Yes,5,97,High,1,Low,High,Negative,1,No,High School,Near,Male,60,0,2,0,1,0,1,-2.6669371027144027,-0.6042858961622058
27,60,Medium,High,No,8,68,High,1,Medium,Medium,Negative,4,Yes,High School,Far,Female,63,1,2,1,0,0,1,1.1727054241270012,-1.7301583453437241
29,68,Low,High,Yes,5,74,Low,3,High,High,Neutral,2,Yes,Postgraduate,Near,Male,69,0,0,0,1,0,1,1.5065873829827754,-1.0373137612320207
17,65,High,High,No,9,55,Medium,1,Medium,Medium,Positive,2,No,High School,Near,Male,64,2,1,0,1,0,1,-0.49670437015187013,-1.2971304802739094
18,94,Low,Medium,Yes,8,52,Medium,1,Medium,Medium,Positive,4,No,College,Near,Female,68,0,1,1,0,0,1,-0.329763390723983,1.2144311371310161
15,70,Medium,Medium,No,6,73,Low,2,Medium,Low,Positive,4,No,High School,Moderate,Male,63,1,0,0,1,0,1,-0.8305863290076444,-0.8641026152040947
22,71,Medium,Medium,Yes,8,56,Low,0,Medium,High,Neutral,2,No,Postgraduate,Near,Male,65,1,0,0,1,0,1,0.3380005269875655,-0.7774970421901317
27,98,Medium,High,No,4,82,Medium,0,High,Medium,Positive,3,No,High School,Near,Female,74,1,1,0,1,0,1,1.1727054241270012,1.5608534291868679
10,75,Medium,High,Yes,8,90,Medium,2,Low,Medium,Positive,2,No,Postgraduate,Moderate,Male,65,1,1,0,1,0,1,-1.66529122614708,-0.4310747501342799
22,60,Medium,Medium,Yes,5,52,Medium,0,Low,Medium,Negative,2,No,High School,Near,Female,61,1,1,0,1,0,1,0.3380005269875655,-1.7301583453437241
18,71,Medium,High,Yes,6,81,Medium,1,Low,High,Positive,3,No,High School,Near,Male,66,1,1,0,1,0,1,-0.329763390723983,-0.7774970421901317
21,65,Medium,High,Yes,6,91,High,1,Medium,High,Positive,3,No,High School,Moderate,Male,67,1,2,0,1,0,1,0.17105954755967837,-1.2971304802739094
23,64,High,Medium,Yes,9,72,Medium,0,Low,High,Positive,3,No,College,Near,Male,66,2,1,0,1,0,1,0.5049415064154527,-1.3837360532878724
19,63,High,Medium,No,6,98,High,4,High,Medium,Positive,2,No,Postgraduate,Near,Male,69,2,2,1,0,0,1,-0.16282241129609587,-1.4703416263018354
19,84,Medium,Medium,Yes,7,56,Low,2,Low,Medium,Neutral,3,No,High School,Moderate,Female,65,1,0,0,1,0,1,-0.16282241129609587,0.34837540699138664
19,68,High,High,No,6,66,Medium,2,Medium,Medium,Neutral,3,No,High School,Far,Female,65,2,1,0,1,0,1,-0.16282241129609587,-1.0373137612320207
26,74,High,Medium,No,6,62,Medium,0,Low,Medium,Neutral,3,No,High School,Near,Female,66,2,1,1,0,0,1,1.005764444699114,-0.5176803231482429
23,94,Medium,High,No,5,100,Low,2,Medium,High,Neutral,2,No,Postgraduate,Near,Male,73,1,0,0,1,0,1,0.5049415064154527,1.2144311371310161
21,77,Low,Medium,Yes,7,65,Medium,2,Low,High,Negative,2,No,High School,Moderate,Female,64,0,1,0,1,0,1,0.17105954755967837,-0.25786360410635406
12,97,Medium,Low,Yes,7,69,Low,0,Low,High,Positive,5,No,High School,Near,Female,67,1,0,0,1,0,1,-1.3314092672913058,1.474247856172905
18,80,Medium,Low,Yes,8,92,High,0,Medium,High,Positive,1,No,College,Near,Male,67,1,2,1,0,0,1,-0.329763390723983,0.0019531149355348125
25,76,Medium,Low,Yes,7,96,Medium,3,Medium,Medium,Positive,4,Yes,High School,Near,Female,68,1,1,0,1,0,1,0.8388234652712269,-0.344469177120317
20,90,Medium,Low,Yes,7,97,Medium,2,High,High,Positive,3,No,College,Moderate,Male,71,1,1,0,1,0,1,0.0041185681317912485,0.8680088450751643
24,63,Medium,Medium,Yes,8,78,Medium,0,Low,High,Negative,3,No,High School,Near,Male,64,1,1,1,0,0,1,0.6718824858433398,-1.4703416263018354
31,64,Medium,Medium,Yes,6,83,Medium,1,Medium,Medium,Positive,2,No,High School,Moderate,Female,67,1,1,0,1,0,1,1.8404693418385496,-1.3837360532878724
26,86,Medium,Low,No,5,67,Medium,2,Low,High,Positive,1,No,High School,Moderate,Female,68,1,1,1,0,0,1,1.005764444699114,0.5215865530193126
21,79,Low,Medium,Yes,8,80,High,1,Low,High,Negative,3,No,College,Near,Male,67,0,2,1,0,0,1,0.17105954755967837,-0.08465245807842814
17,92,Low,Medium,Yes,6,65,High,3,Medium,High,Positive,2,No,College,Near,Male,70,0,2,0,1,0,1,-0.49670437015187013,1.0412199911030902
5,97,Medium,Low,Yes,7,87,Medium,2,Medium,Medium,Neutral,3,Yes,High School,Far,Female,64,1,1,1,0,0,1,-2.4999961232865155,1.474247856172905
19,76,Medium,Medium,Yes,6,65,Medium,0,Low,Medium,Neutral,4,Yes,High School,Near,Female,63,1,1,0,1,0,1,-0.16282241129609587,-0.344469177120317
18,84,High,High,No,6,94,Medium,3,High,Medium,Neutral,4,No,High School,Near,Male,71,2,1,0,1,0,1,-0.329763390723983,0.34837540699138664
22,80,Low,Low,No,4,57,Low,1,Low,Medium,Neutral,3,No,Postgraduate,Moderate,Male,64,0,0,0,1,0,1,0.3380005269875655,0.0019531149355348125
19,99,Low,Low,No,8,79,High,3,Medium,Medium,Positive,4,No,High School,Near,Male,70,0,2,1,0,0,1,-0.16282241129609587,1.6474590022008309
18,93,Medium,High,No,4,76,High,3,Low,Medium,Negative,3,No,College,Near,Female,70,1,2,0,1,0,1,-0.329763390723983,1.1278255641170531
9,96,Medium,High,Yes,9,63,Medium,1,High,Medium,Neutral,1,No,High School,Near,Male,67,1,1,1,0,0,1,-1.8322322055749671,1.3876422831589421
14,70,Medium,Medium,Yes,9,51,Low,1,Low,High,Negative,4,No,College,Near,Male,62,1,0,0,1,0,1,-0.9975273084355315,-0.8641026152040947
23,91,Medium,Medium,No,6,57,Low,2,Low,High,Positive,2,No,High School,Near,Male,69,1,0,1,0,0,1,0.5049415064154527,0.9546144180891273
30,71,Low,High,No,9,98,Low,2,High,Medium,Positive,1,No,High School,Moderate,Female,69,0,0,0,1,0,1,1.6735283624106625,-0.7774970421901317
19,68,Low,High,No,10,97,Low,0,Low,Medium,Positive,3,No,College,Far,Female,62,0,0,0,1,1,0,-0.16282241129609587,-1.0373137612320207
22,98,Low,Medium,No,7,56,High,1,High,Medium,Neutral,1,No,College,Near,Female,70,0,2,1,0,0,1,0.3380005269875655,1.5608534291868679
26,61,Medium,Medium,Yes,8,69,High,2,Medium,High,Positive,3,No,High School,Near,Male,66,1,2,0,1,0,1,1.005764444699114,-1.6435527723297614
15,99,High,Medium,No,7,73,Low,1,Low,Medium,Positive,3,No,High School,Near,Male,69,2,0,0,1,0,1,-0.8305863290076444,1.6474590022008309
22,66,Medium,Low,Yes,9,74,Medium,3,Low,High,Negative,3,No,Postgraduate,Near,Female,65,1,1,0,1,0,1,0.3380005269875655,-1.2105249072599464
16,93,Low,High,Yes,5,65,Low,0,Medium,Medium,Negative,3,No,High School,Near,Female,66,0,0,0,1,0,1,-0.6636453495797573,1.1278255641170531
25,71,High,Medium,Yes,7,96,Low,2,Low,Medium,Positive,3,No,High School,Near,Female,69,2,0,0,1,0,1,0.8388234652712269,-0.7774970421901317
21,74,High,Medium,Yes,8,95,Low,1,Medium,Medium,Positive,5,Yes,High School,Far,Female,66,2,0,1,0,0,1,0.17105954755967837,-0.5176803231482429
22,69,Low,High,Yes,8,51,Medium,1,Low,High,Positive,3,No,High School,Near,Female,65,0,1,0,1,0,1,0.3380005269875655,-0.9507081882180577
15,83,Medium,Low,Yes,7,83,Low,1,High,Medium,Neutral,2,No,Postgraduate,Near,Female,66,1,0,0,1,0,1,-0.8305863290076444,0.26176983397742365
24,74,Low,Low,Yes,9,54,Medium,1,Low,Medium,Neutral,3,No,High School,Near,Female,63,0,1,0,1,0,1,0.6718824858433398,-0.5176803231482429
33,86,Low,Medium,Yes,7,80,Medium,0,Low,High,Neutral,3,No,Postgraduate,Near,Female,72,0,1,0,1,0,1,2.174351300694324,0.5215865530193126
14,61,Medium,Medium,Yes,7,93,Low,3,Medium,High,Negative,2,No,High School,Moderate,Male,62,1,0,0,1,0,1,-0.9975273084355315,-1.6435527723297614
18,63,High,High,No,8,82,Medium,1,High,Medium,Negative,1,No,High School,Near,Male,64,2,1,1,0,0,1,-0.329763390723983,-1.4703416263018354
21,64,Medium,Low,No,7,73,High,2,Low,Medium,Negative,2,Yes,College,Far,Female,61,1,2,0,1,0,1,0.17105954755967837,-1.3837360532878724
25,77,High,Medium,Yes,7,98,Low,0,High,Medium,Positive,2,No,High School,Near,Male,70,2,0,0,1,0,1,0.8388234652712269,-0.25786360410635406
17,93,Medium,Medium,No,6,87,Medium,1,Low,High,Negative,2,No,High School,Moderate,Female,67,1,1,1,0,0,1,-0.49670437015187013,1.1278255641170531
3,96,High,High,Yes,10,62,Medium,3,Low,Medium,Neutral,4,No,High School,Far,Male,66,2,1,1,0,0,1,-2.8338780821422898,1.3876422831589421
28,70,Medium,Medium,Yes,6,69,Medium,2,Low,Low,Positive,4,Yes,High School,Near,Male,66,1,1,0,1,0,1,1.3396464035548883,-0.8641026152040947
25,83,Low,Medium,Yes,8,88,Low,1,Medium,High,Neutral,3,Yes,College,Near,Male,68,0,0,0,1,0,1,0.8388234652712269,0.26176983397742365
10,91,High,High,Yes,10,51,Medium,0,Low,Medium,Positive,3,No,Postgraduate,Moderate,Male,67,2,1,0,1,0,1,-1.66529122614708,0.9546144180891273
16,72,Medium,High,No,5,53,Medium,1,High,High,Positive,3,No,College,Near,Male,65,1,1,0,1,0,1,-0.6636453495797573,-0.6908914691761688
29,76,Medium,High,Yes,8,93,Low,0,Medium,High,Positive,4,No,College,Moderate,Male,70,1,0,0,1,1,0,1.5065873829827754,-0.344469177120317
29,81,Medium,Medium,Yes,7,52,Medium,1,High,Medium,Neutral,4,No,College,Near,Female,69,1,1,0,1,1,0,1.5065873829827754,0.08855868794949777
26,65,Medium,Medium,Yes,10,84,Medium,1,Low,High,Positive,4,No,Postgraduate,Near,Male,68,1,1,0,1,0,1,1.005764444699114,-1.2971304802739094
19,61,Medium,Medium,No,6,66,Medium,0,High,Medium,Neutral,1,No,High School,Near,Male,61,1,1,0,1,0,1,-0.16282241129609587,-1.6435527723297614
20,66,Medium,High,Yes,6,91,Low,0,Medium,High,Negative,5,No,High School,Far,Male,65,1,0,0,1,0,1,0.0041185681317912485,-1.2105249072599464
19,85,High,High,No,7,92,Medium,3,Medium,Medium,Neutral,2,No,College,Near,Female,71,2,1,0,1,0,1,-0.16282241129609587,0.43498098000534957
27,63,Medium,High,No,6,98,Low,0,Medium,Medium,Negative,3,No,High School,Near,Female,66,1,0,1,0,0,1,1.1727054241270012,-1.4703416263018354
15,68,Medium,High,No,6,55,Medium,0,High,Medium,Positive,3,No,High School,Near,Female,62,1,1,1,0,1,0,-0.8305863290076444,-1.0373137612320207
15,74,Low,Low,No,10,71,Medium,0,Low,High,Negative,2,No,Postgraduate,Near,Male,61,0,1,0,1,0,1,-0.8305863290076444,-0.5176803231482429
26,63,High,High,Yes,7,79,Medium,1,Low,High,Negative,2,No,High School,Near,Male,67,2,1,0,1,0,1,1.005764444699114,-1.4703416263018354
20,68,Medium,High,Yes,6,96,Medium,0,Low,High,Neutral,3,No,High School,Near,Female,66,1,1,0,1,0,1,0.0041185681317912485,-1.0373137612320207
28,96,Low,High,No,6,63,High,1,High,Medium,Positive,2,No,High School,Moderate,Female,71,0,2,0,1,1,0,1.3396464035548883,1.3876422831589421
16,61,Medium,High,Yes,8,54,High,0,Low,High,Positive,3,No,College,Moderate,Male,62,1,2,1,0,0,1,-0.6636453495797573,-1.6435527723297614
20,86,Medium,Medium,Yes,8,60,Low,1,High,Medium,Neutral,3,Yes,Postgraduate,Near,Male,67,1,0,0,1,0,1,0.0041185681317912485,0.5215865530193126
14,75,Medium,Medium,Yes,6,75,Medium,0,Low,High,Neutral,2,No,High School,Near,Male,64,1,1,0,1,0,1,-0.9975273084355315,-0.4310747501342799
20,87,Medium,Low,No,5,84,Medium,2,Medium,Medium,Neutral,3,No,High School,Near,Male,68,1,1,1,0,0,1,0.0041185681317912485,0.6081921260332754
11,84,Medium,Medium,Yes,7,85,High,3,Medium,Medium,Neutral,4,No,College,Moderate,Female,67,1,2,0,1,0,1,-1.498350246719193,0.34837540699138664
17,69,Medium,Medium,Yes,7,54,High,1,High,Low,Neutral,2,No,High School,Near,Male,63,1,2,0,1,0,1,-0.49670437015187013,-0.9507081882180577
11,94,High,High,No,6,88,Medium,2,Medium,Medium,Positive,4,No,High School,Near,Male,70,2,1,0,1,0,1,-1.498350246719193,1.2144311371310161
24,80,Low,High,Yes,9,83,Medium,1,Low,Low,Negative,1,No,High School,Near,Male,67,0,1,0,1,0,1,0.6718824858433398,0.0019531149355348125
24,93,Medium,High,Yes,8,70,Low,1,Medium,High,Neutral,3,No,High School,Moderate,Female,71,1,0,1,0,0,1,0.6718824858433398,1.1278255641170531
10,76,Medium,Low,Yes,7,79,Low,3,Medium,Medium,Neutral,4,No,High School,Far,Female,62,1,0,1,0,0,1,-1.66529122614708,-0.344469177120317
28,99,Medium,Medium,Yes,6,88,Medium,3,Low,Medium,Positive,4,No,High School,Near,Female,75,1,1,0,1,0,1,1.3396464035548883,1.6474590022008309
35,91,Low,Medium,Yes,10,63,Low,1,Medium,Medium,Neutral,5,No,High School,Near,Male,72,0,0,0,1,0,1,2.508233259550098,0.9546144180891273
20,99,Medium,Low,Yes,5,97,Low,4,High,Medium,Neutral,3,No,College,Near,Female,73,1,0,0,1,0,1,0.0041185681317912485,1.6474590022008309
16,81,Low,Medium,No,6,57,High,3,Low,Low,Positive,3,No,High School,Near,Male,64,0,2,1,0,0,1,-0.6636453495797573,0.08855868794949777
37,79,Medium,High,No,6,95,High,1,High,Medium,Negative,1,No,High School,Near,Male,73,1,2,0,1,0,1,2.8421152184058722,-0.08465245807842814
12,90,Medium,Low,Yes,7,87,Low,2,Low,High,Neutral,2,No,Postgraduate,Far,Male,66,1,0,0,1,0,1,-1.3314092672913058,0.8680088450751643
20,95,Low,Low,No,8,83,High,1,Medium,Medium,Positive,3,No,High School,Near,Female,69,0,2,1,0,0,1,0.0041185681317912485,1.3010367101449791
21,99,Medium,Medium,Yes,5,54,High,1,Low,Medium,Neutral,4,No,College,Moderate,Male,70,1,2,0,1,0,1,0.17105954755967837,1.6474590022008309
28,73,Medium,High,Yes,6,96,Medium,1,Medium,Medium,Negative,0,No,Postgraduate,Near,Female,70,1,1,0,1,0,1,1.3396464035548883,-0.6042858961622058
22,92,High,High,No,8,65,Medium,0,Medium,High,Positive,2,No,High School,Moderate,Male,71,2,1,1,0,0,1,0.3380005269875655,1.0412199911030902
17,68,Low,High,Yes,6,87,High,0,Low,Medium,Positive,4,Yes,College,Near,Male,64,0,2,1,0,0,1,-0.49670437015187013,-1.0373137612320207
14,82,Medium,High,No,6,94,Low,7,Medium,High,Negative,4,No,Postgraduate,Near,Male,71,1,0,1,0,0,1,-0.9975273084355315,0.17516426096346072
18,67,High,Medium,Yes,7,62,High,1,Low,Low,Positive,2,No,High School,Far,Male,63,2,2,1,0,0,1,-0.329763390723983,-1.1239193342459837
14,74,High,High,Yes,6,96,Low,2,Low,High,Neutral,4,No,College,Near,Male,68,2,0,0,1,0,1,-0.9975273084355315,-0.5176803231482429
20,97,Medium,Medium,No,7,81,Medium,3,Medium,High,Neutral,3,Yes,College,Near,Male,71,1,1,0,1,0,1,0.0041185681317912485,1.474247856172905
17,66,Medium,Medium,Yes,8,83,Medium,4,Medium,High,Negative,5,No,High School,Moderate,Male,65,1,1,1,0,0,1,-0.49670437015187013,-1.2105249072599464
11,85,High,Medium,Yes,7,96,Medium,1,Low,Medium,Neutral,3,No,High School,Near,Male,66,2,1,0,1,1,0,-1.498350246719193,0.43498098000534957
28,84,High,High,Yes,9,76,High,0,High,Medium,Negative,3,No,High School,Near,Male,72,2,2,1,0,0,1,1.3396464035548883,0.34837540699138664
17,65,High,High,Yes,8,72,Low,1,Low,Medium,Positive,4,No,College,Moderate,Male,65,2,0,0,1,0,1,-0.49670437015187013,-1.2971304802739094
12,73,Low,Medium,No,7,82,Medium,1,Low,Medium,Positive,3,No,High School,Far,Male,60,0,1,0,1,1,0,-1.3314092672913058,-0.6042858961622058
19,83,Low,Medium,No,7,78,High,2,Low,High,Positive,4,No,Postgraduate,Moderate,Male,67,0,2,0,1,1,0,-0.16282241129609587,0.26176983397742365
20,67,Medium,High,No,10,53,High,1,Low,Medium,Positive,2,No,Postgraduate,Near,Male,65,1,2,1,0,0,1,0.0041185681317912485,-1.1239193342459837
10,92,High,Low,Yes,6,59,High,0,Low,Medium,Negative,2,No,High School,Moderate,Female,64,2,2,0,1,0,1,-1.66529122614708,1.0412199911030902
22,99,High,High,Yes,7,51,Medium,2,High,High,Negative,4,Yes,High School,Moderate,Male,72,2,1,0,1,0,1,0.3380005269875655,1.6474590022008309
14,69,High,Medium,No,6,55,Medium,3,Low,Low,Positive,2,No,High School,Moderate,Male,62,2,1,1,0,0,1,-0.9975273084355315,-0.9507081882180577
30,67,Medium,Medium,Yes,8,86,Medium,0,Low,Medium,Neutral,4,No,High School,Moderate,Female,67,1,1,0,1,0,1,1.6735283624106625,-1.1239193342459837
23,78,Medium,Medium,Yes,10,50,Medium,1,Medium,Medium,Positive,3,Yes,Postgraduate,Near,Female,67,1,1,1,0,0,1,0.5049415064154527,-0.1712580310923911
18,90,Medium,Medium,No,7,65,Low,4,Medium,Medium,Positive,3,No,College,Near,Female,69,1,0,0,1,0,1,-0.329763390723983,0.8680088450751643
16,71,High,High,Yes,7,72,Low,1,Medium,Low,Neutral,4,No,College,Moderate,Female,65,2,0,1,0,0,1,-0.6636453495797573,-0.7774970421901317
19,61,Medium,High,No,7,97,Low,0,Medium,High,Negative,3,Yes,College,Far,Male,62,1,0,0,1,0,1,-0.16282241129609587,-1.6435527723297614
24,82,High,Medium,Yes,5,66,Medium,0,Medium,Medium,Neutral,3,No,Postgraduate,Near,Male,69,2,1,1,0,0,1,0.6718824858433398,0.17516426096346072
20,98,Medium,High,No,7,89,Medium,1,High,Medium,Positive,3,No,College,Far,Female,72,1,1,0,1,0,1,0.0041185681317912485,1.5608534291868679
19,76,Low,High,Yes,10,70,Low,1,Low,Medium,Negative,3,No,College,Far,Female,63,0,0,0,1,0,1,-0.16282241129609587,-0.344469177120317
20,77,High,Medium,No,8,55,Low,1,Medium,Medium,Negative,3,No,College,Far,Female,64,2,0,0,1,0,1,0.0041185681317912485,-0.25786360410635406
16,99,Low,Medium,Yes,9,55,Medium,1,High,Medium,Neutral,3,Yes,College,Far,Female,67,0,1,0,1,0,1,-0.6636453495797573,1.6474590022008309
18,88,Medium,Medium,No,9,72,High,2,High,High,Neutral,4,No,Postgraduate,Moderate,Male,70,1,2,0,1,0,1,-0.329763390723983,0.6947976990472384
7,89,High,Low,Yes,6,53,Medium,3,Low,High,Neutral,2,No,High School,Moderate,Male,64,2,1,1,0,0,1,-2.1661141644307413,0.7814032720612014
26,83,Medium,Medium,No,10,79,Medium,1,High,Medium,Neutral,2,No,High School,Moderate,Female,69,1,1,0,1,0,1,1.005764444699114,0.26176983397742365
22,99,High,High,No,4,75,Low,2,Medium,Medium,Negative,4,No,High School,Near,Female,72,2,0,1,0,0,1,0.3380005269875655,1.6474590022008309
15,88,Medium,Medium,Yes,7,85,Medium,4,Medium,Medium,Negative,2,No,Postgraduate,Near,Female,69,1,1,1,0,0,1,-0.8305863290076444,0.6947976990472384
31,96,High,Medium,Yes,4,59,Medium,3,Low,Medium,Neutral,5,No,High School,Near,Female,75,2,1,1,0,0,1,1.8404693418385496,1.3876422831589421
21,88,Low,Medium,No,4,80,Low,1,Medium,Medium,Positive,2,Yes,Postgraduate,Near,Male,67,0,0,0,1,0,1,0.17105954755967837,0.6947976990472384
14,89,Medium,Medium,Yes,8,59,High,1,Low,Medium,Neutral,3,No,College,Near,Male,67,1,2,1,0,0,1,-0.9975273084355315,0.7814032720612014
25,72,Medium,Medium,No,6,86,High,0,Medium,Medium,Neutral,2,No,High School,Far,Female,66,1,2,0,1,0,1,0.8388234652712269,-0.6908914691761688
22,72,Medium,Low,Yes,9,65,High,0,Medium,Medium,Neutral,3,No,High School,Moderate,Male,64,1,2,0,1,0,1,0.3380005269875655,-0.6908914691761688
22,91,Medium,Low,No,4,81,Medium,2,Low,High,Negative,3,No,High School,Near,Male,68,1,1,1,0,0,1,0.3380005269875655,0.9546144180891273
17,72,High,Medium,Yes,7,94,High,1,Low,Medium,Neutral,5,No,High School,Moderate,Male,66,2,2,0,1,0,1,-0.49670437015187013,-0.6908914691761688
23,83,High,Medium,No,5,74,Medium,3,Low,Medium,Negative,2,No,Postgraduate,Near,Male,69,2,1,0,1,0,1,0.5049415064154527,0.26176983397742365
18,70,High,Low,Yes,7,60,Medium,1,Medium,High,Positive,3,No,College,Near,Male,65,2,1,0,1,0,1,-0.329763390723983,-0.8641026152040947
23,93,Medium,Low,Yes,9,94,High,2,Medium,Low,Negative,3,No,High School,Moderate,Female,70,1,2,1,0,0,1,0.5049415064154527,1.1278255641170531
9,64,Medium,Low,Yes,10,68,Low,0,Medium,Medium,Negative,3,No,High School,Near,Male,57,1,0,1,0,0,1,-1.8322322055749671,-1.3837360532878724
17,93,Medium,Medium,No,8,87,Low,2,High,High,Negative,3,No,College,Moderate,Male,69,1,0,1,0,0,1,-0.49670437015187013,1.1278255641170531
30,84,High,Low,Yes,5,66,Low,0,Medium,Low,Positive,2,No,Postgraduate,Near,Female,70,2,0,0,1,0,1,1.6735283624106625,0.34837540699138664
15,67,Low,Medium,Yes,5,65,Medium,4,Medium,Medium,Negative,2,No,College,Near,Male,63,0,1,1,0,0,1,-0.8305863290076444,-1.1239193342459837
16,82,Medium,Medium,No,7,82,Medium,1,Medium,Low,Neutral,3,No,Postgraduate,Moderate,Female,66,1,1,0,1,0,1,-0.6636453495797573,0.17516426096346072
17,71,Medium,Medium,Yes,6,58,Medium,3,Medium,Medium,Positive,3,Yes,High School,Near,Male,64,1,1,1,0,0,1,-0.49670437015187013,-0.7774970421901317
13,73,Medium,High,No,8,93,Medium,0,High,High,Neutral,3,No,Postgraduate,Near,Female,65,1,1,0,1,0,1,-1.1644682878634187,-0.6042858961622058
7,74,High,Medium,No,10,69,High,1,High,Medium,Positive,4,No,High School,Near,Male,64,2,2,0,1,0,1,-2.1661141644307413,-0.5176803231482429
19,63,Medium,Low,Yes,6,51,High,2,Medium,Medium,Neutral,4,No,High School,Near,Male,62,1,2,0,1,0,1,-0.16282241129609587,-1.4703416263018354
21,99,High,Medium,Yes,6,65,Low,1,Medium,Medium,Positive,2,No,College,Far,Female,71,2,0,1,0,0,1,0.17105954755967837,1.6474590022008309
20,61,Medium,High,No,5,89,Medium,1,Medium,Medium,Neutral,2,No,Postgraduate,Far,Female,64,1,1,0,1,0,1,0.0041185681317912485,-1.6435527723297614
19,86,High,High,Yes,7,93,High,1,Medium,High,Neutral,2,No,High School,Near,Male,72,2,2,0,1,0,1,-0.16282241129609587,0.5215865530193126
20,75,Medium,Medium,No,7,78,Medium,0,Low,Medium,Negative,2,No,College,Near,Female,64,1,1,0,1,0,1,0.0041185681317912485,-0.4310747501342799
26,86,Medium,Low,Yes,7,65,Medium,2,High,High,Neutral,4,No,Postgraduate,Moderate,Male,71,1,1,1,0,0,1,1.005764444699114,0.5215865530193126
19,74,Medium,Medium,Yes,8,76,High,5,Medium,High,Neutral,4,Yes,College,Near,Female,68,1,2,0,1,0,1,-0.16282241129609587,-0.5176803231482429
17,87,Medium,Medium,Yes,8,92,Medium,3,High,Low,Negative,2,No,College,Near,Male,68,1,1,0,1,1,0,-0.49670437015187013,0.6081921260332754
18,89,Medium,Medium,No,7,66,Medium,2,Medium,Medium,Positive,3,No,College,Moderate,Male,68,1,1,0,1,0,1,-0.329763390723983,0.7814032720612014
23,88,Medium,Medium,No,7,69,Medium,3,Low,High,Negative,3,No,High School,Near,Male,69,1,1,0,1,0,1,0.5049415064154527,0.6947976990472384
28,65,Low,Medium,Yes,7,77,High,1,Low,High,Positive,3,No,College,Near,Male,67,0,2,0,1,0,1,1.3396464035548883,-1.2971304802739094
16,86,Medium,Low,No,7,94,Low,0,Low,Medium,Positive,4,No,High School,Near,Male,66,1,0,1,0,0,1,-0.6636453495797573,0.5215865530193126
21,71,Medium,Medium,Yes,6,79,Medium,1,Low,Medium,Neutral,4,No,Postgraduate,Far,Male,65,1,1,1,0,0,1,0.17105954755967837,-0.7774970421901317
22,61,Medium,High,No,5,60,High,0,High,Low,Neutral,2,No,High School,Moderate,Male,63,1,2,1,0,0,1,0.3380005269875655,-1.6435527723297614
14,77,High,Low,No,7,54,Medium,1,Medium,High,Negative,2,No,High School,Moderate,Male,62,2,1,0,1,0,1,-0.9975273084355315,-0.25786360410635406
20,77,High,High,No,6,55,Medium,1,High,Low,Neutral,1,No,College,Near,Male,67,2,1,1,0,0,1,0.0041185681317912485,-0.25786360410635406
11,79,Medium,Medium,Yes,8,98,Medium,2,Low,Medium,Neutral,4,No,High School,Near,Female,65,1,1,0,1,0,1,-1.498350246719193,-0.08465245807842814
9,88,Medium,Medium,Yes,7,91,Medium,1,Low,Medium,Negative,3,No,College,Near,Female,66,1,1,0,1,0,1,-1.8322322055749671,0.6947976990472384
22,72,Low,High,No,7,88,Medium,2,Medium,Medium,Positive,4,No,High School,Near,Female,66,0,1,0,1,1,0,0.3380005269875655,-0.6908914691761688
18,73,Medium,Medium,Yes,8,75,Medium,0,High,Medium,Neutral,1,Yes,College,Near,Female,64,1,1,0,1,0,1,-0.329763390723983,-0.6042858961622058
21,62,High,Medium,Yes,5,84,Medium,5,Low,Medium,Positive,4,No,High School,Near,Female,67,2,1,0,1,0,1,0.17105954755967837,-1.5569471993157984
20,87,Medium,Medium,No,10,56,Medium,2,Medium,Medium,Neutral,2,No,College,Moderate,Female,67,1,1,0,1,0,1,0.0041185681317912485,0.6081921260332754
14,83,Low,Low,No,4,81,Low,1,Low,Medium,Negative,4,Yes,High School,Moderate,Male,61,0,0,0,1,0,1,-0.9975273084355315,0.26176983397742365
20,74,Medium,Medium,Yes,9,91,Medium,1,Low,Medium,Neutral,5,No,High School,Near,Male,66,1,1,0,1,0,1,0.0041185681317912485,-0.5176803231482429
13,88,High,Medium,Yes,7,53,Medium,2,Medium,Medium,Negative,4,No,College,Moderate,Male,66,2,1,1,0,0,1,-1.1644682878634187,0.6947976990472384
28,81,Medium,Low,Yes,6,65,Medium,1,Low,Medium,Positive,2,No,High School,Moderate,Male,67,1,1,0,1,0,1,1.3396464035548883,0.08855868794949777
12,79,High,Medium,No,5,56,High,1,Low,Low,Positive,5,No,High School,Near,Female,64,2,2,0,1,0,1,-1.3314092672913058,-0.08465245807842814
19,80,High,Low,No,6,63,Low,1,Low,Medium,Neutral,3,No,High School,Near,Male,64,2,0,0,1,0,1,-0.16282241129609587,0.0019531149355348125
14,85,Low,Medium,No,7,89,Medium,2,Medium,High,Positive,2,No,College,Moderate,Male,67,0,1,0,1,0,1,-0.9975273084355315,0.43498098000534957
23,86,Low,High,No,7,67,Low,2,Medium,High,Neutral,3,Yes,College,Near,Female,68,0,0,1,0,0,1,0.5049415064154527,0.5215865530193126
18,72,Medium,Low,No,9,84,Medium,2,Medium,Medium,Neutral,4,No,High School,Near,Male,64,1,1,0,1,0,1,-0.329763390723983,-0.6908914691761688
17,66,Medium,Medium,Yes,7,89,Medium,0,Medium,Medium,Negative,3,No,College,Near,Male,63,1,1,1,0,0,1,-0.49670437015187013,-1.2105249072599464
25,66,Medium,High,Yes,7,91,Medium,2,Low,High,Neutral,3,No,College,Near,Male,68,1,1,0,1,0,1,0.8388234652712269,-1.2105249072599464
20,86,Low,Low,No,8,94,Low,2,Low,Medium,Negative,2,No,High School,Far,Female,64,0,0,1,0,0,1,0.0041185681317912485,0.5215865530193126
23,95,Low,Medium,Yes,7,80,High,2,Low,Medium,Neutral,4,No,High School,Moderate,Female,70,0,2,0,1,0,1,0.5049415064154527,1.3010367101449791
14,76,Low,Medium,No,7,64,Medium,3,Medium,Medium,Positive,3,No,College,Near,Male,64,0,1,1,0,0,1,-0.9975273084355315,-0.344469177120317
12,67,High,Medium,No,7,58,Medium,0,High,Medium,Neutral,2,Yes,High School,Far,Male,59,2,1,0,1,0,1,-1.3314092672913058,-1.1239193342459837
21,90,High,Medium,Yes,8,75,Medium,4,Low,High,Neutral,2,No,High School,Moderate,Male,71,2,1,0,1,0,1,0.17105954755967837,0.8680088450751643
18,93,Low,Medium,Yes,6,55,Medium,3,Low,Medium,Negative,5,No,High School,Moderate,Male,67,0,1,0,1,0,1,-0.329763390723983,1.1278255641170531
24,95,Medium,Low,Yes,6,96,High,3,Low,Medium,Neutral,3,No,Postgraduate,Near,Female,73,1,2,1,0,0,1,0.6718824858433398,1.3010367101449791
20,84,Low,Low,No,8,72,Medium,3,High,Medium,Neutral,3,No,High School,Near,Male,66,0,1,0,1,0,1,0.0041185681317912485,0.34837540699138664
21,94,High,High,No,5,94,Medium,2,Low,High,Neutral,2,No,College,Near,Male,73,2,1,1,0,0,1,0.17105954755967837,1.2144311371310161
10,61,High,Medium,Yes,7,85,High,1,Medium,Medium,Neutral,4,No,High School,Near,Female,62,2,2,0,1,0,1,-1.66529122614708,-1.6435527723297614
31,64,Medium,High,No,6,93,Medium,1,Low,High,Neutral,3,No,High School,Near,Female,69,1,1,0,1,0,1,1.8404693418385496,-1.3837360532878724
19,64,Medium,High,No,8,94,Medium,3,Medium,High,Neutral,3,Yes,Postgraduate,Near,Female,66,1,1,1,0,0,1,-0.16282241129609587,-1.3837360532878724
24,89,Medium,Low,Yes,9,53,Medium,1,Low,High,Neutral,3,No,High School,Near,Male,68,1,1,1,0,0,1,0.6718824858433398,0.7814032720612014
15,63,Medium,Medium,Yes,6,86,Low,4,High,Medium,Positive,5,No,High School,Near,Male,65,1,0,0,1,0,1,-0.8305863290076444,-1.4703416263018354
22,80,Medium,Medium,Yes,8,61,High,1,Low,Medium,Positive,2,No,College,Moderate,Male,67,1,2,0,1,0,1,0.3380005269875655,0.0019531149355348125
12,79,Medium,Medium,Yes,7,99,Low,2,Medium,Medium,Negative,2,Yes,High School,Near,Female,64,1,0,0,1,0,1,-1.3314092672913058,-0.08465245807842814
23,72,High,High,Yes,6,89,Medium,0,Medium,High,Negative,3,No,High School,Moderate,Male,67,2,1,1,0,1,0,0.5049415064154527,-0.6908914691761688
18,95,Low,Low,Yes,7,50,Low,3,Medium,Medium,Neutral,3,No,High School,Moderate,Female,66,0,0,1,0,0,1,-0.329763390723983,1.3010367101449791
20,67,High,Medium,No,9,96,High,1,High,High,Positive,3,No,High School,Near,Female,68,2,2,0,1,0,1,0.0041185681317912485,-1.1239193342459837
24,74,Medium,Medium,Yes,7,65,Low,3,Medium,High,Neutral,2,No,College,Near,Male,68,1,0,0,1,0,1,0.6718824858433398,-0.5176803231482429
13,91,Medium,Low,Yes,9,71,Low,1,Low,Medium,Positive,2,No,College,Far,Male,64,1,0,0,1,0,1,-1.1644682878634187,0.9546144180891273
16,61,High,Medium,Yes,7,81,Low,2,Medium,Medium,Neutral,1,No,High School,Near,Female,63,2,0,0,1,0,1,-0.6636453495797573,-1.6435527723297614
23,87,High,Medium,No,5,96,Medium,2,Medium,Medium,Positive,3,No,College,Moderate,Female,72,2,1,0,1,0,1,0.5049415064154527,0.6081921260332754
33,93,High,Medium,No,7,96,Medium,1,Low,High,Positive,1,No,Postgraduate,Moderate,Female,75,2,1,0,1,0,1,2.174351300694324,1.1278255641170531
19,97,High,Medium,No,5,78,Low,2,Low,Medium,Positive,3,No,High School,Near,Male,71,2,0,0,1,0,1,-0.16282241129609587,1.474247856172905
24,95,High,Medium,No,7,66,Low,2,High,High,Negative,3,No,High School,Near,Male,71,2,0,0,1,0,1,0.6718824858433398,1.3010367101449791
19,73,Medium,Medium,Yes,6,64,Low,4,Medium,Medium,Positive,5,Yes,College,Near,Female,66,1,0,0,1,0,1,-0.16282241129609587,-0.6042858961622058
32,83,High,Medium,Yes,10,68,Medium,3,Low,Medium,Positive,4,No,High School,Moderate,Female,71,2,1,1,0,1,0,2.0074103212664367,0.26176983397742365
10,63,High,Medium,No,9,59,Low,0,Medium,High,Positive,5,No,Postgraduate,Moderate,Male,61,2,0,0,1,0,1,-1.66529122614708,-1.4703416263018354
21,70,Medium,Medium,Yes,7,83,Medium,1,Medium,Medium,Neutral,3,No,High School,Far,Male,65,1,1,0,1,0,1,0.17105954755967837,-0.8641026152040947
10,64,Medium,Low,No,9,76,Low,1,Low,Medium,Positive,1,No,High School,Near,Female,58,1,0,1,0,0,1,-1.66529122614708,-1.3837360532878724
5,73,High,Low,Yes,6,89,High,1,Medium,Medium,Neutral,2,No,High School,Near,Male,62,2,2,0,1,0,1,-2.4999961232865155,-0.6042858961622058
22,95,High,Low,No,5,55,Medium,2,High,High,Neutral,0,Yes,College,Near,Female,69,2,1,0,1,0,1,0.3380005269875655,1.3010367101449791
21,74,Medium,Low,Yes,8,70,Medium,1,Medium,Medium,Neutral,3,No,Postgraduate,Far,Male,65,1,1,0,1,0,1,0.17105954755967837,-0.5176803231482429
18,82,High,Medium,Yes,8,62,High,3,Low,Medium,Neutral,4,No,High School,Near,Female,69,2,2,1,0,0,1,-0.329763390723983,0.17516426096346072
19,77,High,Medium,Yes,6,77,High,1,Low,High,Neutral,3,No,College,Near,Female,68,2,2,1,0,0,1,-0.16282241129609587,-0.25786360410635406
39,78,Medium,Medium,No,6,73,Medium,0,Low,Medium,Positive,2,No,College,Far,Male,70,1,1,0,1,0,1,3.1759971772616464,-0.1712580310923911
18,99,High,Medium,Yes,8,72,Medium,4,Low,Medium,Neutral,4,No,High School,Near,Female,72,2,1,0,1,0,1,-0.329763390723983,1.6474590022008309
23,72,Low,Medium,Yes,4,66,Low,3,Low,Medium,Positive,4,No,Postgraduate,Near,Female,66,0,0,1,0,1,0,0.5049415064154527,-0.6908914691761688
16,85,Low,High,Yes,8,86,Low,2,High,Medium,Neutral,4,No,High School,Near,Female,68,0,0,1,0,0,1,-0.6636453495797573,0.43498098000534957
22,77,Medium,Medium,Yes,7,74,High,2,Low,Low,Negative,4,No,College,Near,Male,67,1,2,1,0,0,1,0.3380005269875655,-0.25786360410635406
19,62,High,Low,Yes,8,60,Medium,1,Low,Medium,Positive,2,No,College,Far,Female,61,2,1,0,1,0,1,-0.16282241129609587,-1.5569471993157984
18,80,Low,Low,Yes,8,77,Medium,1,Low,High,Negative,2,No,College,Near,Female,64,0,1,0,1,0,1,-0.329763390723983,0.0019531149355348125
31,93,High,Medium,No,6,80,Medium,3,Medium,Medium,Neutral,2,No,High School,Near,Male,74,2,1,0,1,0,1,1.8404693418385496,1.1278255641170531
27,64,Medium,Medium,No,5,51,High,1,Low,High,Negative,3,No,High School,Near,Female,64,1,2,0,1,0,1,1.1727054241270012,-1.3837360532878724
21,63,High,Low,Yes,9,60,Medium,2,Medium,Medium,Negative,2,No,Postgraduate,Near,Male,64,2,1,0,1,0,1,0.17105954755967837,-1.4703416263018354
6,66,High,Medium,Yes,7,62,Low,2,Low,Medium,Neutral,4,No,Postgraduate,Near,Male,61,2,0,0,1,0,1,-2.3330551438586284,-1.2105249072599464
18,91,High,High,Yes,7,62,Medium,3,Low,Medium,Positive,3,No,High School,Near,Male,71,2,1,1,0,0,1,-0.329763390723983,0.9546144180891273
36,89,High,Low,Yes,8,62,Low,2,Low,High,Negative,3,No,College,Moderate,Male,72,2,0,1,0,0,1,2.675174238977985,0.7814032720612014
19,83,High,High,No,6,64,Medium,0,Medium,Medium,Negative,5,No,Postgraduate,Near,Female,68,2,1,1,0,0,1,-0.16282241129609587,0.26176983397742365
27,79,Low,High,Yes,8,63,High,2,Low,Medium,Negative,5,No,College,Moderate,Female,69,0,2,0,1,0,1,1.1727054241270012,-0.08465245807842814
29,96,Medium,High,No,8,94,High,2,Low,High,Negative,4,No,High School,Near,Male,74,1,2,0,1,1,0,1.5065873829827754,1.3876422831589421
21,91,Medium,High,Yes,9,66,Low,3,Low,Medium,Neutral,4,No,College,Moderate,Female,70,1,0,0,1,0,1,0.17105954755967837,0.9546144180891273
15,92,High,Low,Yes,9,67,Low,1,High,High,Positive,2,No,Postgraduate,Near,Male,69,2,0,0,1,0,1,-0.8305863290076444,1.0412199911030902
5,93,Low,Low,No,7,63,Medium,2,Medium,High,Neutral,3,No,Postgraduate,Near,Male,64,0,1,0,1,0,1,-2.4999961232865155,1.1278255641170531
24,86,Low,Low,Yes,8,98,Medium,2,High,Medium,Positive,5,No,Postgraduate,Far,Male,71,0,1,0,1,0,1,0.6718824858433398,0.5215865530193126
15,78,High,Low,Yes,7,77,Low,0,High,Medium,Neutral,3,No,College,Near,Male,65,2,0,0,1,0,1,-0.8305863290076444,-0.1712580310923911
21,95,High,Medium,Yes,7,81,Medium,0,Medium,Medium,Neutral,3,No,High School,Near,Male,71,2,1,0,1,0,1,0.17105954755967837,1.3010367101449791
13,97,High,High,Yes,5,87,Low,1,Medium,High,Neutral,2,No,Postgraduate,Near,Female,71,2,0,0,1,0,1,-1.1644682878634187,1.474247856172905
18,61,Low,Medium,Yes,7,67,Medium,5,High,High,Positive,2,No,Postgraduate,Near,Male,66,0,1,0,1,0,1,-0.329763390723983,-1.6435527723297614
20,62,Medium,Medium,No,4,98,High,1,High,Low,Negative,4,No,High School,Near,Male,64,1,2,0,1,0,1,0.0041185681317912485,-1.5569471993157984
22,98,Medium,Medium,No,7,58,Medium,0,Medium,Medium,Neutral,3,No,High School,Near,Male,70,1,1,1,0,0,1,0.3380005269875655,1.5608534291868679
13,71,Low,Low,No,9,73,Low,1,High,High,Neutral,3,No,High School,Moderate,Male,61,0,0,1,0,0,1,-1.1644682878634187,-0.7774970421901317
27,95,Medium,Medium,Yes,8,57,High,1,Medium,Low,Positive,3,No,High School,Moderate,Female,71,1,2,1,0,0,1,1.1727054241270012,1.3010367101449791
16,76,Medium,Medium,No,7,90,Medium,0,Low,Medium,Neutral,3,No,Postgraduate,Moderate,Male,65,1,1,0,1,0,1,-0.6636453495797573,-0.344469177120317
10,65,Low,High,No,7,55,Medium,0,Low,High,Neutral,3,No,High School,Near,Female,59,0,1,0,1,0,1,-1.66529122614708,-1.2971304802739094
19,63,Medium,Medium,Yes,6,78,Low,3,Medium,Medium,Neutral,2,Yes,College,Near,Male,63,1,0,0,1,0,1,-0.16282241129609587,-1.4703416263018354
20,66,Medium,Medium,Yes,6,55,Low,1,High,High,Negative,3,No,Postgraduate,Moderate,Female,64,1,0,0,1,0,1,0.0041185681317912485,-1.2105249072599464
21,70,Low,Low,No,8,73,Low,0,High,Medium,Neutral,4,No,College,Near,Male,63,0,0,0,1,0,1,0.17105954755967837,-0.8641026152040947
28,80,High,High,No,5,64,Medium,1,Low,Medium,Neutral,2,No,Postgraduate,Moderate,Female,70,2,1,1,0,0,1,1.3396464035548883,0.0019531149355348125
19,88,High,Medium,Yes,5,95,Medium,1,Medium,High,Neutral,3,No,High School,Near,Male,70,2,1,0,1,0,1,-0.16282241129609587,0.6947976990472384
19,99,High,High,Yes,8,53,Medium,1,Medium,Medium,Neutral,4,No,College,Near,Male,72,2,1,1,0,0,1,-0.16282241129609587,1.6474590022008309
13,78,Medium,High,No,7,82,High,0,Low,High,Neutral,2,No,College,Moderate,Female,65,1,2,0,1,0,1,-1.1644682878634187,-0.1712580310923911
25,81,High,Medium,Yes,7,85,High,3,Medium,Medium,Negative,1,No,Postgraduate,Moderate,Female,71,2,2,0,1,0,1,0.8388234652712269,0.08855868794949777
21,81,High,Medium,Yes,7,94,Medium,3,Medium,Medium,Neutral,1,No,Postgraduate,Moderate,Male,70,2,1,0,1,0,1,0.17105954755967837,0.08855868794949777
17,82,Medium,Low,No,10,94,Medium,1,High,High,Neutral,3,No,High School,Moderate,Female,66,1,1,1,0,0,1,-0.49670437015187013,0.17516426096346072
9,81,Medium,Medium,Yes,7,99,Medium,2,Low,Medium,Neutral,3,No,High School,Moderate,Female,64,1,1,0,1,0,1,-1.8322322055749671,0.08855868794949777
29,60,Low,High,No,7,63,Medium,0,Low,Medium,Negative,4,No,Postgraduate,Near,Male,64,0,1,0,1,0,1,1.5065873829827754,-1.7301583453437241
13,60,High,Low,No,10,64,Low,1,Medium,Medium,Neutral,4,No,College,Far,Male,59,2,0,0,1,0,1,-1.1644682878634187,-1.7301583453437241
16,64,Medium,High,Yes,7,70,Medium,5,Low,Low,Positive,4,No,High School,Moderate,Male,65,1,1,0,1,0,1,-0.6636453495797573,-1.3837360532878724
22,64,High,Medium,Yes,10,77,Medium,1,Low,High,Positive,3,No,High School,Moderate,Male,66,2,1,0,1,0,1,0.3380005269875655,-1.3837360532878724
13,88,Medium,Medium,Yes,4,68,High,1,High,Medium,Positive,2,No,High School,Near,Female,67,1,2,0,1,0,1,-1.1644682878634187,0.6947976990472384
11,68,High,Medium,Yes,5,87,Medium,1,Low,Medium,Positive,4,Yes,High School,Far,Male,62,2,1,0,1,0,1,-1.498350246719193,-1.0373137612320207
7,96,High,Low,No,6,50,Medium,1,High,Medium,Negative,3,No,College,Near,Male,65,2,1,1,0,0,1,-2.1661141644307413,1.3876422831589421
24,97,High,Medium,Yes,8,51,Medium,3,Low,Medium,Neutral,2,No,Postgraduate,Near,Female,73,2,1,0,1,0,1,0.6718824858433398,1.474247856172905
17,99,Medium,Medium,No,10,86,Low,1,Medium,Medium,Positive,2,No,College,Near,Male,70,1,0,1,0,0,1,-0.49670437015187013,1.6474590022008309
38,98,Low,Medium,No,6,94,Medium,2,Low,Low,Negative,4,No,Postgraduate,Near,Female,75,0,1,0,1,0,1,3.0090561978337593,1.5608534291868679
14,71,High,High,Yes,8,89,Medium,0,Medium,Medium,Neutral,3,No,Postgraduate,Near,Female,66,2,1,0,1,0,1,-0.9975273084355315,-0.7774970421901317
14,80,High,Medium,No,10,56,Low,1,Low,Medium,Positive,3,No,Postgraduate,Moderate,Female,65,2,0,0,1,0,1,-0.9975273084355315,0.0019531149355348125
17,67,Medium,Medium,No,9,97,Medium,1,Medium,Low,Neutral,3,No,Postgraduate,Moderate,Female,64,1,1,0,1,0,1,-0.49670437015187013,-1.1239193342459837
21,92,High,Low,No,6,76,Low,2,Low,Medium,Positive,5,No,College,Near,Male,70,2,0,0,1,0,1,0.17105954755967837,1.0412199911030902
17,96,Medium,High,Yes,8,87,Medium,0,Medium,Medium,Positive,5,No,High School,Moderate,Male,71,1,1,1,0,0,1,-0.49670437015187013,1.3876422831589421
24,94,Low,Medium,No,8,60,Low,0,Medium,Medium,Neutral,3,No,High School,Near,Male,68,0,0,0,1,0,1,0.6718824858433398,1.2144311371310161
14,77,Medium,Medium,Yes,6,77,Low,1,Low,High,Neutral,2,No,College,Near,Male,64,1,0,1,0,0,1,-0.9975273084355315,-0.25786360410635406
12,90,High,High,No,8,67,Low,2,Low,Low,Neutral,3,No,High School,Near,Female,67,2,0,0,1,0,1,-1.3314092672913058,0.8680088450751643
9,64,Medium,High,Yes,6,99,Medium,6,Low,High,Positive,6,Yes,High School,Moderate,Male,65,1,1,0,1,0,1,-1.8322322055749671,-1.3837360532878724
7,62,High,Medium,Yes,7,74,Medium,3,Medium,Medium,Neutral,3,No,Postgraduate,Near,Female,62,2,1,0,1,0,1,-2.1661141644307413,-1.5569471993157984
17,90,Low,High,Yes,5,88,Low,1,Medium,Medium,Negative,1,No,College,Near,Female,68,0,0,0,1,0,1,-0.49670437015187013,0.8680088450751643
18,77,High,Medium,Yes,4,80,Medium,1,Medium,Low,Negative,2,No,College,Near,Male,66,2,1,1,0,0,1,-0.329763390723983,-0.25786360410635406
16,100,High,High,Yes,7,55,High,1,Low,Medium,Negative,2,Yes,College,Moderate,Male,69,2,2,0,1,0,1,-0.6636453495797573,1.7340645752147938
27,64,Medium,Medium,Yes,7,77,High,3,High,Medium,Neutral,4,No,High School,Moderate,Male,68,1,2,0,1,0,1,1.1727054241270012,-1.3837360532878724
27,94,Medium,Low,No,5,77,Medium,0,Medium,High,Positive,2,No,College,Near,Female,71,1,1,0,1,0,1,1.1727054241270012,1.2144311371310161
18,79,Medium,High,Yes,8,86,Medium,3,Low,Low,Neutral,4,No,College,Near,Female,68,1,1,0,1,0,1,-0.329763390723983,-0.08465245807842814
9,93,High,Low,Yes,7,66,Medium,0,Low,Low,Neutral,2,No,College,Moderate,Male,64,2,1,1,0,0,1,-1.8322322055749671,1.1278255641170531
17,93,Low,Medium,No,8,93,Low,0,Low,Medium,Negative,3,No,College,Moderate,Male,66,0,0,0,1,0,1,-0.49670437015187013,1.1278255641170531
16,97,Medium,Low,Yes,8,81,High,0,High,High,Positive,2,No,High School,Near,Male,70,1,2,1,0,0,1,-0.6636453495797573,1.474247856172905
16,72,Low,Medium,No,9,52,Medium,1,Medium,High,Negative,1,Yes,College,Moderate,Female,60,0,1,0,1,0,1,-0.6636453495797573,-0.6908914691761688
16,98,Medium,Medium,Yes,8,85,Low,0,Low,High,Positive,2,No,College,Far,Male,69,1,0,0,1,0,1,-0.6636453495797573,1.5608534291868679
16,66,Medium,Medium,Yes,7,95,Low,1,Medium,Medium,Positive,4,No,College,Near,Male,65,1,0,0,1,0,1,-0.6636453495797573,-1.2105249072599464
18,63,High,High,Yes,7,84,Medium,1,Medium,High,Neutral,2,No,High School,Near,Female,66,2,1,0,1,0,1,-0.329763390723983,-1.4703416263018354
16,77,Medium,Low,No,10,69,Medium,1,Medium,Medium,Neutral,3,No,High School,Near,Female,64,1,1,1,0,0,1,-0.6636453495797573,-0.25786360410635406
21,93,Medium,High,No,8,80,Medium,0,High,High,Positive,1,No,College,Moderate,Female,71,1,1,0,1,0,1,0.17105954755967837,1.1278255641170531
22,79,High,Low,No,7,59,Medium,0,Medium,Medium,Positive,3,No,College,Near,Male,66,2,1,0,1,0,1,0.3380005269875655,-0.08465245807842814
15,93,Medium,Low,Yes,7,80,Low,0,Low,Medium,Positive,3,No,High School,Near,Female,66,1,0,0,1,0,1,-0.8305863290076444,1.1278255641170531
28,89,Medium,Medium,No,6,75,Medium,1,Low,Low,Negative,3,No,High School,Moderate,Male,68,1,1,1,0,0,1,1.3396464035548883,0.7814032720612014
14,68,High,High,No,5,51,High,1,High,Medium,Neutral,5,Yes,High School,Moderate,Male,63,2,2,0,1,0,1,-0.9975273084355315,-1.0373137612320207
10,98,Medium,Low,Yes,10,66,Low,1,Low,High,Negative,2,No,College,Near,Female,66,1,0,0,1,0,1,-1.66529122614708,1.5608534291868679
22,62,Low,Medium,No,8,60,Low,0,Medium,High,Positive,2,No,College,Near,Male,61,0,0,0,1,1,0,0.3380005269875655,-1.5569471993157984
15,96,Medium,Low,No,5,70,High,4,Low,High,Positive,3,No,College,Near,Male,70,1,2,1,0,0,1,-0.8305863290076444,1.3876422831589421
22,72,Medium,High,Yes,7,62,Low,5,High,Medium,Neutral,2,No,College,Moderate,Female,68,1,0,1,0,0,1,0.3380005269875655,-0.6908914691761688
6,80,Medium,Medium,Yes,9,92,Low,5,Low,Medium,Neutral,2,No,Postgraduate,Moderate,Male,65,1,0,0,1,0,1,-2.3330551438586284,0.0019531149355348125
28,77,High,Medium,No,6,85,High,0,Low,Medium,Negative,1,No,Postgraduate,Near,Female,69,2,2,0,1,0,1,1.3396464035548883,-0.25786360410635406
24,67,Medium,High,Yes,6,87,Low,0,Medium,Medium,Positive,4,No,College,Near,Male,67,1,0,0,1,0,1,0.6718824858433398,-1.1239193342459837
11,74,High,Medium,No,8,68,Low,0,Medium,Medium,Positive,3,No,High School,Moderate,Male,62,2,0,0,1,0,1,-1.498350246719193,-0.5176803231482429
11,68,Low,High,Yes,8,50,Low,2,Low,High,Positive,4,No,High School,Near,Female,61,0,0,1,0,0,1,-1.498350246719193,-1.0373137612320207
30,68,High,High,Yes,6,61,High,1,Medium,Medium,Positive,3,No,Postgraduate,Near,Female,70,2,2,0,1,0,1,1.6735283624106625,-1.0373137612320207
16,67,High,Medium,Yes,6,88,Medium,0,High,Low,Neutral,3,No,College,Near,Male,65,2,1,0,1,0,1,-0.6636453495797573,-1.1239193342459837
15,80,High,Medium,No,8,80,Medium,1,Low,Medium,Neutral,4,No,High School,Moderate,Female,65,2,1,0,1,0,1,-0.8305863290076444,0.0019531149355348125
6,92,Medium,Medium,Yes,5,77,Medium,1,Low,High,Positive,4,No,High School,Near,Male,66,1,1,0,1,0,1,-2.3330551438586284,1.0412199911030902
18,83,Medium,High,Yes,6,64,Low,1,Medium,High,Negative,3,No,High School,Near,Female,66,1,0,1,0,1,0,-0.329763390723983,0.26176983397742365
19,96,Medium,Medium,Yes,7,54,High,1,Low,Medium,Neutral,3,No,College,Near,Male,69,1,2,0,1,0,1,-0.16282241129609587,1.3876422831589421
24,85,High,High,No,8,89,Medium,1,Low,Medium,Neutral,3,No,High School,Moderate,Female,70,2,1,0,1,0,1,0.6718824858433398,0.43498098000534957
12,88,High,Medium,No,6,52,Low,1,Medium,High,Negative,1,No,High School,Near,Male,63,2,0,0,1,1,0,-1.3314092672913058,0.6947976990472384
11,87,Low,Medium,No,8,53,High,1,Medium,Medium,Positive,3,No,High School,Near,Female,64,0,2,0,1,0,1,-1.498350246719193,0.6081921260332754
23,78,High,Low,No,9,65,High,1,Low,High,Neutral,2,Yes,College,Far,Female,65,2,2,0,1,0,1,0.5049415064154527,-0.1712580310923911
26,88,High,Medium,Yes,6,79,Medium,1,Low,High,Neutral,4,No,High School,Far,Male,71,2,1,0,1,0,1,1.005764444699114,0.6947976990472384
11,63,Medium,Medium,Yes,10,100,High,0,Medium,Medium,Neutral,3,No,High School,Far,Female,61,1,2,0,1,0,1,-1.498350246719193,-1.4703416263018354
26,94,Low,Low,Yes,9,55,Low,2,High,Medium,Neutral,3,No,High School,Near,Male,69,0,0,0,1,0,1,1.005764444699114,1.2144311371310161
20,91,High,Medium,No,7,74,Medium,1,Medium,Medium,Neutral,4,No,High School,Moderate,Male,69,2,1,0,1,0,1,0.0041185681317912485,0.9546144180891273
27,70,Medium,Medium,No,7,80,Low,1,Low,Medium,Neutral,3,No,High School,Near,Female,66,1,0,0,1,0,1,1.1727054241270012,-0.8641026152040947
20,91,High,Medium,No,6,91,Medium,3,High,High,Neutral,2,No,High School,Near,Male,72,2,1,0,1,0,1,0.0041185681317912485,0.9546144180891273
5,61,High,Medium,No,9,84,High,1,Medium,Medium,Neutral,3,No,College,Near,Male,60,2,2,0,1,0,1,-2.4999961232865155,-1.6435527723297614
19,69,Low,Low,No,7,90,Medium,0,Low,Medium,Neutral,1,No,College,Near,Male,62,0,1,0,1,0,1,-0.16282241129609587,-0.9507081882180577
26,63,Medium,Medium,Yes,5,76,Medium,3,Medium,High,Neutral,5,Yes,High School,Near,Female,66,1,1,0,1,0,1,1.005764444699114,-1.4703416263018354
15,91,Medium,High,Yes,4,72,Low,1,High,High,Neutral,2,No,High School,Near,Male,69,1,0,1,0,0,1,-0.8305863290076444,0.9546144180891273
18,90,High,Medium,No,7,81,Medium,2,Medium,Low,Negative,3,No,Postgraduate,Moderate,Male,69,2,1,0,1,0,1,-0.329763390723983,0.8680088450751643
19,93,Medium,High,No,7,95,Low,3,Medium,Medium,Negative,3,No,High School,Near,Female,71,1,0,1,0,0,1,-0.16282241129609587,1.1278255641170531
3,60,Medium,Low,Yes,6,78,Low,1,Low,Medium,Positive,1,No,Postgraduate,Near,Female,57,1,0,0,1,0,1,-2.8338780821422898,-1.7301583453437241
30,80,High,High,No,5,80,Medium,0,Low,Medium,Positive,4,No,Postgraduate,Near,Female,72,2,1,1,0,0,1,1.6735283624106625,0.0019531149355348125
15,88,Low,Medium,Yes,4,67,Medium,1,Medium,High,Positive,4,No,High School,Far,Female,66,0,1,1,0,0,1,-0.8305863290076444,0.6947976990472384
23,66,Medium,Medium,Yes,6,80,Medium,1,Medium,Medium,Positive,3,No,College,Near,Female,66,1,1,0,1,0,1,0.5049415064154527,-1.2105249072599464
19,86,Medium,Medium,No,6,81,Medium,3,Medium,High,Neutral,3,No,College,Near,Male,70,1,1,0,1,0,1,-0.16282241129609587,0.5215865530193126
28,63,Medium,Medium,No,8,88,Medium,2,Low,High,Positive,2,No,High School,Near,Male,67,1,1,0,1,0,1,1.3396464035548883,-1.4703416263018354
22,67,Medium,Medium,Yes,7,79,Medium,1,Medium,Low,Neutral,3,No,College,Moderate,Female,65,1,1,1,0,0,1,0.3380005269875655,-1.1239193342459837
19,79,Medium,Medium,Yes,9,60,Low,1,Low,Medium,Neutral,3,Yes,High School,Near,Female,63,1,0,0,1,0,1,-0.16282241129609587,-0.08465245807842814
15,86,High,Low,No,8,79,Medium,3,Low,Medium,Positive,3,No,College,Near,Female,68,2,1,0,1,0,1,-0.8305863290076444,0.5215865530193126
25,66,Low,Medium,Yes,8,65,Medium,0,Medium,Medium,Positive,3,Yes,High School,Near,Male,63,0,1,0,1,0,1,0.8388234652712269,-1.2105249072599464
9,67,Medium,High,Yes,8,54,Medium,3,Medium,High,Positive,5,No,College,Moderate,Male,63,1,1,1,0,0,1,-1.8322322055749671,-1.1239193342459837
24,68,Medium,Medium,Yes,5,91,High,1,High,Medium,Negative,4,No,College,Near,Female,68,1,2,0,1,0,1,0.6718824858433398,-1.0373137612320207
13,70,Medium,Medium,Yes,6,53,Medium,2,Low,Medium,Negative,0,Yes,College,Moderate,Female,60,1,1,0,1,0,1,-1.1644682878634187,-0.8641026152040947
28,69,Medium,Medium,No,10,82,High,0,Medium,Medium,Neutral,2,No,High School,Near,Female,67,1,2,1,0,0,1,1.3396464035548883,-0.9507081882180577
21,76,Low,Low,Yes,4,99,High,0,Low,Low,Positive,3,No,College,Far,Male,65,0,2,0,1,0,1,0.17105954755967837,-0.344469177120317
24,86,High,Low,Yes,7,54,Medium,0,Low,High,Neutral,2,No,College,Near,Male,68,2,1,0,1,0,1,0.6718824858433398,0.5215865530193126
20,78,Medium,Low,No,8,61,Medium,0,Medium,Medium,Neutral,2,Yes,High School,Moderate,Female,62,1,1,0,1,0,1,0.0041185681317912485,-0.1712580310923911
9,91,Medium,Low,No,4,88,Low,2,Medium,Medium,Neutral,4,Yes,Postgraduate,Near,Female,65,1,0,0,1,0,1,-1.8322322055749671,0.9546144180891273
15,89,Medium,Medium,Yes,6,55,High,1,Low,Medium,Positive,3,No,High School,Near,Male,66,1,2,1,0,0,1,-0.8305863290076444,0.7814032720612014
24,65,Medium,Medium,Yes,10,92,Low,3,Medium,High,Neutral,4,No,High School,Near,Male,67,1,0,0,1,0,1,0.6718824858433398,-1.2971304802739094
21,62,Low,High,Yes,7,50,Low,1,High,Medium,Negative,2,No,High School,Moderate,Female,60,0,0,0,1,1,0,0.17105954755967837,-1.5569471993157984
27,95,Low,High,Yes,6,94,High,2,Medium,Medium,Neutral,4,No,Postgraduate,Far,Female,74,0,2,0,1,0,1,1.1727054241270012,1.3010367101449791
22,63,Low,Low,Yes,7,53,Medium,1,High,Medium,Neutral,4,No,High School,Near,Male,62,0,1,0,1,0,1,0.3380005269875655,-1.4703416263018354
14,66,Low,Medium,Yes,6,96,Low,0,High,Medium,Negative,3,No,College,Moderate,Male,61,0,0,0,1,0,1,-0.9975273084355315,-1.2105249072599464
15,61,Medium,Medium,No,10,93,High,0,Medium,High,Neutral,4,No,High School,Near,Male,63,1,2,0,1,0,1,-0.8305863290076444,-1.6435527723297614
21,85,Medium,Low,No,6,77,Medium,2,Low,Medium,Neutral,3,No,College,Far,Male,66,1,1,0,1,0,1,0.17105954755967837,0.43498098000534957
6,83,Medium,Medium,No,6,89,Medium,1,Low,Medium,Positive,4,No,Postgraduate,Near,Female,65,1,1,0,1,0,1,-2.3330551438586284,0.26176983397742365
30,99,Low,Medium,No,5,54,Medium,0,Medium,Medium,Positive,3,No,Postgraduate,Near,Male,72,0,1,1,0,0,1,1.6735283624106625,1.6474590022008309
23,95,High,Medium,No,7,57,Medium,1,Low,Medium,Neutral,2,No,High School,Near,Female,70,2,1,1,0,0,1,0.5049415064154527,1.3010367101449791
27,76,High,High,Yes,7,68,Medium,1,Medium,Medium,Neutral,3,No,Postgraduate,Moderate,Female,71,2,1,0,1,0,1,1.1727054241270012,-0.344469177120317
11,75,High,High,Yes,9,77,Medium,1,High,High,Neutral,2,Yes,College,Moderate,Male,64,2,1,1,0,1,0,-1.498350246719193,-0.4310747501342799
27,72,Medium,High,No,5,93,Low,1,High,Medium,Positive,2,No,College,Near,Male,70,1,0,0,1,0,1,1.1727054241270012,-0.6908914691761688
33,66,Medium,Medium,No,8,77,Medium,2,Medium,Low,Neutral,3,No,High School,Near,Male,68,1,1,0,1,0,1,2.174351300694324,-1.2105249072599464
12,66,Low,High,Yes,7,83,Medium,1,Medium,Medium,Neutral,3,No,High School,Near,Male,61,0,1,0,1,1,0,-1.3314092672913058,-1.2105249072599464
25,65,High,Medium,Yes,4,84,High,1,High,Medium,Positive,2,No,High School,Near,Male,68,2,2,0,1,0,1,0.8388234652712269,-1.2971304802739094
20,65,Low,Medium,No,6,94,Medium,1,Low,High,Positive,2,No,Postgraduate,Near,Female,64,0,1,0,1,0,1,0.0041185681317912485,-1.2971304802739094
11,70,Medium,High,Yes,6,89,Low,2,Medium,Medium,Positive,4,No,High School,Near,Female,64,1,0,0,1,0,1,-1.498350246719193,-0.8641026152040947
23,72,Medium,High,Yes,10,99,Medium,2,Medium,High,Neutral,4,No,Postgraduate,Near,Female,71,1,1,1,0,0,1,0.5049415064154527,-0.6908914691761688
25,98,Medium,High,Yes,8,51,Medium,0,Medium,Medium,Positive,2,No,College,Moderate,Female,72,1,1,1,0,0,1,0.8388234652712269,1.5608534291868679
16,83,Medium,Medium,Yes,7,60,Medium,0,High,Medium,Positive,1,No,College,Moderate,Female,66,1,1,0,1,0,1,-0.6636453495797573,0.26176983397742365
27,100,Low,Medium,Yes,4,97,Low,4,Low,High,Positive,3,No,High School,Near,Female,74,0,0,0,1,0,1,1.1727054241270012,1.7340645752147938
10,75,Medium,Medium,Yes,4,90,Medium,3,Medium,High,Positive,3,Yes,Postgraduate,Moderate,Male,65,1,1,0,1,0,1,-1.66529122614708,-0.4310747501342799
11,78,High,High,No,8,63,Low,1,Low,Medium,Neutral,3,No,High School,Near,Female,64,2,0,0,1,0,1,-1.498350246719193,-0.1712580310923911
21,73,High,Medium,Yes,8,99,Medium,1,Medium,High,Positive,4,No,College,Moderate,Male,69,2,1,0,1,0,1,0.17105954755967837,-0.6042858961622058
20,67,Medium,Medium,No,6,93,Low,1,Low,Medium,Negative,3,Yes,College,Near,Male,62,1,0,0,1,1,0,0.0041185681317912485,-1.1239193342459837
16,66,Medium,Medium,Yes,7,53,High,2,Medium,Medium,Negative,2,No,Postgraduate,Moderate,Male,62,1,2,0,1,0,1,-0.6636453495797573,-1.2105249072599464
25,98,Low,Low,Yes,7,91,Medium,2,Low,Low,Positive,3,No,Postgraduate,Near,Female,72,0,1,0,1,0,1,0.8388234652712269,1.5608534291868679
23,99,Medium,High,No,7,89,High,1,Medium,Medium,Neutral,3,No,High School,Near,Female,73,1,2,0,1,0,1,0.5049415064154527,1.6474590022008309
25,62,Medium,Low,No,6,61,High,1,Medium,Medium,Positive,4,No,Postgraduate,Moderate,Female,64,1,2,0,1,0,1,0.8388234652712269,-1.5569471993157984
19,66,Medium,Medium,No,8,83,Medium,2,Medium,High,Neutral,3,No,High School,Near,Female,65,1,1,0,1,0,1,-0.16282241129609587,-1.2105249072599464
24,77,High,High,Yes,9,99,Medium,1,Low,Medium,Positive,1,No,High School,Near,Male,70,2,1,0,1,0,1,0.6718824858433398,-0.25786360410635406
17,67,Medium,Medium,Yes,6,84,High,1,High,High,Neutral,3,No,Postgraduate,Moderate,Female,66,1,2,0,1,0,1,-0.49670437015187013,-1.1239193342459837
32,75,Low,High,No,5,91,Low,1,High,Medium,Positive,2,No,College,Moderate,Female,70,0,0,0,1,0,1,2.0074103212664367,-0.4310747501342799
15,65,Medium,High,Yes,6,55,Low,2,Medium,Medium,Positive,3,No,High School,Near,Female,63,1,0,1,0,0,1,-0.8305863290076444,-1.2971304802739094
33,78,Low,Low,No,7,86,Medium,1,Low,High,Positive,4,No,High School,Near,Male,69,0,1,0,1,0,1,2.174351300694324,-0.1712580310923911
20,71,High,Medium,Yes,8,60,Low,0,Medium,Medium,Neutral,2,No,High School,Near,Male,64,2,0,0,1,0,1,0.0041185681317912485,-0.7774970421901317
12,74,Low,Medium,No,8,54,Medium,2,Medium,Medium,Positive,5,No,Postgraduate,Moderate,Female,63,0,1,1,0,0,1,-1.3314092672913058,-0.5176803231482429
28,64,Medium,Medium,No,8,78,Low,2,Medium,Medium,Negative,3,No,Postgraduate,Near,Male,66,1,0,1,0,0,1,1.3396464035548883,-1.3837360532878724
21,77,Medium,Medium,Yes,8,88,Low,2,High,Medium,Positive,1,No,College,Moderate,Female,68,1,0,1,0,0,1,0.17105954755967837,-0.25786360410635406
25,99,Medium,Medium,Yes,7,77,Medium,0,High,High,Neutral,3,No,High School,Near,Male,97,1,1,0,1,0,1,0.8388234652712269,1.6474590022008309
27,73,Low,Low,No,9,97,Medium,2,Medium,High,Neutral,1,No,High School,Near,Female,67,0,1,0,1,0,1,1.1727054241270012,-0.6042858961622058
22,95,Medium,Medium,No,7,85,Medium,0,Medium,Medium,Positive,4,No,College,Near,Male,71,1,1,1,0,0,1,0.3380005269875655,1.3010367101449791
16,94,Low,Low,Yes,8,56,Low,2,Low,High,Positive,2,No,College,Near,Female,66,0,0,0,1,0,1,-0.6636453495797573,1.2144311371310161
26,98,Medium,Low,Yes,7,97,Medium,2,Low,Medium,Neutral,2,Yes,Postgraduate,Moderate,Male,72,1,1,0,1,0,1,1.005764444699114,1.5608534291868679
20,92,High,Medium,Yes,7,58,Low,2,Low,Low,Neutral,4,No,Postgraduate,Near,Female,70,2,0,0,1,0,1,0.0041185681317912485,1.0412199911030902
24,86,Medium,Medium,Yes,7,88,Medium,1,Low,Medium,Neutral,3,No,High School,Far,Male,69,1,1,0,1,0,1,0.6718824858433398,0.5215865530193126
7,94,Medium,Low,Yes,9,57,High,2,Medium,Medium,Negative,3,No,Postgraduate,Near,Female,66,1,2,0,1,0,1,-2.1661141644307413,1.2144311371310161
23,63,High,High,No,7,100,Low,2,Medium,High,Positive,3,No,Postgraduate,Near,Female,69,2,0,1,0,0,1,0.5049415064154527,-1.4703416263018354
16,79,Medium,Medium,Yes,6,67,Low,2,Medium,High,Positive,3,No,College,Near,Male,65,1,0,1,0,1,0,-0.6636453495797573,-0.08465245807842814
30,100,High,High,No,6,75,Medium,0,Low,Medium,Neutral,4,No,College,Moderate,Female,75,2,1,0,1,0,1,1.6735283624106625,1.7340645752147938
24,91,Low,Medium,No,8,73,Medium,2,Low,High,Positive,2,No,Postgraduate,Moderate,Male,70,0,1,1,0,0,1,0.6718824858433398,0.9546144180891273
21,98,High,Low,Yes,6,55,Low,1,Medium,Medium,Positive,3,No,High School,Near,Male,70,2,0,0,1,0,1,0.17105954755967837,1.5608534291868679
23,91,Medium,High,Yes,7,75,Low,2,Low,High,Negative,2,No,High School,Far,Male,69,1,0,0,1,0,1,0.5049415064154527,0.9546144180891273
14,95,High,Medium,No,7,57,Medium,2,Low,Low,Neutral,2,No,College,Near,Female,68,2,1,0,1,0,1,-0.9975273084355315,1.3010367101449791
30,88,Low,Medium,Yes,6,90,High,4,High,Medium,Negative,2,No,College,Moderate,Male,73,0,2,1,0,0,1,1.6735283624106625,0.6947976990472384
32,90,Medium,Medium,Yes,5,98,High,0,Medium,High,Neutral,3,No,College,Moderate,Male,74,1,2,0,1,0,1,2.0074103212664367,0.8680088450751643
22,81,Low,Low,No,5,90,Medium,0,High,Medium,Positive,2,No,College,Moderate,Female,66,0,1,0,1,0,1,0.3380005269875655,0.08855868794949777
30,97,High,Medium,Yes,6,72,High,1,Low,High,Positive,2,No,High School,Far,Female,74,2,2,0,1,0,1,1.6735283624106625,1.474247856172905
17,93,Medium,Low,Yes,5,50,Low,3,High,Medium,Positive,2,No,High School,Moderate,Male,67,1,0,0,1,0,1,-0.49670437015187013,1.1278255641170531
15,94,High,Medium,Yes,8,52,Low,1,Medium,Medium,Positive,2,No,College,Far,Female,67,2,0,1,0,0,1,-0.8305863290076444,1.2144311371310161
20,87,Medium,High,No,10,75,Low,3,Medium,Medium,Neutral,2,No,College,Near,Female,70,1,0,1,0,0,1,0.0041185681317912485,0.6081921260332754
23,72,Low,High,Yes,6,84,Medium,1,High,High,Neutral,2,No,High School,Near,Male,67,0,1,0,1,0,1,0.5049415064154527,-0.6908914691761688
18,61,Medium,Low,Yes,6,91,High,3,Medium,High,Positive,3,No,College,Moderate,Female,80,1,2,0,1,0,1,-0.329763390723983,-1.6435527723297614
23,97,Medium,High,Yes,6,80,Low,1,Low,Low,Negative,2,No,College,Moderate,Male,70,1,0,0,1,0,1,0.5049415064154527,1.474247856172905
22,83,High,Medium,No,8,99,Low,4,High,High,Negative,4,Yes,High School,Near,Female,71,2,0,0,1,0,1,0.3380005269875655,0.26176983397742365
14,72,Medium,Low,No,8,75,High,4,High,Medium,Positive,2,Yes,College,Near,Male,64,1,2,1,0,0,1,-0.9975273084355315,-0.6908914691761688
23,66,High,High,Yes,7,80,Medium,1,Medium,Medium,Positive,3,No,College,Moderate,Female,68,2,1,0,1,0,1,0.5049415064154527,-1.2105249072599464
25,93,Medium,Medium,No,5,62,Medium,0,Low,Medium,Neutral,3,No,High School,Far,Male,68,1,1,0,1,0,1,0.8388234652712269,1.1278255641170531
21,93,Medium,Medium,Yes,6,67,Medium,1,High,Medium,Positive,3,No,High School,Near,Female,69,1,1,0,1,1,0,0.17105954755967837,1.1278255641170531
27,93,High,Low,Yes,7,84,Low,1,Medium,Medium,Neutral,2,No,Postgraduate,Near,Male,72,2,0,1,0,0,1,1.1727054241270012,1.1278255641170531
13,86,Medium,Medium,No,7,80,Medium,0,Low,Medium,Negative,5,No,College,Near,Male,65,1,1,1,0,0,1,-1.1644682878634187,0.5215865530193126
23,75,Low,Low,Yes,7,68,Medium,1,High,Low,Neutral,4,Yes,High School,Near,Male,64,0,1,1,0,0,1,0.5049415064154527,-0.4310747501342799
13,72,Medium,High,No,8,56,Low,1,Low,High,Positive,4,No,Postgraduate,Moderate,Female,64,1,0,0,1,0,1,-1.1644682878634187,-0.6908914691761688
13,60,Low,Medium,No,5,67,High,1,Low,Medium,Positive,4,Yes,High School,Far,Male,58,0,2,0,1,0,1,-1.1644682878634187,-1.7301583453437241
16,93,High,Medium,Yes,7,52,Low,2,Medium,High,Neutral,3,No,High School,Near,Male,69,2,0,0,1,0,1,-0.6636453495797573,1.1278255641170531
14,63,High,Low,No,7,79,Medium,1,Low,Medium,Neutral,3,No,High School,Near,Male,61,2,1,0,1,0,1,-0.9975273084355315,-1.4703416263018354
17,85,High,High,Yes,6,66,Medium,0,Medium,High,Neutral,2,No,College,Moderate,Female,68,2,1,0,1,0,1,-0.49670437015187013,0.43498098000534957
19,80,High,Medium,Yes,6,69,Low,1,Low,Low,Neutral,4,Yes,College,Near,Male,66,2,0,1,0,0,1,-0.16282241129609587,0.0019531149355348125
25,81,Medium,Medium,No,8,79,Low,1,Medium,Medium,Neutral,4,No,College,Near,Female,68,1,0,0,1,0,1,0.8388234652712269,0.08855868794949777
18,97,Low,High,No,5,79,Low,2,Low,High,Positive,3,No,College,Moderate,Male,70,0,0,0,1,0,1,-0.329763390723983,1.474247856172905
10,61,High,Low,Yes,10,79,Medium,4,High,High,Positive,2,Yes,College,Moderate,Male,62,2,1,0,1,0,1,-1.66529122614708,-1.6435527723297614
27,91,Medium,Medium,No,8,75,Low,2,Medium,High,Neutral,3,No,High School,Near,Male,71,1,0,1,0,0,1,1.1727054241270012,0.9546144180891273
15,62,Medium,Medium,No,7,74,High,0,Low,High,Negative,3,No,Postgraduate,Moderate,Female,61,1,2,0,1,0,1,-0.8305863290076444,-1.5569471993157984
20,62,High,Medium,Yes,7,91,Low,1,Medium,Low,Negative,3,No,College,Near,Male,64,2,0,0,1,0,1,0.0041185681317912485,-1.5569471993157984
23,77,Medium,Low,No,8,73,Medium,1,Low,Low,Positive,2,No,College,Near,Male,65,1,1,0,1,0,1,0.5049415064154527,-0.25786360410635406
21,63,Low,Medium,Yes,6,77,Low,3,Medium,High,Negative,1,No,High School,Near,Male,63,0,0,0,1,0,1,0.17105954755967837,-1.4703416263018354
27,92,High,Medium,Yes,6,99,Low,4,Low,Low,Positive,3,No,High School,Near,Female,74,2,0,1,0,0,1,1.1727054241270012,1.0412199911030902
23,81,Medium,High,No,9,59,Low,2,Medium,High,Neutral,2,No,College,Near,Male,68,1,0,0,1,0,1,0.5049415064154527,0.08855868794949777
15,61,High,Medium,Yes,6,86,High,2,High,High,Neutral,3,No,High School,Near,Female,65,2,2,0,1,0,1,-0.8305863290076444,-1.6435527723297614
33,62,Medium,Medium,No,7,74,Low,2,Medium,Medium,Neutral,2,No,College,Moderate,Male,66,1,0,0,1,0,1,2.174351300694324,-1.5569471993157984
21,85,Medium,High,Yes,6,92,Medium,1,Medium,High,Neutral,2,Yes,High School,Moderate,Male,69,1,1,0,1,0,1,0.17105954755967837,0.43498098000534957
19,92,Low,Medium,Yes,7,70,Low,2,High,Medium,Positive,2,No,College,Near,Male,69,0,0,1,0,0,1,-0.16282241129609587,1.0412199911030902
26,78,High,Medium,No,8,65,Medium,3,Medium,Medium,Positive,3,No,College,Near,Female,70,2,1,0,1,0,1,1.005764444699114,-0.1712580310923911
21,82,Medium,Medium,Yes,10,60,High,3,High,High,Positive,4,No,High School,Near,Female,70,1,2,0,1,0,1,0.17105954755967837,0.17516426096346072
22,92,Medium,Medium,Yes,6,94,Medium,1,Medium,Medium,Positive,3,No,High School,Near,Male,71,1,1,0,1,0,1,0.3380005269875655,1.0412199911030902
35,84,Medium,Medium,No,5,86,Medium,1,Medium,Medium,Neutral,3,No,High School,Near,Female,72,1,1,0,1,0,1,2.508233259550098,0.34837540699138664
18,69,Medium,Low,No,7,54,Medium,1,Low,High,Neutral,4,No,High School,Moderate,Male,61,1,1,0,1,0,1,-0.329763390723983,-0.9507081882180577
18,85,Medium,High,Yes,6,86,High,1,Medium,Medium,Neutral,3,No,High School,Near,Female,68,1,2,1,0,1,0,-0.329763390723983,0.43498098000534957
21,85,Medium,Low,Yes,7,52,Medium,3,Low,Medium,Neutral,3,No,High School,Near,Male,66,1,1,1,0,0,1,0.17105954755967837,0.43498098000534957
26,89,Medium,Medium,Yes,8,59,Low,1,Low,High,Neutral,4,No,High School,Near,Male,70,1,0,0,1,0,1,1.005764444699114,0.7814032720612014
11,85,Medium,Low,No,10,80,Low,0,Low,High,Positive,3,No,College,Near,Female,63,1,0,0,1,1,0,-1.498350246719193,0.43498098000534957
8,99,Medium,High,Yes,6,73,Medium,1,Medium,Medium,Positive,3,No,High School,Far,Female,68,1,1,0,1,0,1,-1.9991731850028542,1.6474590022008309
16,68,Low,Medium,Yes,4,92,Medium,1,Medium,Medium,Negative,4,No,College,Near,Male,62,0,1,0,1,1,0,-0.6636453495797573,-1.0373137612320207
10,98,Medium,High,No,7,80,Low,3,Medium,Medium,Neutral,3,No,College,Near,Male,69,1,0,1,0,0,1,-1.66529122614708,1.5608534291868679
17,82,Medium,Medium,Yes,8,98,Medium,3,Medium,High,Positive,4,No,High School,Moderate,Male,69,1,1,0,1,0,1,-0.49670437015187013,0.17516426096346072
23,87,Medium,Low,Yes,6,93,Medium,1,High,High,Positive,4,No,Postgraduate,Near,Female,72,1,1,1,0,0,1,0.5049415064154527,0.6081921260332754
15,64,High,Medium,Yes,7,67,Medium,2,Low,High,Positive,3,No,High School,Near,Male,64,2,1,0,1,0,1,-0.8305863290076444,-1.3837360532878724
11,75,Low,Medium,No,7,92,Medium,2,Low,High,Positive,4,No,College,Moderate,Female,63,0,1,0,1,1,0,-1.498350246719193,-0.4310747501342799
20,91,Medium,Medium,Yes,7,93,High,1,Low,Medium,Negative,3,No,Postgraduate,Moderate,Male,70,1,2,0,1,0,1,0.0041185681317912485,0.9546144180891273
25,88,Low,Medium,Yes,8,98,Low,1,Low,Low,Neutral,4,No,Postgraduate,Near,Male,69,0,0,1,0,1,0,0.8388234652712269,0.6947976990472384
10,62,High,High,No,7,51,Medium,1,Medium,High,Positive,2,No,High School,Near,Male,61,2,1,1,0,0,1,-1.66529122614708,-1.5569471993157984
25,82,High,High,No,8,94,Low,2,Low,Medium,Neutral,3,No,High School,Moderate,Male,70,2,0,0,1,0,1,0.8388234652712269,0.17516426096346072
25,64,Medium,Medium,Yes,4,53,Low,1,Medium,Medium,Neutral,2,No,College,Near,Male,64,1,0,0,1,0,1,0.8388234652712269,-1.3837360532878724
26,100,High,High,Yes,6,76,High,0,Medium,High,Negative,4,No,Postgraduate,Near,Male,76,2,2,0,1,0,1,1.005764444699114,1.7340645752147938
27,96,Medium,Medium,Yes,6,71,Medium,2,Medium,Medium,Neutral,2,No,College,Near,Female,73,1,1,0,1,0,1,1.1727054241270012,1.3876422831589421
33,61,Low,Low,Yes,5,96,Medium,2,Medium,Medium,Negative,3,No,High School,Near,Male,67,0,1,0,1,0,1,2.174351300694324,-1.6435527723297614
18,94,Medium,Medium,Yes,7,70,Medium,2,Medium,High,Negative,3,No,College,Near,Female,69,1,1,0,1,1,0,-0.329763390723983,1.2144311371310161
21,97,Medium,Medium,Yes,6,80,Low,2,Medium,Medium,Positive,4,No,College,Near,Male,72,1,0,1,0,0,1,0.17105954755967837,1.474247856172905
18,74,Medium,Medium,No,6,85,Medium,4,Medium,Medium,Negative,3,No,College,Moderate,Female,66,1,1,1,0,0,1,-0.329763390723983,-0.5176803231482429
20,89,Medium,Medium,Yes,8,51,Medium,3,Medium,High,Positive,3,No,Postgraduate,Near,Female,70,1,1,0,1,0,1,0.0041185681317912485,0.7814032720612014
29,78,Medium,High,Yes,7,80,Medium,2,Medium,Medium,Positive,4,No,Postgraduate,Near,Female,73,1,1,0,1,0,1,1.5065873829827754,-0.1712580310923911
12,86,High,Medium,Yes,5,76,Low,2,High,Medium,Positive,3,No,Postgraduate,Near,Female,68,2,0,0,1,1,0,-1.3314092672913058,0.5215865530193126
15,74,Medium,High,No,6,80,Medium,2,High,Medium,Negative,3,No,Postgraduate,Moderate,Male,66,1,1,0,1,0,1,-0.8305863290076444,-0.5176803231482429
28,73,Low,Medium,Yes,8,54,Medium,4,Medium,Medium,Neutral,1,No,High School,Near,Female,67,0,1,1,0,0,1,1.3396464035548883,-0.6042858961622058
26,77,Medium,Low,No,7,53,High,3,Medium,High,Positive,3,No,High School,Near,Female,67,1,2,1,0,1,0,1.005764444699114,-0.25786360410635406
18,66,Medium,High,Yes,9,59,Medium,0,Low,Medium,Positive,3,No,High School,Near,Male,62,1,1,1,0,1,0,-0.329763390723983,-1.2105249072599464
25,93,Low,Medium,No,8,93,Medium,2,Medium,Medium,Positive,3,No,College,Near,Male,72,0,1,0,1,0,1,0.8388234652712269,1.1278255641170531
22,74,Low,High,Yes,6,68,Medium,0,Medium,Low,Positive,4,No,High School,Far,Male,65,0,1,0,1,0,1,0.3380005269875655,-0.5176803231482429
29,76,Medium,Low,Yes,9,72,Medium,1,High,Medium,Positive,3,No,High School,Near,Male,69,1,1,0,1,0,1,1.5065873829827754,-0.344469177120317
20,96,Medium,High,No,9,70,Medium,2,Low,Low,Positive,2,Yes,High School,Near,Male,69,1,1,0,1,0,1,0.0041185681317912485,1.3876422831589421
26,80,High,Medium,Yes,4,86,Medium,0,Low,Medium,Positive,4,No,College,Moderate,Male,69,2,1,0,1,1,0,1.005764444699114,0.0019531149355348125
36,82,Low,Low,Yes,7,63,Medium,0,Medium,Medium,Positive,3,No,High School,Near,Male,69,0,1,1,0,0,1,2.675174238977985,0.17516426096346072
24,98,Low,Medium,Yes,6,53,Medium,1,Medium,Low,Neutral,2,No,High School,Near,Female,69,0,1,0,1,0,1,0.6718824858433398,1.5608534291868679
20,95,Medium,High,Yes,7,69,Low,0,Medium,High,Neutral,3,No,High School,Near,Male,70,1,0,0,1,0,1,0.0041185681317912485,1.3010367101449791
24,67,High,Low,No,6,86,Medium,6,Low,Medium,Positive,3,Yes,Postgraduate,Moderate,Female,67,2,1,1,0,0,1,0.6718824858433398,-1.1239193342459837
18,79,Medium,High,Yes,6,96,Medium,3,Medium,Low,Positive,3,Yes,Postgraduate,Near,Male,69,1,1,0,1,0,1,-0.329763390723983,-0.08465245807842814
34,99,Medium,Medium,Yes,8,53,Medium,0,Medium,High,Neutral,5,No,College,Near,Male,75,1,1,0,1,0,1,2.341292280122211,1.6474590022008309
21,75,Low,Medium,Yes,5,91,Medium,2,Low,Low,Neutral,3,No,High School,Near,Male,66,0,1,0,1,0,1,0.17105954755967837,-0.4310747501342799
18,75,Medium,Low,Yes,7,53,Medium,0,High,High,Neutral,2,No,High School,Near,Male,63,1,1,0,1,0,1,-0.329763390723983,-0.4310747501342799
15,68,Medium,Medium,Yes,5,67,Medium,3,Medium,High,Negative,4,No,Postgraduate,Moderate,Male,64,1,1,1,0,0,1,-0.8305863290076444,-1.0373137612320207
27,65,Medium,Medium,Yes,9,51,Medium,2,High,Medium,Positive,2,No,Postgraduate,Moderate,Female,66,1,1,1,0,0,1,1.1727054241270012,-1.2971304802739094
25,90,Medium,Medium,Yes,7,96,Medium,1,Medium,Medium,Positive,4,No,College,Moderate,Male,72,1,1,0,1,0,1,0.8388234652712269,0.8680088450751643
17,91,Medium,High,No,8,85,High,3,Medium,High,Neutral,4,No,College,Moderate,Female,71,1,2,0,1,0,1,-0.49670437015187013,0.9546144180891273
23,99,Low,Medium,Yes,7,68,Medium,0,High,High,Positive,2,No,High School,Far,Male,70,0,1,1,0,0,1,0.5049415064154527,1.6474590022008309
11,91,High,Medium,No,7,69,Medium,2,Low,Medium,Positive,2,No,College,Near,Male,67,2,1,1,0,0,1,-1.498350246719193,0.9546144180891273
21,70,Medium,Low,No,7,82,High,0,High,High,Positive,3,No,High School,Near,Female,65,1,2,0,1,0,1,0.17105954755967837,-0.8641026152040947
23,62,High,High,Yes,9,54,Low,3,Low,Medium,Neutral,4,No,High School,Near,Male,65,2,0,1,0,0,1,0.5049415064154527,-1.5569471993157984
30,99,Medium,Medium,Yes,6,57,Medium,0,Low,Medium,Neutral,4,No,Postgraduate,Near,Male,73,1,1,0,1,0,1,1.6735283624106625,1.6474590022008309
15,74,Medium,Medium,Yes,4,92,Low,1,Medium,Medium,Positive,3,No,Postgraduate,Near,Male,66,1,0,1,0,0,1,-0.8305863290076444,-0.5176803231482429
12,72,Low,Medium,Yes,6,60,High,0,Low,Medium,Neutral,4,No,Postgraduate,Near,Male,62,0,2,0,1,0,1,-1.3314092672913058,-0.6908914691761688
15,96,Medium,High,No,5,86,Medium,2,High,Medium,Positive,2,No,High School,Near,Male,71,1,1,1,0,0,1,-0.8305863290076444,1.3876422831589421
12,83,Medium,High,No,8,61,Medium,3,High,Medium,Neutral,5,Yes,High School,Near,Male,66,1,1,0,1,0,1,-1.3314092672913058,0.26176983397742365
28,69,High,High,Yes,7,54,Low,1,Low,Medium,Neutral,2,No,College,Far,Male,65,2,0,0,1,1,0,1.3396464035548883,-0.9507081882180577
29,96,Medium,High,Yes,8,95,Medium,0,High,Medium,Positive,2,No,High School,Near,Female,75,1,1,1,0,0,1,1.5065873829827754,1.3876422831589421
22,100,High,Medium,No,7,95,Medium,2,Low,Medium,Positive,4,No,College,Near,Male,74,2,1,0,1,0,1,0.3380005269875655,1.7340645752147938
27,63,Medium,Low,Yes,7,80,High,1,Medium,High,Neutral,3,No,High School,Moderate,Male,65,1,2,1,0,0,1,1.1727054241270012,-1.4703416263018354
21,94,Medium,Medium,No,7,73,Low,2,Low,Medium,Positive,3,No,Postgraduate,Near,Female,71,1,0,1,0,0,1,0.17105954755967837,1.2144311371310161
19,76,High,Low,Yes,9,78,Low,1,Low,Medium,Negative,1,No,Postgraduate,Near,Female,65,2,0,0,1,0,1,-0.16282241129609587,-0.344469177120317
18,81,Medium,Low,Yes,7,70,High,0,Low,Medium,Neutral,2,No,College,Near,Male,65,1,2,1,0,0,1,-0.329763390723983,0.08855868794949777
18,97,Medium,Low,No,9,88,Medium,0,Low,Medium,Neutral,4,No,High School,Moderate,Female,67,1,1,0,1,0,1,-0.329763390723983,1.474247856172905
11,99,Medium,Low,Yes,9,88,Medium,2,Low,Medium,Neutral,2,No,High School,Moderate,Male,67,1,1,0,1,0,1,-1.498350246719193,1.6474590022008309
22,70,Medium,Medium,No,7,91,Medium,2,Medium,Medium,Positive,1,No,High School,Near,Male,66,1,1,0,1,0,1,0.3380005269875655,-0.8641026152040947
20,69,High,Medium,Yes,7,76,High,1,Medium,Medium,Positive,3,No,High School,Near,Female,67,2,2,0,1,0,1,0.0041185681317912485,-0.9507081882180577
24,63,Medium,Medium,No,6,90,Medium,2,Low,Medium,Neutral,5,No,Postgraduate,Near,Female,66,1,1,1,0,1,0,0.6718824858433398,-1.4703416263018354
21,82,Low,High,No,9,58,Medium,0,Medium,Medium,Negative,2,No,High School,Near,Male,65,0,1,0,1,0,1,0.17105954755967837,0.17516426096346072
19,61,High,Medium,Yes,6,52,Low,1,Low,Medium,Neutral,3,No,High School,Far,Female,59,2,0,0,1,1,0,-0.16282241129609587,-1.6435527723297614
15,76,High,High,Yes,6,82,Medium,4,Low,High,Positive,4,No,High School,Moderate,Female,69,2,1,1,0,0,1,-0.8305863290076444,-0.344469177120317
20,63,Medium,Medium,No,7,55,High,2,Low,High,Negative,3,No,High School,Near,Male,63,1,2,0,1,0,1,0.0041185681317912485,-1.4703416263018354
24,76,Low,Medium,No,5,78,High,1,Medium,Medium,Neutral,4,Yes,High School,Moderate,Male,65,0,2,1,0,0,1,0.6718824858433398,-0.344469177120317
13,62,Medium,Low,No,6,86,High,2,Low,Medium,Neutral,4,No,High School,Near,Male,61,1,2,0,1,0,1,-1.1644682878634187,-1.5569471993157984
21,93,Low,Medium,No,9,70,Medium,0,Medium,High,Neutral,1,No,Postgraduate,Far,Female,68,0,1,0,1,0,1,0.17105954755967837,1.1278255641170531
21,68,Medium,High,Yes,8,52,Medium,3,Low,Medium,Neutral,2,No,College,Moderate,Male,65,1,1,0,1,0,1,0.17105954755967837,-1.0373137612320207
16,73,Low,Low,No,6,94,Medium,1,Low,Medium,Negative,2,No,College,Near,Female,61,0,1,1,0,1,0,-0.6636453495797573,-0.6042858961622058
16,95,Medium,High,Yes,8,52,Medium,0,Low,Medium,Positive,3,No,Postgraduate,Moderate,Male,69,1,1,1,0,0,1,-0.6636453495797573,1.3010367101449791
21,90,Low,Medium,Yes,10,95,High,2,High,High,Neutral,4,No,College,Near,Male,72,0,2,1,0,0,1,0.17105954755967837,0.8680088450751643
13,69,Medium,Low,Yes,7,53,High,2,Medium,Medium,Negative,3,Yes,High School,Near,Female,59,1,2,1,0,1,0,-1.1644682878634187,-0.9507081882180577
22,63,Medium,Medium,No,9,87,Low,0,High,High,Negative,2,No,College,Moderate,Female,63,1,0,0,1,0,1,0.3380005269875655,-1.4703416263018354
15,89,Medium,Medium,Yes,8,96,High,3,Low,High,Negative,3,No,High School,Near,Male,69,1,2,0,1,0,1,-0.8305863290076444,0.7814032720612014
26,76,Low,Low,No,7,95,High,1,Low,High,Neutral,1,No,Postgraduate,Near,Male,67,0,2,0,1,0,1,1.005764444699114,-0.344469177120317
34,91,Low,Medium,No,7,95,Medium,1,Medium,Medium,Negative,3,Yes,College,Moderate,Male,70,0,1,0,1,1,0,2.341292280122211,0.9546144180891273
15,78,Medium,High,No,8,94,High,0,Low,Medium,Positive,4,No,Postgraduate,Moderate,Male,67,1,2,1,0,0,1,-0.8305863290076444,-0.1712580310923911
23,74,Medium,Medium,Yes,6,76,Medium,1,Low,Medium,Positive,2,No,College,Near,Male,66,1,1,0,1,1,0,0.5049415064154527,-0.5176803231482429
16,78,Medium,Medium,Yes,4,78,Medium,5,High,Medium,Positive,3,No,High School,Near,Female,68,1,1,0,1,0,1,-0.6636453495797573,-0.1712580310923911
26,90,Low,High,Yes,6,81,Medium,1,Low,Medium,Neutral,3,No,Postgraduate,Near,Male,71,0,1,1,0,0,1,1.005764444699114,0.8680088450751643
12,96,High,Medium,No,4,95,Medium,3,Medium,Medium,Neutral,0,Yes,High School,Near,Male,69,2,1,1,0,0,1,-1.3314092672913058,1.3876422831589421
23,62,High,Medium,Yes,6,92,Low,0,High,Medium,Neutral,2,No,High School,Moderate,Male,65,2,0,0,1,0,1,0.5049415064154527,-1.5569471993157984
15,81,Medium,Medium,No,4,89,High,0,Low,Medium,Negative,3,No,Postgraduate,Near,Female,66,1,2,1,0,0,1,-0.8305863290076444,0.08855868794949777
19,61,Medium,High,Yes,8,84,High,2,Medium,High,Positive,4,No,High School,Near,Male,66,1,2,0,1,0,1,-0.16282241129609587,-1.6435527723297614
14,79,High,Medium,No,5,81,High,3,High,Medium,Negative,3,No,High School,Near,Female,67,2,2,0,1,0,1,-0.9975273084355315,-0.08465245807842814
25,95,High,Medium,Yes,8,96,Low,1,Medium,Medium,Neutral,4,No,Postgraduate,Near,Male,74,2,0,0,1,0,1,0.8388234652712269,1.3010367101449791
15,74,High,High,No,8,60,Low,3,Low,Medium,Positive,5,No,High School,Moderate,Male,66,2,0,0,1,0,1,-0.8305863290076444,-0.5176803231482429
23,97,Medium,High,Yes,8,60,Medium,1,Medium,High,Neutral,3,No,College,Near,Male,72,1,1,0,1,0,1,0.5049415064154527,1.474247856172905
18,85,High,Low,Yes,4,99,High,0,Low,Medium,Neutral,4,No,College,Near,Male,69,2,2,1,0,0,1,-0.329763390723983,0.43498098000534957
19,97,Low,High,No,9,78,Medium,0,Medium,Medium,Negative,4,No,High School,Moderate,Female,68,0,1,1,0,0,1,-0.16282241129609587,1.474247856172905
21,90,Medium,High,Yes,8,74,Medium,4,Low,Medium,Neutral,3,No,High School,Near,Male,71,1,1,1,0,0,1,0.17105954755967837,0.8680088450751643
15,64,Medium,Medium,No,8,93,Medium,0,Low,Medium,Negative,2,No,High School,Near,Female,61,1,1,0,1,0,1,-0.8305863290076444,-1.3837360532878724
21,69,Medium,Medium,Yes,10,92,Low,2,Low,Medium,Neutral,3,No,High School,Near,Male,65,1,0,1,0,0,1,0.17105954755967837,-0.9507081882180577
29,76,Medium,High,Yes,8,59,Medium,4,Low,High,Neutral,2,No,Postgraduate,Near,Male,71,1,1,0,1,0,1,1.5065873829827754,-0.344469177120317
15,67,Low,Medium,Yes,5,59,Low,0,Low,Medium,Neutral,3,No,High School,Near,Male,59,0,0,1,0,0,1,-0.8305863290076444,-1.1239193342459837
27,80,High,Medium,No,8,90,Low,1,Medium,High,Neutral,3,No,Postgraduate,Near,Female,71,2,0,0,1,0,1,1.1727054241270012,0.0019531149355348125
29,79,Medium,High,No,5,89,Medium,0,High,High,Neutral,3,No,Postgraduate,Near,Female,72,1,1,0,1,0,1,1.5065873829827754,-0.08465245807842814
15,98,High,High,Yes,7,61,Medium,1,Low,High,Positive,3,No,College,Moderate,Female,71,2,1,1,0,0,1,-0.8305863290076444,1.5608534291868679
11,77,Low,Low,Yes,6,92,Low,0,Low,Medium,Neutral,5,No,High School,Near,Male,61,0,0,0,1,0,1,-1.498350246719193,-0.25786360410635406
22,91,Medium,Medium,No,7,74,Medium,1,Medium,Medium,Negative,2,Yes,College,Moderate,Female,67,1,1,1,0,0,1,0.3380005269875655,0.9546144180891273
17,98,Medium,Medium,No,5,73,Low,0,Low,High,Negative,2,No,College,Moderate,Male,67,1,0,0,1,0,1,-0.49670437015187013,1.5608534291868679
31,95,Medium,Medium,No,5,99,Medium,1,Medium,Medium,Neutral,4,No,High School,Near,Female,74,1,1,1,0,0,1,1.8404693418385496,1.3010367101449791
20,68,High,High,No,6,76,Low,2,Medium,Medium,Neutral,3,No,High School,Near,Female,66,2,0,0,1,0,1,0.0041185681317912485,-1.0373137612320207
15,80,Medium,Medium,Yes,7,57,Low,1,Low,Medium,Negative,4,No,High School,Near,Male,63,1,0,1,0,0,1,-0.8305863290076444,0.0019531149355348125
13,74,Medium,Medium,No,6,64,Low,4,High,High,Neutral,3,Yes,High School,Near,Male,63,1,0,1,0,0,1,-1.1644682878634187,-0.5176803231482429
27,76,High,High,No,9,67,Medium,1,Low,Medium,Positive,4,No,High School,Far,Female,68,2,1,0,1,0,1,1.1727054241270012,-0.344469177120317
17,74,Medium,Low,Yes,8,98,Low,1,High,High,Neutral,3,No,High School,Near,Female,65,1,0,0,1,0,1,-0.49670437015187013,-0.5176803231482429
20,93,Medium,Low,No,8,63,Medium,0,Low,High,Negative,3,No,High School,Moderate,Male,66,1,1,0,1,0,1,0.0041185681317912485,1.1278255641170531
26,78,Medium,Medium,No,6,72,Medium,1,Low,Medium,Neutral,3,No,High School,Moderate,Female,67,1,1,1,0,0,1,1.005764444699114,-0.1712580310923911
17,81,Medium,Medium,No,5,87,High,0,Low,High,Neutral,2,No,College,Near,Female,67,1,2,1,0,0,1,-0.49670437015187013,0.08855868794949777
20,99,Medium,Low,Yes,7,64,High,0,Medium,Medium,Positive,4,No,High School,Near,Male,70,1,2,0,1,0,1,0.0041185681317912485,1.6474590022008309
20,62,Low,Medium,Yes,10,85,High,5,Low,Medium,Neutral,4,No,High School,Near,Male,65,0,2,1,0,0,1,0.0041185681317912485,-1.5569471993157984
24,80,Medium,Medium,Yes,7,60,Medium,1,High,High,Positive,3,No,High School,Moderate,Female,68,1,1,0,1,0,1,0.6718824858433398,0.0019531149355348125
24,91,Medium,High,Yes,9,62,Low,3,Low,Medium,Negative,4,No,College,Moderate,Male,70,1,0,0,1,0,1,0.6718824858433398,0.9546144180891273
19,66,High,Low,No,9,99,Medium,1,Medium,Medium,Positive,3,No,College,Near,Male,66,2,1,0,1,0,1,-0.16282241129609587,-1.2105249072599464
20,84,High,Medium,Yes,8,68,Medium,0,Low,Medium,Positive,4,No,Postgraduate,Near,Male,69,2,1,1,0,0,1,0.0041185681317912485,0.34837540699138664
18,70,Medium,Medium,No,7,86,Medium,1,High,Medium,Positive,2,No,High School,Near,Female,65,1,1,0,1,0,1,-0.329763390723983,-0.8641026152040947
11,95,Medium,Medium,Yes,6,92,Medium,2,Medium,Low,Neutral,3,No,Postgraduate,Moderate,Female,68,1,1,0,1,1,0,-1.498350246719193,1.3010367101449791
22,73,Low,Medium,Yes,7,67,Medium,3,High,Medium,Positive,2,No,High School,Far,Male,65,0,1,1,0,0,1,0.3380005269875655,-0.6042858961622058
31,73,Medium,High,Yes,6,68,High,1,Medium,Medium,Positive,3,No,High School,Near,Female,70,1,2,0,1,0,1,1.8404693418385496,-0.6042858961622058
15,84,Low,Low,Yes,7,89,High,1,Low,High,Neutral,3,No,High School,Near,Female,65,0,2,0,1,0,1,-0.8305863290076444,0.34837540699138664
15,67,High,Medium,Yes,5,80,High,3,Medium,High,Neutral,4,No,College,Near,Male,67,2,2,0,1,0,1,-0.8305863290076444,-1.1239193342459837
15,71,High,Low,No,6,68,Low,5,Low,Medium,Positive,4,No,College,Near,Female,64,2,0,0,1,1,0,-0.8305863290076444,-0.7774970421901317
24,77,Medium,Medium,No,8,87,High,2,Low,Medium,Positive,1,Yes,Postgraduate,Moderate,Female,68,1,2,0,1,0,1,0.6718824858433398,-0.25786360410635406
23,74,Medium,High,Yes,6,93,Medium,4,High,Medium,Neutral,3,No,High School,Near,Female,70,1,1,1,0,0,1,0.5049415064154527,-0.5176803231482429
19,81,Low,High,Yes,6,62,Medium,1,Medium,Low,Negative,3,No,High School,Moderate,Female,64,0,1,0,1,1,0,-0.16282241129609587,0.08855868794949777
14,84,High,Medium,No,6,51,Low,4,High,Medium,Neutral,3,No,High School,Near,Male,67,2,0,0,1,0,1,-0.9975273084355315,0.34837540699138664
21,83,High,High,No,7,64,Medium,2,Medium,Low,Neutral,2,No,High School,Near,Male,68,2,1,1,0,0,1,0.17105954755967837,0.26176983397742365
11,86,Medium,Medium,Yes,4,84,Medium,5,Low,High,Neutral,4,Yes,High School,Near,Male,67,1,1,0,1,0,1,-1.498350246719193,0.5215865530193126
21,72,Medium,Low,Yes,6,96,Low,4,High,Medium,Positive,2,Yes,College,Moderate,Female,66,1,0,0,1,0,1,0.17105954755967837,-0.6908914691761688
25,65,Medium,High,Yes,8,93,Low,2,Medium,Medium,Negative,3,No,College,Moderate,Female,66,1,0,0,1,1,0,0.8388234652712269,-1.2971304802739094
12,90,Medium,Low,Yes,7,61,Medium,2,Low,High,Positive,2,No,High School,Near,Male,66,1,1,1,0,0,1,-1.3314092672913058,0.8680088450751643
11,94,Low,Low,Yes,8,94,Medium,2,Low,Medium,Positive,2,No,College,Near,Male,67,0,1,0,1,0,1,-1.498350246719193,1.2144311371310161
29,70,Medium,Medium,Yes,4,91,Low,2,Low,Medium,Positive,3,No,College,Near,Male,69,1,0,0,1,0,1,1.5065873829827754,-0.8641026152040947
16,76,Low,Medium,No,6,87,Medium,3,Low,Medium,Neutral,4,No,College,Near,Female,65,0,1,1,0,0,1,-0.6636453495797573,-0.344469177120317
27,80,Low,Low,Yes,7,84,Low,4,Low,Medium,Positive,3,No,College,Moderate,Male,68,0,0,0,1,0,1,1.1727054241270012,0.0019531149355348125
19,81,Low,High,No,8,90,Medium,2,Low,Medium,Neutral,3,No,High School,Near,Female,67,0,1,1,0,0,1,-0.16282241129609587,0.08855868794949777
19,86,Medium,Medium,Yes,9,93,Low,1,Low,High,Positive,3,No,College,Near,Male,69,1,0,0,1,0,1,-0.16282241129609587,0.5215865530193126
23,62,Medium,Medium,No,8,91,High,3,High,Low,Neutral,3,No,High School,Moderate,Male,64,1,2,0,1,1,0,0.5049415064154527,-1.5569471993157984
15,89,Medium,Medium,No,6,56,Low,2,Medium,Medium,Positive,4,No,College,Near,Male,67,1,0,0,1,0,1,-0.8305863290076444,0.7814032720612014
21,62,High,Medium,No,6,86,Medium,2,Medium,High,Positive,4,No,High School,Near,Female,67,2,1,1,0,0,1,0.17105954755967837,-1.5569471993157984
18,79,Medium,High,No,9,92,Low,1,Low,Medium,Neutral,3,No,College,Near,Male,67,1,0,1,0,0,1,-0.329763390723983,-0.08465245807842814
12,93,Medium,High,No,6,59,Medium,2,Low,Medium,Positive,3,No,High School,Moderate,Female,67,1,1,1,0,0,1,-1.3314092672913058,1.1278255641170531
22,78,Medium,High,Yes,5,61,Low,2,Low,Medium,Neutral,4,No,College,Near,Male,68,1,0,0,1,0,1,0.3380005269875655,-0.1712580310923911
18,66,Medium,Medium,Yes,7,89,High,4,Low,Medium,Positive,3,Yes,High School,Near,Male,65,1,2,0,1,0,1,-0.329763390723983,-1.2105249072599464
19,99,Low,High,No,9,67,Low,3,High,Medium,Neutral,1,No,College,Moderate,Male,70,0,0,0,1,0,1,-0.16282241129609587,1.6474590022008309
13,96,Medium,Medium,No,6,70,Medium,1,Low,High,Neutral,3,No,College,Near,Female,68,1,1,0,1,0,1,-1.1644682878634187,1.3876422831589421
30,91,High,Low,Yes,6,69,Medium,2,Medium,High,Negative,4,No,High School,Moderate,Female,72,2,1,0,1,0,1,1.6735283624106625,0.9546144180891273
25,76,Medium,High,No,6,61,Medium,1,Medium,Medium,Neutral,3,No,Postgraduate,Far,Male,67,1,1,0,1,0,1,0.8388234652712269,-0.344469177120317
26,67,High,Low,Yes,8,97,Medium,2,Medium,Medium,Neutral,0,No,High School,Moderate,Female,66,2,1,0,1,0,1,1.005764444699114,-1.1239193342459837
18,98,Low,Low,Yes,7,90,Low,0,High,High,Positive,1,No,High School,Moderate,Male,68,0,0,1,0,0,1,-0.329763390723983,1.5608534291868679
10,81,Medium,High,No,8,63,Medium,1,Low,Low,Neutral,2,No,High School,Near,Male,64,1,1,0,1,0,1,-1.66529122614708,0.08855868794949777
32,94,Medium,High,Yes,9,55,High,4,Medium,Medium,Positive,2,Yes,High School,Near,Male,75,1,2,1,0,0,1,2.0074103212664367,1.2144311371310161
20,74,High,Low,Yes,5,69,High,1,Medium,Medium,Positive,4,No,College,Moderate,Female,66,2,2,0,1,0,1,0.0041185681317912485,-0.5176803231482429
16,73,High,High,Yes,6,71,Medium,0,Low,Medium,Positive,4,No,Postgraduate,Near,Male,67,2,1,0,1,0,1,-0.6636453495797573,-0.6042858961622058
23,99,High,High,No,6,50,Medium,1,High,Medium,Neutral,5,Yes,High School,Near,Male,71,2,1,1,0,1,0,0.5049415064154527,1.6474590022008309
27,81,Low,High,No,7,94,Low,0,Low,Medium,Neutral,4,No,College,Moderate,Male,68,0,0,0,1,0,1,1.1727054241270012,0.08855868794949777
20,66,Medium,Medium,Yes,8,93,Medium,2,Low,High,Neutral,3,No,High School,Near,Male,65,1,1,0,1,0,1,0.0041185681317912485,-1.2105249072599464
28,69,Low,High,Yes,6,93,Low,0,High,Low,Negative,3,No,College,Near,Male,67,0,0,0,1,0,1,1.3396464035548883,-0.9507081882180577
26,79,Low,High,Yes,6,90,Low,0,High,Medium,Negative,2,Yes,College,Moderate,Male,66,0,0,1,0,1,0,1.005764444699114,-0.08465245807842814
14,62,Low,Medium,No,8,87,Medium,1,Medium,Medium,Positive,1,No,High School,Moderate,Male,60,0,1,0,1,0,1,-0.9975273084355315,-1.5569471993157984
16,79,Medium,Medium,No,8,82,Low,2,Low,Medium,Neutral,3,Yes,Postgraduate,Moderate,Female,64,1,0,1,0,0,1,-0.6636453495797573,-0.08465245807842814
26,77,Medium,Medium,Yes,7,98,Low,0,High,Medium,Neutral,1,No,Postgraduate,Near,Male,69,1,0,0,1,0,1,1.005764444699114,-0.25786360410635406
4,91,Medium,Medium,No,4,86,Low,3,Low,Medium,Neutral,4,Yes,College,Moderate,Male,64,1,0,1,0,0,1,-2.6669371027144027,0.9546144180891273
19,74,Medium,High,No,9,82,High,2,Low,Medium,Neutral,3,No,High School,Moderate,Male,66,1,2,1,0,0,1,-0.16282241129609587,-0.5176803231482429
11,99,High,Medium,Yes,7,89,High,3,Low,Medium,Positive,3,No,College,Near,Male,72,2,2,0,1,0,1,-1.498350246719193,1.6474590022008309
17,67,Low,Low,Yes,7,62,Medium,0,Low,Medium,Positive,4,No,High School,Moderate,Female,60,0,1,0,1,0,1,-0.49670437015187013,-1.1239193342459837
18,84,Low,High,Yes,6,98,Low,3,Medium,Medium,Positive,3,No,High School,Near,Male,69,0,0,0,1,0,1,-0.329763390723983,0.34837540699138664
18,64,Medium,Medium,Yes,6,51,Medium,2,Low,Medium,Positive,1,No,High School,Near,Female,62,1,1,0,1,0,1,-0.329763390723983,-1.3837360532878724
17,89,Medium,Medium,Yes,6,82,Medium,3,Medium,Medium,Positive,3,No,College,Near,Female,70,1,1,1,0,0,1,-0.49670437015187013,0.7814032720612014
13,100,Low,Low,Yes,4,54,Low,3,Low,Low,Positive,2,No,High School,Near,Female,65,0,0,0,1,0,1,-1.1644682878634187,1.7340645752147938
34,93,High,Medium,Yes,6,93,High,2,Low,High,Neutral,4,No,High School,Near,Male,77,2,2,0,1,0,1,2.341292280122211,1.1278255641170531
31,82,Medium,High,Yes,5,98,Medium,0,Low,Low,Neutral,3,No,High School,Near,Male,71,1,1,0,1,0,1,1.8404693418385496,0.17516426096346072
13,79,Medium,High,No,7,70,High,4,Low,Medium,Positive,3,Yes,High School,Near,Female,66,1,2,0,1,0,1,-1.1644682878634187,-0.08465245807842814
29,93,Medium,Medium,No,5,93,Medium,2,Low,Medium,Positive,3,No,Postgraduate,Near,Female,74,1,1,0,1,0,1,1.5065873829827754,1.1278255641170531
18,97,Medium,High,No,8,67,Medium,1,Medium,High,Neutral,3,No,High School,Near,Male,70,1,1,0,1,0,1,-0.329763390723983,1.474247856172905
21,100,Medium,Medium,No,5,58,Medium,2,Medium,Medium,Neutral,2,No,High School,Moderate,Male,69,1,1,1,0,0,1,0.17105954755967837,1.7340645752147938
20,76,Medium,Medium,No,9,64,Low,2,Low,Medium,Negative,2,No,College,Moderate,Male,64,1,0,0,1,0,1,0.0041185681317912485,-0.344469177120317
16,100,Medium,Medium,Yes,8,65,High,1,High,Medium,Positive,2,Yes,College,Moderate,Female,69,1,2,0,1,0,1,-0.6636453495797573,1.7340645752147938
26,66,High,High,Yes,5,82,Medium,1,Low,Medium,Neutral,3,No,High School,Near,Female,68,2,1,0,1,0,1,1.005764444699114,-1.2105249072599464
21,70,Medium,Low,Yes,7,90,Medium,1,Low,Medium,Neutral,4,No,High School,Moderate,Male,63,1,1,0,1,1,0,0.17105954755967837,-0.8641026152040947
17,64,Medium,Medium,Yes,6,60,Medium,1,Medium,Medium,Positive,2,Yes,High School,Near,Male,61,1,1,1,0,0,1,-0.49670437015187013,-1.3837360532878724
12,71,Medium,Medium,No,8,54,Medium,0,Low,Low,Positive,5,No,College,Near,Male,61,1,1,0,1,0,1,-1.3314092672913058,-0.7774970421901317
15,91,Medium,Low,Yes,10,61,Medium,0,Low,High,Neutral,4,No,High School,Moderate,Male,65,1,1,0,1,0,1,-0.8305863290076444,0.9546144180891273
10,94,Medium,High,No,9,65,Medium,3,Low,Low,Negative,2,No,High School,Moderate,Female,65,1,1,1,0,0,1,-1.66529122614708,1.2144311371310161
20,91,High,Medium,Yes,6,64,High,0,High,Medium,Positive,3,Yes,High School,Moderate,Female,69,2,2,1,0,0,1,0.0041185681317912485,0.9546144180891273
13,85,High,High,Yes,7,61,High,3,Medium,High,Positive,2,No,High School,Moderate,Female,69,2,2,0,1,0,1,-1.1644682878634187,0.43498098000534957
18,81,Low,Medium,No,9,73,Medium,1,High,Medium,Negative,2,No,High School,Near,Male,65,0,1,0,1,0,1,-0.329763390723983,0.08855868794949777
28,88,Low,High,Yes,8,93,Medium,3,Low,Medium,Negative,1,No,Postgraduate,Moderate,Female,72,0,1,0,1,0,1,1.3396464035548883,0.6947976990472384
27,76,High,High,Yes,9,55,Medium,3,Low,Medium,Neutral,0,No,High School,Moderate,Female,69,2,1,1,0,0,1,1.1727054241270012,-0.344469177120317
20,94,High,Medium,Yes,8,93,Low,1,Medium,Medium,Neutral,3,No,College,Moderate,Female,71,2,0,0,1,0,1,0.0041185681317912485,1.2144311371310161
19,87,Medium,Medium,Yes,7,75,Medium,2,Low,Low,Negative,3,No,High School,Moderate,Female,67,1,1,0,1,0,1,-0.16282241129609587,0.6081921260332754
31,88,Medium,High,No,7,83,Medium,0,Low,Medium,Neutral,2,No,High School,Near,Male,72,1,1,1,0,0,1,1.8404693418385496,0.6947976990472384
23,81,High,High,No,5,91,Low,0,High,High,Positive,3,Yes,High School,Near,Female,70,2,0,0,1,0,1,0.5049415064154527,0.08855868794949777
18,95,Low,Medium,Yes,6,65,High,1,Low,High,Negative,3,No,High School,Near,Female,68,0,2,0,1,0,1,-0.329763390723983,1.3010367101449791
11,70,Medium,Medium,No,6,98,Medium,3,High,Medium,Neutral,4,No,Postgraduate,Near,Female,66,1,1,1,0,0,1,-1.498350246719193,-0.8641026152040947
22,75,Medium,High,No,6,54,Low,4,Low,High,Positive,4,No,High School,Near,Male,68,1,0,0,1,0,1,0.3380005269875655,-0.4310747501342799
25,91,High,Low,Yes,7,76,Low,1,Low,High,Positive,3,No,College,Near,Female,71,2,0,1,0,0,1,0.8388234652712269,0.9546144180891273
16,80,Low,Medium,Yes,7,63,High,2,Low,Medium,Neutral,3,No,High School,Far,Male,63,0,2,1,0,0,1,-0.6636453495797573,0.0019531149355348125
22,96,Medium,High,No,7,70,Medium,2,Medium,Medium,Negative,4,No,College,Moderate,Male,70,1,1,1,0,1,0,0.3380005269875655,1.3876422831589421
18,74,Medium,High,No,8,72,High,1,Low,High,Negative,2,No,College,Moderate,Male,65,1,2,0,1,0,1,-0.329763390723983,-0.5176803231482429
19,75,High,High,Yes,6,96,Medium,2,Medium,Medium,Positive,4,No,High School,Near,Female,70,2,1,0,1,0,1,-0.16282241129609587,-0.4310747501342799
5,96,Medium,Low,Yes,8,72,Low,3,Medium,Medium,Negative,5,No,High School,Near,Male,65,1,0,0,1,0,1,-2.4999961232865155,1.3876422831589421
19,79,High,High,Yes,9,85,Medium,0,Medium,Medium,Positive,2,No,High School,Moderate,Male,68,2,1,0,1,0,1,-0.16282241129609587,-0.08465245807842814
26,81,High,Medium,Yes,8,98,Low,1,Medium,Low,Neutral,2,Yes,High School,Near,Female,69,2,0,1,0,0,1,1.005764444699114,0.08855868794949777
16,73,Medium,Medium,Yes,6,75,High,3,Medium,Medium,Positive,3,No,High School,Moderate,Female,66,1,2,0,1,0,1,-0.6636453495797573,-0.6042858961622058
20,71,Low,Medium,No,8,70,Medium,0,Medium,High,Neutral,3,No,High School,Far,Female,62,0,1,1,0,0,1,0.0041185681317912485,-0.7774970421901317
15,86,Medium,High,No,8,99,High,2,Medium,Medium,Neutral,5,No,High School,Near,Male,70,1,2,0,1,0,1,-0.8305863290076444,0.5215865530193126
22,65,High,Low,No,8,91,Medium,2,High,Medium,Negative,2,No,College,Moderate,Female,65,2,1,0,1,0,1,0.3380005269875655,-1.2971304802739094
19,95,Low,High,Yes,9,97,Low,0,Medium,Medium,Neutral,2,No,Postgraduate,Near,Male,71,0,0,0,1,0,1,-0.16282241129609587,1.3010367101449791
14,91,Medium,High,Yes,8,70,Medium,2,Low,Medium,Neutral,0,No,Postgraduate,Moderate,Male,68,1,1,1,0,0,1,-0.9975273084355315,0.9546144180891273
28,68,Low,Low,Yes,9,85,Medium,0,Medium,Medium,Negative,3,No,Postgraduate,Near,Male,65,0,1,0,1,0,1,1.3396464035548883,-1.0373137612320207
26,88,Low,High,Yes,7,62,High,1,High,High,Positive,2,No,High School,Near,Female,70,0,2,1,0,1,0,1.005764444699114,0.6947976990472384
16,84,Medium,High,Yes,6,93,Medium,0,High,Medium,Positive,3,No,High School,Moderate,Male,69,1,1,0,1,0,1,-0.6636453495797573,0.34837540699138664
23,67,Medium,Low,Yes,9,97,Medium,1,Medium,Medium,Positive,3,No,College,Moderate,Male,66,1,1,1,0,0,1,0.5049415064154527,-1.1239193342459837
23,71,Medium,Medium,Yes,6,63,Low,1,Low,High,Positive,5,No,High School,Moderate,Male,66,1,0,0,1,0,1,0.5049415064154527,-0.7774970421901317
24,76,High,Medium,No,10,55,Low,2,Low,Medium,Positive,4,No,High School,Near,Male,67,2,0,0,1,0,1,0.6718824858433398,-0.344469177120317
10,88,Low,Medium,No,9,60,Medium,1,Low,Medium,Positive,3,No,High School,Moderate,Female,63,0,1,0,1,0,1,-1.66529122614708,0.6947976990472384
26,86,Low,High,Yes,7,82,Medium,2,Low,Medium,Positive,3,No,High School,Moderate,Female,70,0,1,1,0,0,1,1.005764444699114,0.5215865530193126
17,81,High,Medium,No,9,64,Medium,0,High,Medium,Positive,3,Yes,High School,Far,Male,65,2,1,0,1,0,1,-0.49670437015187013,0.08855868794949777
18,91,Medium,High,No,8,82,Medium,3,Medium,Medium,Positive,2,No,High School,Moderate,Male,70,1,1,1,0,0,1,-0.329763390723983,0.9546144180891273
36,90,Medium,High,Yes,5,68,Low,1,Low,High,Positive,2,No,High School,Moderate,Male,74,1,0,0,1,0,1,2.675174238977985,0.8680088450751643
22,85,High,Medium,Yes,6,96,Medium,0,Low,Medium,Neutral,3,No,High School,Moderate,Female,69,2,1,0,1,0,1,0.3380005269875655,0.43498098000534957
18,91,High,Medium,No,7,73,Low,0,Low,Medium,Negative,4,No,College,Near,Male,68,2,0,0,1,0,1,-0.329763390723983,0.9546144180891273
7,73,Medium,Medium,Yes,7,75,Medium,1,High,High,Positive,3,No,College,Near,Male,64,1,1,1,0,0,1,-2.1661141644307413,-0.6042858961622058
28,95,High,Medium,No,9,67,Low,2,Medium,Medium,Neutral,3,No,High School,Near,Male,73,2,0,0,1,0,1,1.3396464035548883,1.3010367101449791
12,85,Medium,Medium,Yes,7,54,Medium,4,Low,High,Positive,3,No,College,Moderate,Male,66,1,1,0,1,0,1,-1.3314092672913058,0.43498098000534957
14,93,Medium,Low,Yes,5,75,Low,0,Medium,High,Negative,3,No,High School,Moderate,Male,65,1,0,0,1,0,1,-0.9975273084355315,1.1278255641170531
18,82,High,Low,Yes,6,89,High,0,Medium,Medium,Positive,1,Yes,College,Moderate,Male,66,2,2,1,0,0,1,-0.329763390723983,0.17516426096346072
28,69,Medium,Low,No,8,98,Medium,0,Medium,Medium,Positive,5,No,High School,Near,Male,67,1,1,0,1,0,1,1.3396464035548883,-0.9507081882180577
25,82,Medium,High,No,4,54,Medium,0,Medium,Medium,Neutral,3,No,High School,Near,Male,67,1,1,0,1,0,1,0.8388234652712269,0.17516426096346072
19,75,Medium,Medium,Yes,5,90,High,0,Medium,Medium,Negative,3,No,Postgraduate,Near,Female,66,1,2,1,0,0,1,-0.16282241129609587,-0.4310747501342799
22,88,Medium,Low,Yes,6,63,Low,3,Low,Medium,Positive,3,No,Postgraduate,Near,Male,69,1,0,0,1,0,1,0.3380005269875655,0.6947976990472384
16,79,Medium,Medium,Yes,8,91,Medium,4,High,Medium,Positive,1,No,Postgraduate,Near,Male,69,1,1,1,0,0,1,-0.6636453495797573,-0.08465245807842814
21,93,Medium,Low,No,7,67,High,2,Low,Medium,Neutral,3,No,College,Far,Female,68,1,2,0,1,0,1,0.17105954755967837,1.1278255641170531
20,87,Low,Low,No,8,56,Medium,1,High,Medium,Negative,1,No,College,Near,Female,64,0,1,0,1,1,0,0.0041185681317912485,0.6081921260332754
26,87,Medium,Medium,Yes,7,81,Medium,1,High,Medium,Negative,2,No,High School,Near,Male,70,1,1,0,1,0,1,1.005764444699114,0.6081921260332754
26,69,Medium,Medium,No,7,95,Medium,1,Low,Medium,Negative,4,No,Postgraduate,Near,Female,67,1,1,0,1,0,1,1.005764444699114,-0.9507081882180577
23,99,Low,Low,No,6,59,Medium,1,Medium,Medium,Positive,3,No,High School,Far,Male,68,0,1,0,1,0,1,0.5049415064154527,1.6474590022008309
18,94,Medium,Medium,Yes,8,51,Medium,0,High,Medium,Positive,3,Yes,College,Moderate,Female,67,1,1,0,1,0,1,-0.329763390723983,1.2144311371310161
24,92,High,Medium,Yes,5,94,Low,1,Medium,Medium,Neutral,2,No,Postgraduate,Near,Female,73,2,0,0,1,0,1,0.6718824858433398,1.0412199911030902
19,73,Medium,Medium,Yes,7,85,Medium,1,Medium,Medium,Neutral,3,No,High School,Far,Male,65,1,1,0,1,0,1,-0.16282241129609587,-0.6042858961622058
14,81,Medium,High,No,9,90,Medium,3,High,High,Neutral,3,No,Postgraduate,Near,Male,69,1,1,0,1,0,1,-0.9975273084355315,0.08855868794949777
18,65,Medium,Medium,Yes,6,53,Medium,1,Medium,Medium,Positive,3,Yes,Postgraduate,Near,Male,63,1,1,1,0,0,1,-0.329763390723983,-1.2971304802739094
21,82,Medium,Medium,No,5,95,Medium,3,Low,Low,Positive,4,No,High School,Near,Female,68,1,1,0,1,0,1,0.17105954755967837,0.17516426096346072
25,66,Medium,High,No,4,71,High,0,Medium,Medium,Negative,3,Yes,High School,Near,Female,64,1,2,0,1,0,1,0.8388234652712269,-1.2105249072599464
19,82,Low,High,No,8,95,Medium,2,Low,High,Neutral,4,Yes,Postgraduate,Moderate,Female,68,0,1,0,1,0,1,-0.16282241129609587,0.17516426096346072
13,86,Medium,High,Yes,8,53,Medium,2,Low,High,Positive,4,No,High School,Far,Male,66,1,1,0,1,0,1,-1.1644682878634187,0.5215865530193126
20,76,Medium,Medium,No,6,94,Low,2,Low,High,Neutral,3,Yes,High School,Moderate,Male,65,1,0,0,1,0,1,0.0041185681317912485,-0.344469177120317
21,80,Medium,Medium,Yes,5,84,Low,4,Low,Medium,Neutral,2,No,Postgraduate,Near,Female,69,1,0,1,0,0,1,0.17105954755967837,0.0019531149355348125
21,95,Low,Medium,No,7,78,High,2,Low,High,Neutral,2,Yes,High School,Near,Male,69,0,2,0,1,0,1,0.17105954755967837,1.3010367101449791
26,64,Low,High,Yes,9,53,Medium,2,Low,High,Negative,4,No,College,Near,Male,64,0,1,0,1,1,0,1.005764444699114,-1.3837360532878724
26,92,High,High,No,5,84,High,0,Medium,High,Neutral,2,No,Postgraduate,Near,Male,74,2,2,0,1,0,1,1.005764444699114,1.0412199911030902
16,67,High,Medium,No,9,80,Medium,1,Low,High,Neutral,3,No,High School,Near,Female,64,2,1,0,1,0,1,-0.6636453495797573,-1.1239193342459837
16,61,Medium,Low,No,4,86,Medium,3,Medium,High,Positive,4,No,High School,Near,Female,63,1,1,0,1,0,1,-0.6636453495797573,-1.6435527723297614
14,67,High,Medium,Yes,5,86,Medium,0,High,Medium,Positive,4,No,College,Moderate,Female,64,2,1,0,1,1,0,-0.9975273084355315,-1.1239193342459837
24,91,Medium,Medium,Yes,7,72,Medium,3,Medium,High,Neutral,3,No,High School,Moderate,Male,71,1,1,0,1,0,1,0.6718824858433398,0.9546144180891273
29,76,Low,High,Yes,8,60,Medium,2,Medium,Medium,Negative,3,No,High School,Near,Female,68,0,1,0,1,0,1,1.5065873829827754,-0.344469177120317
18,95,Medium,Medium,Yes,9,96,Low,4,Medium,Medium,Negative,4,No,College,Near,Female,72,1,0,0,1,0,1,-0.329763390723983,1.3010367101449791
19,81,Medium,Low,Yes,8,96,High,1,Low,Medium,Negative,4,No,Postgraduate,Near,Male,67,1,2,1,0,0,1,-0.16282241129609587,0.08855868794949777
29,61,Medium,High,No,9,61,Medium,0,Low,Medium,Negative,3,No,High School,Near,Male,64,1,1,1,0,0,1,1.5065873829827754,-1.6435527723297614
23,89,Medium,Low,No,7,82,Medium,2,High,High,Positive,1,No,College,Near,Male,70,1,1,0,1,0,1,0.5049415064154527,0.7814032720612014
23,64,High,Medium,Yes,6,60,Low,2,Medium,Medium,Negative,3,No,College,Near,Female,65,2,0,0,1,0,1,0.5049415064154527,-1.3837360532878724
13,92,High,Medium,No,9,93,High,2,High,Medium,Negative,2,No,College,Moderate,Male,69,2,2,0,1,0,1,-1.1644682878634187,1.0412199911030902
24,67,High,Medium,No,9,55,High,2,Low,Low,Positive,2,No,College,Moderate,Male,65,2,2,0,1,0,1,0.6718824858433398,-1.1239193342459837
14,74,High,Medium,No,8,100,Medium,1,Low,Medium,Neutral,3,No,College,Near,Male,66,2,1,0,1,0,1,-0.9975273084355315,-0.5176803231482429
13,90,High,Medium,No,8,81,Medium,0,Medium,Medium,Positive,3,No,High School,Moderate,Female,67,2,1,0,1,0,1,-1.1644682878634187,0.8680088450751643
18,98,Medium,Low,No,9,51,Medium,1,High,Medium,Neutral,4,No,College,Near,Male,68,1,1,0,1,0,1,-0.329763390723983,1.5608534291868679
16,75,Medium,Medium,Yes,8,94,Medium,0,Medium,Medium,Positive,3,No,High School,Moderate,Male,65,1,1,1,0,0,1,-0.6636453495797573,-0.4310747501342799
19,93,Medium,Medium,No,7,84,High,0,Medium,Low,Neutral,2,No,College,Near,Male,68,1,2,0,1,1,0,-0.16282241129609587,1.1278255641170531
11,68,Medium,High,Yes,8,85,High,2,Medium,Medium,Negative,2,No,College,Near,Male,63,1,2,0,1,1,0,-1.498350246719193,-1.0373137612320207
26,92,Medium,Medium,No,8,64,Medium,1,Medium,Medium,Positive,5,No,High School,Near,Male,71,1,1,1,0,0,1,1.005764444699114,1.0412199911030902
27,86,High,Medium,No,8,67,Medium,1,Low,Medium,Positive,4,No,College,Near,Male,71,2,1,0,1,0,1,1.1727054241270012,0.5215865530193126
8,68,High,Medium,Yes,7,96,Medium,2,Low,High,Positive,3,No,Postgraduate,Near,Female,65,2,1,0,1,0,1,-1.9991731850028542,-1.0373137612320207
26,72,Medium,Low,No,8,82,Medium,2,Medium,Low,Negative,2,No,Postgraduate,Far,Female,65,1,1,0,1,0,1,1.005764444699114,-0.6908914691761688
15,65,Medium,Low,Yes,8,51,Medium,1,High,Medium,Positive,3,No,High School,Moderate,Female,61,1,1,0,1,0,1,-0.8305863290076444,-1.2971304802739094
25,75,High,High,Yes,7,66,Low,0,Low,High,Negative,4,No,High School,Near,Male,68,2,0,0,1,0,1,0.8388234652712269,-0.4310747501342799
20,68,Low,Medium,Yes,6,80,Low,4,Low,Medium,Neutral,4,No,College,Near,Female,65,0,0,1,0,0,1,0.0041185681317912485,-1.0373137612320207
20,86,Low,Medium,No,9,57,Medium,0,Medium,High,Positive,4,No,High School,Moderate,Male,66,0,1,0,1,0,1,0.0041185681317912485,0.5215865530193126
19,100,High,Low,Yes,5,55,Low,2,Low,Medium,Positive,4,No,High School,Moderate,Male,69,2,0,0,1,0,1,-0.16282241129609587,1.7340645752147938
27,60,High,High,No,6,53,Low,3,Low,Low,Positive,2,No,High School,Moderate,Female,65,2,0,1,0,0,1,1.1727054241270012,-1.7301583453437241
13,82,Medium,High,No,7,82,Medium,1,Low,Low,Positive,3,No,High School,Near,Female,65,1,1,0,1,0,1,-1.1644682878634187,0.17516426096346072
24,83,High,Medium,No,4,66,High,2,Medium,High,Positive,4,Yes,Postgraduate,Moderate,Male,70,2,2,1,0,0,1,0.6718824858433398,0.26176983397742365
27,97,Medium,Medium,No,9,69,Medium,1,Low,Medium,Neutral,2,No,High School,Moderate,Female,70,1,1,1,0,0,1,1.1727054241270012,1.474247856172905
24,80,Medium,Medium,Yes,7,53,Medium,2,Low,Medium,Positive,4,Yes,High School,Near,Female,67,1,1,0,1,0,1,0.6718824858433398,0.0019531149355348125
34,82,Medium,High,Yes,9,87,High,3,Low,Medium,Positive,4,No,High School,Near,Female,75,1,2,0,1,0,1,2.341292280122211,0.17516426096346072
17,79,Low,Low,Yes,10,88,Low,3,Medium,High,Neutral,3,No,High School,Moderate,Female,65,0,0,1,0,0,1,-0.49670437015187013,-0.08465245807842814
26,71,Medium,Medium,Yes,7,91,Medium,2,Low,Medium,Neutral,3,No,High School,Moderate,Female,66,1,1,1,0,1,0,1.005764444699114,-0.7774970421901317
19,62,High,Medium,Yes,9,83,High,2,Medium,Medium,Positive,3,No,College,Near,Male,67,2,2,0,1,0,1,-0.16282241129609587,-1.5569471993157984
27,76,Low,Medium,Yes,5,89,Low,0,Low,Medium,Positive,4,No,Postgraduate,Far,Male,67,0,0,1,0,0,1,1.1727054241270012,-0.344469177120317
20,62,Low,Medium,No,8,79,High,2,Low,Medium,Positive,1,No,High School,Near,Female,62,0,2,0,1,0,1,0.0041185681317912485,-1.5569471993157984
18,82,Medium,Medium,Yes,6,75,Medium,0,Low,Medium,Negative,4,No,College,Near,Male,66,1,1,1,0,0,1,-0.329763390723983,0.17516426096346072
28,72,Low,High,No,8,63,Low,1,Low,High,Neutral,2,No,High School,Near,Male,66,0,0,0,1,0,1,1.3396464035548883,-0.6908914691761688
17,81,High,Low,Yes,8,53,High,0,Medium,Medium,Neutral,2,No,High School,Far,Male,64,2,2,0,1,0,1,-0.49670437015187013,0.08855868794949777
12,65,Low,Medium,No,7,65,Medium,2,Medium,Medium,Neutral,2,No,High School,Near,Male,60,0,1,0,1,0,1,-1.3314092672913058,-1.2971304802739094
17,97,Medium,Medium,Yes,8,84,Medium,3,Low,Low,Neutral,3,No,Postgraduate,Near,Female,70,1,1,1,0,1,0,-0.49670437015187013,1.474247856172905
24,96,Medium,Medium,No,8,96,Medium,2,Low,Low,Positive,3,No,College,Near,Female,72,1,1,0,1,0,1,0.6718824858433398,1.3876422831589421
28,68,High,Medium,Yes,7,63,Medium,0,Low,High,Negative,2,No,College,Near,Male,67,2,1,0,1,0,1,1.3396464035548883,-1.0373137612320207
21,74,Medium,High,Yes,10,83,Low,1,High,Medium,Neutral,3,No,High School,Moderate,Female,67,1,0,0,1,0,1,0.17105954755967837,-0.5176803231482429
28,85,Medium,Medium,Yes,7,74,Medium,1,Medium,High,Positive,3,No,Postgraduate,Near,Female,72,1,1,0,1,0,1,1.3396464035548883,0.43498098000534957
12,64,High,High,Yes,9,81,Medium,1,High,High,Neutral,3,No,High School,Moderate,Male,63,2,1,0,1,1,0,-1.3314092672913058,-1.3837360532878724
17,74,Low,Medium,No,9,50,Medium,0,Low,High,Negative,2,No,High School,Far,Female,60,0,1,0,1,0,1,-0.49670437015187013,-0.5176803231482429
18,70,Medium,Medium,Yes,4,56,Medium,1,High,High,Neutral,4,No,High School,Near,Male,65,1,1,0,1,0,1,-0.329763390723983,-0.8641026152040947
19,97,High,Medium,Yes,9,61,High,2,Medium,High,Neutral,1,No,Postgraduate,Moderate,Male,72,2,2,0,1,0,1,-0.16282241129609587,1.474247856172905
21,94,Medium,High,No,9,95,Low,0,Medium,High,Negative,3,No,High School,Near,Male,70,1,0,1,0,0,1,0.17105954755967837,1.2144311371310161
24,83,High,Medium,Yes,7,52,High,1,Medium,High,Positive,4,No,College,Near,Female,71,2,2,0,1,0,1,0.6718824858433398,0.26176983397742365
17,81,Low,Medium,Yes,8,78,Low,1,Low,High,Positive,4,No,College,Moderate,Male,66,0,0,1,0,0,1,-0.49670437015187013,0.08855868794949777
21,97,Low,Medium,Yes,8,96,High,2,Low,High,Positive,4,No,College,Moderate,Female,72,0,2,0,1,0,1,0.17105954755967837,1.474247856172905
20,97,Low,Medium,Yes,9,83,High,3,Medium,High,Positive,3,No,Postgraduate,Near,Female,73,0,2,0,1,0,1,0.0041185681317912485,1.474247856172905
14,99,High,Medium,Yes,6,74,Medium,2,Medium,Medium,Neutral,3,No,College,Near,Male,71,2,1,0,1,0,1,-0.9975273084355315,1.6474590022008309
19,65,High,Low,No,9,69,Medium,4,Low,High,Neutral,2,No,College,Far,Male,64,2,1,0,1,0,1,-0.16282241129609587,-1.2971304802739094
19,66,Medium,High,Yes,5,81,Medium,1,High,Medium,Positive,3,No,College,Moderate,Male,66,1,1,1,0,0,1,-0.16282241129609587,-1.2105249072599464
19,87,Medium,Medium,No,4,74,High,1,High,Medium,Positive,3,No,College,Near,Male,69,1,2,0,1,0,1,-0.16282241129609587,0.6081921260332754
20,82,Low,Medium,No,8,85,Low,1,Medium,High,Neutral,3,Yes,Postgraduate,Near,Female,66,0,0,1,0,0,1,0.0041185681317912485,0.17516426096346072
20,61,Medium,High,No,9,81,Medium,0,High,High,Neutral,2,Yes,High School,Near,Male,63,1,1,0,1,0,1,0.0041185681317912485,-1.6435527723297614
17,62,Medium,Medium,Yes,7,78,Medium,0,Medium,High,Negative,3,No,High School,Near,Male,62,1,1,0,1,0,1,-0.49670437015187013,-1.5569471993157984
28,96,High,Low,Yes,4,98,High,1,High,High,Positive,3,No,High School,Near,Male,98,2,2,0,1,0,1,1.3396464035548883,1.3876422831589421
13,95,High,High,Yes,5,92,Low,1,Medium,Medium,Positive,2,No,College,Near,Female,71,2,0,1,0,0,1,-1.1644682878634187,1.3010367101449791
16,74,High,Medium,No,8,80,Medium,0,Low,Medium,Positive,4,No,Postgraduate,Near,Female,66,2,1,0,1,0,1,-0.6636453495797573,-0.5176803231482429
37,96,Medium,Medium,No,7,77,Medium,2,Medium,Medium,Positive,3,No,High School,Moderate,Female,75,1,1,0,1,0,1,2.8421152184058722,1.3876422831589421
14,84,High,Medium,Yes,9,86,High,1,Low,Medium,Positive,4,No,High School,Near,Female,68,2,2,1,0,0,1,-0.9975273084355315,0.34837540699138664
12,92,High,Medium,No,7,90,Medium,2,Medium,High,Negative,5,No,High School,Near,Male,69,2,1,0,1,0,1,-1.3314092672913058,1.0412199911030902
24,77,Medium,Low,Yes,6,65,High,2,Medium,High,Positive,3,No,High School,Near,Male,68,1,2,1,0,0,1,0.6718824858433398,-0.25786360410635406
8,65,Medium,Medium,No,7,83,Low,3,Medium,Medium,Negative,4,No,High School,Near,Female,60,1,0,0,1,0,1,-1.9991731850028542,-1.2971304802739094
19,77,Medium,Low,No,9,57,Low,4,Medium,Medium,Neutral,3,Yes,High School,Near,Female,64,1,0,0,1,0,1,-0.16282241129609587,-0.25786360410635406
33,78,Medium,Medium,No,9,72,Medium,4,Medium,Medium,Positive,3,No,High School,Moderate,Male,71,1,1,0,1,0,1,2.174351300694324,-0.1712580310923911
11,82,High,High,No,7,97,Low,2,High,Medium,Positive,3,No,College,Near,Male,69,2,0,0,1,0,1,-1.498350246719193,0.17516426096346072
8,64,Medium,Medium,Yes,7,66,Medium,1,Low,Medium,Positive,3,No,College,Near,Male,60,1,1,1,0,0,1,-1.9991731850028542,-1.3837360532878724
11,100,High,High,Yes,8,58,High,1,Low,Medium,Positive,3,No,College,Near,Female,70,2,2,1,0,0,1,-1.498350246719193,1.7340645752147938
25,70,Low,Medium,Yes,6,57,Medium,4,Medium,Medium,Neutral,3,No,High School,Near,Male,66,0,1,1,0,0,1,0.8388234652712269,-0.8641026152040947
27,68,High,Medium,No,8,70,High,0,Medium,Medium,Positive,3,No,Postgraduate,Near,Male,68,2,2,1,0,0,1,1.1727054241270012,-1.0373137612320207
17,81,High,Low,No,7,61,Medium,2,High,Medium,Positive,2,No,College,Near,Female,67,2,1,0,1,0,1,-0.49670437015187013,0.08855868794949777
24,81,Medium,Medium,Yes,7,71,High,1,Medium,High,Neutral,3,No,College,Near,Male,70,1,2,0,1,0,1,0.6718824858433398,0.08855868794949777
28,78,High,Medium,Yes,7,86,Low,0,Low,High,Neutral,2,No,College,Moderate,Male,69,2,0,0,1,0,1,1.3396464035548883,-0.1712580310923911
31,91,Medium,High,Yes,7,94,High,2,High,High,Negative,3,No,High School,Far,Male,75,1,2,0,1,0,1,1.8404693418385496,0.9546144180891273
19,81,Medium,Low,Yes,10,56,Low,1,Medium,High,Positive,3,No,High School,Near,Male,65,1,0,0,1,0,1,-0.16282241129609587,0.08855868794949777
6,84,Medium,Medium,Yes,6,88,Medium,1,Low,Medium,Positive,5,No,Postgraduate,Moderate,Male,65,1,1,1,0,0,1,-2.3330551438586284,0.34837540699138664
15,89,Medium,Low,No,6,55,Medium,1,Medium,Medium,Positive,4,No,Postgraduate,Moderate,Male,66,1,1,0,1,0,1,-0.8305863290076444,0.7814032720612014
17,61,High,Medium,Yes,9,69,High,1,Medium,High,Positive,3,No,High School,Far,Male,64,2,2,0,1,0,1,-0.49670437015187013,-1.6435527723297614
18,83,Low,Medium,No,8,100,Medium,1,Low,High,Negative,2,No,High School,Near,Female,66,0,1,1,0,0,1,-0.329763390723983,0.26176983397742365
19,95,Medium,High,Yes,8,53,Medium,3,Low,Medium,Positive,1,No,High School,Moderate,Female,70,1,1,0,1,0,1,-0.16282241129609587,1.3010367101449791
27,61,High,Low,No,5,51,High,1,Low,Medium,Positive,1,No,College,Far,Male,63,2,2,1,0,0,1,1.1727054241270012,-1.6435527723297614
28,76,Low,Low,No,7,67,High,1,High,Low,Negative,4,No,College,Near,Male,66,0,2,0,1,0,1,1.3396464035548883,-0.344469177120317
19,97,Low,Medium,Yes,8,98,Low,1,Medium,Medium,Positive,3,No,College,Near,Female,71,0,0,0,1,0,1,-0.16282241129609587,1.474247856172905
27,74,Medium,High,No,6,51,High,2,Medium,Medium,Positive,4,No,High School,Far,Male,68,1,2,1,0,0,1,1.1727054241270012,-0.5176803231482429
22,78,Medium,Medium,Yes,8,61,Medium,2,High,Medium,Positive,5,No,High School,Moderate,Male,68,1,1,0,1,0,1,0.3380005269875655,-0.1712580310923911
20,99,Low,Medium,No,7,80,High,0,Medium,High,Negative,3,No,Postgraduate,Near,Male,71,0,2,0,1,0,1,0.0041185681317912485,1.6474590022008309
25,68,Low,Medium,No,6,62,Low,1,Low,High,Negative,4,No,College,Moderate,Female,63,0,0,1,0,0,1,0.8388234652712269,-1.0373137612320207
20,63,Low,Low,No,9,53,Low,1,Medium,Medium,Positive,4,No,High School,Near,Male,60,0,0,0,1,0,1,0.0041185681317912485,-1.4703416263018354
32,94,Medium,High,Yes,9,53,Medium,1,Medium,Medium,Neutral,3,No,High School,Near,Female,73,1,1,0,1,0,1,2.0074103212664367,1.2144311371310161
11,95,Medium,Medium,Yes,7,78,Low,4,Medium,Medium,Negative,4,No,High School,Near,Female,68,1,0,1,0,0,1,-1.498350246719193,1.3010367101449791
17,79,High,High,Yes,8,78,Medium,2,High,Medium,Positive,5,No,High School,Near,Female,70,2,1,0,1,0,1,-0.49670437015187013,-0.08465245807842814
19,81,Medium,Medium,Yes,9,85,Medium,1,Low,Medium,Neutral,1,No,High School,Moderate,Male,66,1,1,0,1,0,1,-0.16282241129609587,0.08855868794949777
23,93,High,Medium,No,6,57,Medium,1,High,Medium,Positive,2,No,Postgraduate,Near,Female,72,2,1,0,1,0,1,0.5049415064154527,1.1278255641170531
28,90,High,Low,Yes,8,75,Medium,1,Low,High,Neutral,3,Yes,High School,Moderate,Male,70,2,1,0,1,0,1,1.3396464035548883,0.8680088450751643
20,71,High,High,Yes,6,80,Medium,2,High,Low,Positive,3,No,High School,Near,Male,68,2,1,0,1,0,1,0.0041185681317912485,-0.7774970421901317
11,61,Medium,Medium,Yes,5,61,Medium,3,Medium,High,Neutral,0,Yes,Postgraduate,Near,Male,60,1,1,0,1,0,1,-1.498350246719193,-1.6435527723297614
25,79,High,Medium,No,6,77,Low,2,Low,High,Neutral,3,No,High School,Near,Male,68,2,0,0,1,1,0,0.8388234652712269,-0.08465245807842814
25,94,High,High,No,5,85,High,1,Medium,Medium,Neutral,2,No,College,Near,Female,74,2,2,0,1,0,1,0.8388234652712269,1.2144311371310161
8,96,Medium,Medium,Yes,8,100,High,1,High,Medium,Negative,4,No,High School,Moderate,Male,68,1,2,0,1,0,1,-1.9991731850028542,1.3876422831589421
20,98,Low,Medium,Yes,6,80,Low,4,Medium,Medium,Positive,4,No,College,Near,Male,72,0,0,0,1,0,1,0.0041185681317912485,1.5608534291868679
10,95,Medium,High,Yes,5,93,High,0,Low,High,Positive,3,No,High School,Moderate,Male,69,1,2,0,1,0,1,-1.66529122614708,1.3010367101449791
16,83,Low,Medium,Yes,8,92,Low,2,High,High,Positive,4,No,Postgraduate,Near,Female,98,0,0,0,1,0,1,-0.6636453495797573,0.26176983397742365
15,78,Medium,High,No,8,97,Medium,1,Medium,Medium,Neutral,4,No,Postgraduate,Near,Male,68,1,1,0,1,0,1,-0.8305863290076444,-0.1712580310923911
25,91,Medium,Low,No,7,86,Medium,0,Medium,Medium,Neutral,5,No,High School,Near,Female,70,1,1,0,1,0,1,0.8388234652712269,0.9546144180891273
21,90,Medium,Medium,No,8,61,Medium,1,High,Medium,Positive,4,No,Postgraduate,Moderate,Female,69,1,1,0,1,0,1,0.17105954755967837,0.8680088450751643
12,82,High,Low,No,6,65,Low,3,Medium,Medium,Negative,3,No,High School,Near,Female,64,2,0,1,0,0,1,-1.3314092672913058,0.17516426096346072
25,63,Medium,Low,No,6,89,High,1,Medium,High,Neutral,4,No,High School,Moderate,Male,65,1,2,1,0,0,1,0.8388234652712269,-1.4703416263018354
11,97,Medium,Medium,No,8,76,High,2,Medium,High,Positive,2,No,High School,Moderate,Female,69,1,2,0,1,0,1,-1.498350246719193,1.474247856172905
22,78,Medium,Low,No,9,63,High,2,Medium,High,Neutral,4,No,High School,Near,Male,67,1,2,0,1,0,1,0.3380005269875655,-0.1712580310923911
15,75,Medium,High,No,6,83,Low,1,High,Medium,Negative,2,No,High School,Near,Female,65,1,0,1,0,0,1,-0.8305863290076444,-0.4310747501342799
18,85,Medium,High,Yes,6,95,High,2,Low,Low,Positive,4,No,College,Near,Female,70,1,2,1,0,0,1,-0.329763390723983,0.43498098000534957
23,87,High,Low,No,8,68,Medium,0,High,High,Neutral,3,No,College,Far,Male,68,2,1,1,0,0,1,0.5049415064154527,0.6081921260332754
23,68,Medium,Medium,Yes,8,80,Medium,1,Medium,Low,Neutral,1,No,High School,Near,Female,65,1,1,0,1,0,1,0.5049415064154527,-1.0373137612320207
28,93,Medium,Medium,No,7,79,High,0,Medium,Medium,Positive,4,No,Postgraduate,Near,Male,74,1,2,0,1,0,1,1.3396464035548883,1.1278255641170531
20,72,Medium,Medium,Yes,9,56,Medium,4,High,Medium,Negative,2,No,High School,Near,Male,65,1,1,0,1,0,1,0.0041185681317912485,-0.6908914691761688
22,67,High,High,Yes,10,55,Medium,1,Low,Medium,Positive,2,No,High School,Moderate,Male,65,2,1,0,1,0,1,0.3380005269875655,-1.1239193342459837
17,76,High,Medium,Yes,8,94,Medium,3,Medium,Medium,Neutral,4,No,High School,Moderate,Female,68,2,1,0,1,0,1,-0.49670437015187013,-0.344469177120317
21,89,Medium,Medium,No,6,97,Medium,1,Low,Medium,Negative,3,No,Postgraduate,Far,Female,68,1,1,1,0,1,0,0.17105954755967837,0.7814032720612014
23,99,Medium,Medium,No,8,95,High,5,Medium,Medium,Neutral,4,No,High School,Moderate,Female,74,1,2,0,1,0,1,0.5049415064154527,1.6474590022008309
19,92,High,Medium,No,6,70,High,2,Medium,Medium,Negative,3,No,High School,Near,Female,71,2,2,1,0,0,1,-0.16282241129609587,1.0412199911030902
9,98,High,Medium,Yes,9,64,Medium,1,Low,Medium,Negative,3,No,High School,Near,Male,67,2,1,1,0,0,1,-1.8322322055749671,1.5608534291868679
22,66,Medium,Medium,Yes,6,97,Low,0,High,Low,Neutral,3,No,High School,Moderate,Female,64,1,0,0,1,0,1,0.3380005269875655,-1.2105249072599464
22,63,Low,Low,Yes,7,94,Medium,0,Medium,Medium,Negative,3,Yes,High School,Far,Male,61,0,1,0,1,0,1,0.3380005269875655,-1.4703416263018354
16,82,Medium,Medium,No,6,91,Medium,0,Low,Medium,Positive,3,No,High School,Near,Female,66,1,1,0,1,0,1,-0.6636453495797573,0.17516426096346072
12,72,Medium,Medium,No,7,67,Low,0,Low,Medium,Positive,2,No,High School,Near,Female,61,1,0,0,1,0,1,-1.3314092672913058,-0.6908914691761688
29,93,Medium,High,No,7,82,Medium,5,Low,Medium,Negative,3,No,High School,Moderate,Male,73,1,1,0,1,0,1,1.5065873829827754,1.1278255641170531
23,87,Low,Medium,No,8,88,High,2,Medium,High,Neutral,3,No,High School,Near,Male,70,0,2,0,1,0,1,0.5049415064154527,0.6081921260332754
19,99,Low,Medium,No,7,79,Medium,2,Low,Medium,Neutral,2,No,Postgraduate,Near,Male,70,0,1,1,0,0,1,-0.16282241129609587,1.6474590022008309
13,70,Medium,Low,Yes,7,80,High,1,High,Medium,Positive,4,No,College,Far,Female,63,1,2,0,1,0,1,-1.1644682878634187,-0.8641026152040947
15,79,High,Medium,Yes,6,88,Medium,3,High,Medium,Neutral,3,No,Postgraduate,Moderate,Male,69,2,1,0,1,0,1,-0.8305863290076444,-0.08465245807842814
28,80,High,High,No,7,88,Medium,2,High,Medium,Negative,2,No,High School,Near,Male,72,2,1,0,1,0,1,1.3396464035548883,0.0019531149355348125
21,70,Medium,High,Yes,5,62,Medium,2,Low,High,Neutral,2,No,High School,Near,Female,66,1,1,0,1,0,1,0.17105954755967837,-0.8641026152040947
17,84,High,High,No,9,70,Medium,1,High,Medium,Negative,4,No,High School,Near,Male,68,2,1,0,1,0,1,-0.49670437015187013,0.34837540699138664
23,78,Medium,High,No,7,89,Medium,1,Medium,Low,Neutral,3,No,High School,Far,Male,67,1,1,0,1,0,1,0.5049415064154527,-0.1712580310923911
15,78,Medium,High,Yes,9,63,Medium,2,Medium,Medium,Positive,3,No,Postgraduate,Far,Female,65,1,1,1,0,1,0,-0.8305863290076444,-0.1712580310923911
29,75,Low,Medium,Yes,7,96,Low,2,Low,Medium,Positive,3,No,High School,Moderate,Male,68,0,0,0,1,0,1,1.5065873829827754,-0.4310747501342799
28,61,High,Medium,Yes,4,92,Low,1,Medium,High,Neutral,4,No,College,Near,Female,68,2,0,1,0,0,1,1.3396464035548883,-1.6435527723297614
17,81,High,Medium,No,6,95,High,2,Medium,Medium,Positive,3,No,High School,Near,Male,69,2,2,1,0,0,1,-0.49670437015187013,0.08855868794949777
16,73,High,High,Yes,7,65,Low,1,Medium,Medium,Positive,4,No,College,Moderate,Male,66,2,0,1,0,0,1,-0.6636453495797573,-0.6042858961622058
4,60,Medium,Medium,Yes,7,55,Medium,2,Low,Medium,Neutral,2,No,Postgraduate,Near,Male,58,1,1,1,0,0,1,-2.6669371027144027,-1.7301583453437241
11,72,High,Low,No,8,55,High,0,Medium,Low,Neutral,3,Yes,College,Near,Male,60,2,2,0,1,0,1,-1.498350246719193,-0.6908914691761688
12,71,High,High,Yes,7,78,High,3,Low,Medium,Positive,4,No,College,Moderate,Female,67,2,2,0,1,0,1,-1.3314092672913058,-0.7774970421901317
21,76,Medium,Medium,Yes,6,65,Low,2,Low,High,Negative,2,No,High School,Near,Female,65,1,0,0,1,0,1,0.17105954755967837,-0.344469177120317
18,65,High,Medium,Yes,6,63,High,1,Low,Medium,Negative,2,No,High School,Far,Male,62,2,2,0,1,0,1,-0.329763390723983,-1.2971304802739094
12,80,Medium,High,Yes,6,61,Medium,0,High,High,Neutral,2,No,High School,Near,Male,65,1,1,1,0,0,1,-1.3314092672913058,0.0019531149355348125
18,88,High,High,No,8,78,Medium,0,Medium,Medium,Neutral,2,No,College,Moderate,Male,69,2,1,0,1,0,1,-0.329763390723983,0.6947976990472384
23,85,Low,High,No,8,77,Medium,0,High,Medium,Positive,4,No,College,Near,Male,70,0,1,0,1,0,1,0.5049415064154527,0.43498098000534957
23,92,Low,High,Yes,6,71,High,2,Low,Medium,Positive,2,No,High School,Moderate,Male,70,0,2,0,1,0,1,0.5049415064154527,1.0412199911030902
9,78,High,Medium,No,9,57,Low,1,Low,High,Positive,5,No,High School,Moderate,Female,63,2,0,0,1,0,1,-1.8322322055749671,-0.1712580310923911
19,81,Low,Medium,Yes,8,96,High,0,Medium,High,Neutral,4,No,Postgraduate,Near,Male,69,0,2,0,1,0,1,-0.16282241129609587,0.08855868794949777
12,92,Low,Medium,No,6,71,Low,0,Medium,High,Negative,4,No,High School,Near,Male,64,0,0,1,0,0,1,-1.3314092672913058,1.0412199911030902
25,77,Medium,High,No,7,56,Medium,1,Low,Medium,Positive,3,No,Postgraduate,Near,Male,69,1,1,0,1,0,1,0.8388234652712269,-0.25786360410635406
25,88,High,Medium,Yes,8,52,Low,1,Medium,Medium,Positive,2,No,High School,Near,Male,70,2,0,0,1,0,1,0.8388234652712269,0.6947976990472384
15,77,Medium,Medium,Yes,5,58,Medium,1,Low,Medium,Positive,3,No,College,Moderate,Female,64,1,1,0,1,0,1,-0.8305863290076444,-0.25786360410635406
15,77,High,Medium,Yes,5,65,Low,2,Low,Medium,Positive,4,Yes,Postgraduate,Near,Male,65,2,0,0,1,1,0,-0.8305863290076444,-0.25786360410635406
17,90,High,Medium,No,8,82,Medium,0,Medium,High,Neutral,4,No,College,Near,Male,70,2,1,0,1,0,1,-0.49670437015187013,0.8680088450751643
6,67,Medium,Low,Yes,6,99,Low,0,Medium,Medium,Neutral,2,No,College,Near,Male,60,1,0,1,0,0,1,-2.3330551438586284,-1.1239193342459837
22,74,Medium,High,Yes,9,64,High,3,Medium,Medium,Neutral,3,No,High School,Near,Female,68,1,2,0,1,0,1,0.3380005269875655,-0.5176803231482429
18,69,Low,Low,Yes,10,89,Low,2,Low,High,Neutral,1,Yes,High School,Moderate,Male,61,0,0,0,1,0,1,-0.329763390723983,-0.9507081882180577
26,74,Medium,Low,Yes,8,96,Medium,2,Medium,High,Neutral,3,No,High School,Near,Female,68,1,1,1,0,0,1,1.005764444699114,-0.5176803231482429
13,69,Medium,Low,No,8,70,Medium,1,High,High,Neutral,3,No,High School,Moderate,Male,61,1,1,1,0,0,1,-1.1644682878634187,-0.9507081882180577
16,83,Low,Medium,No,5,63,Low,2,High,Medium,Positive,3,Yes,High School,Moderate,Female,64,0,0,1,0,0,1,-0.6636453495797573,0.26176983397742365
11,92,Medium,Medium,No,5,75,Medium,2,Medium,Medium,Negative,3,No,High School,Near,Female,66,1,1,0,1,0,1,-1.498350246719193,1.0412199911030902
14,91,Medium,Medium,Yes,7,95,Medium,2,High,High,Positive,2,No,High School,Moderate,Male,70,1,1,0,1,0,1,-0.9975273084355315,0.9546144180891273
13,75,High,High,Yes,5,51,Medium,3,Medium,Medium,Negative,3,No,High School,Near,Female,65,2,1,1,0,0,1,-1.1644682878634187,-0.4310747501342799
26,100,Medium,High,Yes,7,74,High,1,Medium,Medium,Neutral,2,No,High School,Near,Female,74,1,2,0,1,0,1,1.005764444699114,1.7340645752147938
16,84,High,High,No,6,88,Low,1,Medium,Medium,Negative,1,Yes,High School,Near,Male,66,2,0,1,0,0,1,-0.6636453495797573,0.34837540699138664
21,76,Low,Medium,Yes,7,80,High,3,Low,Medium,Negative,2,Yes,College,Near,Male,65,0,2,0,1,0,1,0.17105954755967837,-0.344469177120317
18,93,Low,High,No,7,75,High,1,High,Medium,Positive,1,No,College,Moderate,Female,69,0,2,1,0,0,1,-0.329763390723983,1.1278255641170531
12,89,Medium,High,Yes,8,78,Low,4,Low,Medium,Neutral,5,No,Postgraduate,Near,Female,69,1,0,0,1,0,1,-1.3314092672913058,0.7814032720612014
19,90,Low,High,No,7,81,Medium,2,Medium,Medium,Positive,2,No,High School,Near,Female,69,0,1,1,0,0,1,-0.16282241129609587,0.8680088450751643
24,68,High,Low,No,6,84,Medium,1,Low,High,Positive,4,No,High School,Near,Female,66,2,1,0,1,0,1,0.6718824858433398,-1.0373137612320207
13,79,Medium,Low,No,5,68,Medium,2,High,Medium,Positive,3,No,High School,Near,Female,63,1,1,1,0,1,0,-1.1644682878634187,-0.08465245807842814
25,94,Medium,Low,Yes,7,76,Medium,1,Low,High,Neutral,2,Yes,High School,Moderate,Female,69,1,1,1,0,0,1,0.8388234652712269,1.2144311371310161
15,80,Medium,High,Yes,4,64,Medium,1,Medium,Medium,Neutral,1,No,High School,Near,Male,65,1,1,0,1,0,1,-0.8305863290076444,0.0019531149355348125
17,87,Medium,Medium,No,9,99,Medium,1,Medium,Low,Neutral,3,No,High School,Moderate,Male,67,1,1,1,0,0,1,-0.49670437015187013,0.6081921260332754
23,84,Medium,Medium,No,8,59,Low,1,Low,High,Positive,4,Yes,Postgraduate,Far,Female,66,1,0,0,1,0,1,0.5049415064154527,0.34837540699138664
16,94,Low,Medium,Yes,8,58,Medium,2,Low,Medium,Positive,3,Yes,College,Near,Male,67,0,1,0,1,0,1,-0.6636453495797573,1.2144311371310161
20,71,Low,High,Yes,6,63,High,1,Low,Medium,Positive,2,No,College,Moderate,Male,65,0,2,0,1,0,1,0.0041185681317912485,-0.7774970421901317
18,83,Medium,High,No,8,96,Low,0,Medium,High,Positive,4,Yes,Postgraduate,Near,Female,69,1,0,0,1,0,1,-0.329763390723983,0.26176983397742365
21,65,Low,High,No,6,83,Medium,3,Low,High,Neutral,5,No,High School,Near,Male,65,0,1,0,1,0,1,0.17105954755967837,-1.2971304802739094
6,88,High,High,Yes,7,73,Medium,3,Low,Medium,Neutral,3,No,College,Near,Male,67,2,1,1,0,0,1,-2.3330551438586284,0.6947976990472384
9,89,Medium,Medium,Yes,6,96,Medium,0,High,Low,Negative,4,No,High School,Near,Male,66,1,1,0,1,0,1,-1.8322322055749671,0.7814032720612014
24,62,Low,Medium,No,7,95,Medium,1,High,Low,Positive,3,No,College,Far,Female,64,0,1,0,1,0,1,0.6718824858433398,-1.5569471993157984
26,87,Medium,High,No,5,70,Low,1,Low,Medium,Positive,2,No,High School,Near,Female,70,1,0,1,0,0,1,1.005764444699114,0.6081921260332754
15,77,Medium,High,Yes,7,78,Medium,0,Low,High,Neutral,3,No,High School,Moderate,Male,65,1,1,0,1,0,1,-0.8305863290076444,-0.25786360410635406
19,65,Low,Medium,Yes,5,95,Medium,2,Medium,High,Neutral,4,No,College,Near,Male,65,0,1,1,0,0,1,-0.16282241129609587,-1.2971304802739094
22,77,Low,Low,No,10,66,Medium,2,Low,Medium,Positive,3,No,College,Moderate,Male,64,0,1,0,1,0,1,0.3380005269875655,-0.25786360410635406
24,68,Medium,Low,Yes,7,70,Low,1,Low,Low,Neutral,3,No,College,Near,Male,64,1,0,0,1,0,1,0.6718824858433398,-1.0373137612320207
8,77,Medium,Low,Yes,7,90,Low,1,Medium,Medium,Neutral,0,No,High School,Moderate,Male,61,1,0,0,1,0,1,-1.9991731850028542,-0.25786360410635406
15,75,High,Medium,No,8,85,Medium,1,Low,High,Neutral,3,No,High School,Near,Male,65,2,1,0,1,0,1,-0.8305863290076444,-0.4310747501342799
18,90,High,Medium,Yes,5,52,Low,5,Medium,Medium,Positive,3,Yes,High School,Moderate,Male,68,2,0,1,0,0,1,-0.329763390723983,0.8680088450751643
24,91,Low,High,Yes,6,56,Medium,1,Low,High,Positive,2,No,College,Moderate,Male,70,0,1,0,1,0,1,0.6718824858433398,0.9546144180891273
35,84,Low,Medium,Yes,8,92,High,6,Low,High,Negative,4,No,High School,Moderate,Male,74,0,2,0,1,0,1,2.508233259550098,0.34837540699138664
19,61,Medium,Medium,No,7,51,Low,1,Low,High,Neutral,1,No,High School,Near,Female,60,1,0,0,1,0,1,-0.16282241129609587,-1.6435527723297614
12,97,High,Low,Yes,6,96,Medium,2,Low,High,Positive,2,No,Postgraduate,Near,Female,71,2,1,0,1,0,1,-1.3314092672913058,1.474247856172905
22,87,High,High,Yes,8,64,Medium,2,Medium,High,Negative,3,No,High School,Moderate,Female,70,2,1,0,1,1,0,0.3380005269875655,0.6081921260332754
28,61,Low,Medium,Yes,7,80,Low,2,Medium,Medium,Positive,4,No,Postgraduate,Near,Female,67,0,0,0,1,0,1,1.3396464035548883,-1.6435527723297614
21,93,Medium,Medium,Yes,8,78,Medium,0,Low,Medium,Neutral,3,No,High School,Near,Male,68,1,1,1,0,1,0,0.17105954755967837,1.1278255641170531
15,68,High,Medium,No,8,70,Medium,3,Medium,High,Negative,3,No,High School,Near,Female,64,2,1,0,1,0,1,-0.8305863290076444,-1.0373137612320207
26,83,High,Low,No,6,52,Medium,0,Low,High,Negative,3,No,High School,Near,Male,67,2,1,0,1,0,1,1.005764444699114,0.26176983397742365
24,79,Low,Low,No,7,60,Low,0,Low,High,Neutral,3,No,Postgraduate,Near,Female,65,0,0,0,1,0,1,0.6718824858433398,-0.08465245807842814
14,77,Medium,Medium,Yes,4,81,Low,3,Medium,Medium,Neutral,3,No,College,Near,Female,66,1,0,1,0,0,1,-0.9975273084355315,-0.25786360410635406
22,96,Medium,Medium,Yes,6,72,Low,1,High,Medium,Positive,4,No,College,Near,Female,72,1,0,0,1,0,1,0.3380005269875655,1.3876422831589421
26,77,Low,Medium,Yes,7,71,High,3,High,Medium,Neutral,3,No,High School,Near,Female,69,0,2,0,1,0,1,1.005764444699114,-0.25786360410635406
27,63,Medium,Medium,Yes,8,55,Low,1,Medium,Medium,Neutral,3,No,Postgraduate,Near,Female,65,1,0,1,0,0,1,1.1727054241270012,-1.4703416263018354
20,98,Low,High,Yes,8,67,Medium,0,High,Medium,Positive,3,No,High School,Near,Female,71,0,1,0,1,0,1,0.0041185681317912485,1.5608534291868679
18,97,High,High,Yes,6,76,Medium,0,Medium,High,Neutral,5,No,High School,Moderate,Male,72,2,1,0,1,0,1,-0.329763390723983,1.474247856172905
27,87,High,Medium,No,6,54,Medium,0,Medium,Medium,Positive,2,No,High School,Near,Female,70,2,1,1,0,0,1,1.1727054241270012,0.6081921260332754
13,79,High,Medium,No,9,53,Medium,1,Medium,Medium,Positive,2,No,College,Moderate,Male,63,2,1,1,0,1,0,-1.1644682878634187,-0.08465245807842814
23,64,Medium,Medium,No,7,75,Medium,2,Medium,High,Positive,2,No,High School,Near,Female,66,1,1,0,1,0,1,0.5049415064154527,-1.3837360532878724
12,92,Low,Low,Yes,7,78,High,3,Medium,High,Negative,2,No,College,Near,Male,67,0,2,0,1,0,1,-1.3314092672913058,1.0412199911030902
26,63,Medium,High,No,8,63,Low,1,High,High,Neutral,3,No,Postgraduate,Near,Male,67,1,0,0,1,0,1,1.005764444699114,-1.4703416263018354
18,63,Medium,Medium,Yes,7,66,Low,2,Medium,Medium,Negative,2,No,College,Near,Female,62,1,0,1,0,0,1,-0.329763390723983,-1.4703416263018354
28,81,Medium,High,Yes,7,90,High,3,Medium,Medium,Negative,3,No,High School,Moderate,Male,72,1,2,1,0,0,1,1.3396464035548883,0.08855868794949777
23,66,Medium,High,Yes,7,93,High,1,High,High,Positive,1,No,High School,Near,Female,69,1,2,0,1,0,1,0.5049415064154527,-1.2105249072599464
13,60,Medium,Medium,Yes,6,66,Medium,1,Medium,High,Positive,5,Yes,College,Moderate,Male,61,1,1,0,1,0,1,-1.1644682878634187,-1.7301583453437241
29,77,Medium,Low,Yes,7,68,High,1,Medium,Medium,Positive,3,No,High School,Far,Female,67,1,2,0,1,0,1,1.5065873829827754,-0.25786360410635406
29,65,Low,Medium,Yes,4,92,Medium,0,Medium,Medium,Positive,4,No,High School,Near,Female,66,0,1,1,0,1,0,1.5065873829827754,-1.2971304802739094
25,66,Medium,Medium,Yes,6,99,Medium,2,Medium,Medium,Positive,3,No,College,Near,Female,68,1,1,0,1,0,1,0.8388234652712269,-1.2105249072599464
15,63,Medium,High,No,8,66,High,1,Low,Medium,Negative,4,No,College,Near,Male,62,1,2,1,0,0,1,-0.8305863290076444,-1.4703416263018354
18,68,High,Low,Yes,8,89,Medium,0,Medium,Low,Negative,3,No,College,Far,Male,63,2,1,0,1,0,1,-0.329763390723983,-1.0373137612320207
21,89,Medium,Medium,Yes,9,74,High,3,Low,Medium,Positive,4,No,High School,Moderate,Female,70,1,2,1,0,0,1,0.17105954755967837,0.7814032720612014
16,92,Low,High,Yes,8,63,Medium,2,Low,Medium,Neutral,4,No,College,Moderate,Male,68,0,1,0,1,0,1,-0.6636453495797573,1.0412199911030902
30,78,Medium,High,Yes,8,84,Medium,1,High,Low,Negative,1,No,College,Near,Male,71,1,1,1,0,0,1,1.6735283624106625,-0.1712580310923911
21,80,High,Low,No,7,73,Medium,0,Medium,Low,Neutral,2,No,High School,Moderate,Female,65,2,1,1,0,0,1,0.17105954755967837,0.0019531149355348125
4,61,Low,High,Yes,6,63,Medium,4,Medium,Medium,Neutral,3,No,High School,Moderate,Male,59,0,1,0,1,0,1,-2.6669371027144027,-1.6435527723297614
22,63,High,Low,Yes,8,55,Medium,2,Medium,Medium,Neutral,4,No,High School,Near,Male,64,2,1,1,0,0,1,0.3380005269875655,-1.4703416263018354
18,70,Medium,High,No,7,93,Medium,0,Medium,High,Positive,3,No,College,Near,Male,67,1,1,0,1,0,1,-0.329763390723983,-0.8641026152040947
20,82,Medium,Medium,No,6,94,Medium,3,Low,Medium,Positive,2,No,High School,Near,Male,68,1,1,1,0,0,1,0.0041185681317912485,0.17516426096346072
18,90,High,High,Yes,6,54,Low,1,Medium,High,Negative,3,No,High School,Near,Female,95,2,0,0,1,0,1,-0.329763390723983,0.8680088450751643
25,84,Medium,Medium,Yes,7,83,High,1,Low,Medium,Positive,3,No,High School,Moderate,Male,70,1,2,0,1,0,1,0.8388234652712269,0.34837540699138664
27,76,Medium,Medium,No,9,58,Medium,1,Medium,Medium,Positive,3,No,College,Near,Female,68,1,1,0,1,0,1,1.1727054241270012,-0.344469177120317
22,65,Low,Medium,No,7,82,Medium,2,Medium,High,Positive,4,Yes,College,Near,Male,65,0,1,0,1,0,1,0.3380005269875655,-1.2971304802739094
18,91,Low,Medium,No,7,95,Medium,2,Low,High,Positive,2,No,Postgraduate,Near,Male,70,0,1,0,1,0,1,-0.329763390723983,0.9546144180891273
20,75,Medium,Medium,No,8,63,Medium,4,Medium,Low,Neutral,3,No,Postgraduate,Near,Male,67,1,1,0,1,0,1,0.0041185681317912485,-0.4310747501342799
20,89,Medium,High,No,8,67,Medium,2,Low,High,Neutral,2,Yes,College,Near,Male,69,1,1,0,1,0,1,0.0041185681317912485,0.7814032720612014
15,81,Medium,High,Yes,7,90,High,1,Low,Medium,Positive,2,No,Postgraduate,Far,Female,68,1,2,1,0,0,1,-0.8305863290076444,0.08855868794949777
23,90,High,High,No,7,87,High,1,Low,Medium,Neutral,2,No,High School,Near,Female,72,2,2,0,1,0,1,0.5049415064154527,0.8680088450751643
23,96,Medium,High,No,6,70,Medium,1,Medium,Medium,Neutral,2,No,High School,Near,Male,71,1,1,0,1,0,1,0.5049415064154527,1.3876422831589421
29,97,Medium,High,Yes,9,92,Medium,2,Low,Medium,Positive,4,No,High School,Moderate,Female,75,1,1,0,1,0,1,1.5065873829827754,1.474247856172905
28,81,Medium,High,No,6,96,Medium,0,Medium,Medium,Neutral,2,No,High School,Near,Male,70,1,1,0,1,0,1,1.3396464035548883,0.08855868794949777
16,80,Medium,Medium,No,9,73,Medium,2,Medium,Medium,Negative,4,No,College,Near,Male,66,1,1,1,0,0,1,-0.6636453495797573,0.0019531149355348125
25,71,Medium,High,Yes,7,52,High,3,Low,Medium,Neutral,3,No,High School,Near,Male,67,1,2,1,0,0,1,0.8388234652712269,-0.7774970421901317
14,97,Medium,Medium,Yes,7,75,High,1,Medium,Medium,Positive,4,No,College,Near,Female,70,1,2,0,1,0,1,-0.9975273084355315,1.474247856172905
24,78,High,High,Yes,8,87,Medium,2,Medium,Medium,Neutral,3,No,High School,Near,Male,71,2,1,0,1,0,1,0.6718824858433398,-0.1712580310923911
17,65,Medium,Medium,No,6,61,Medium,5,Low,Medium,Positive,4,No,High School,Near,Female,64,1,1,0,1,0,1,-0.49670437015187013,-1.2971304802739094
14,77,Medium,Medium,No,8,55,High,2,High,High,Neutral,4,No,High School,Near,Male,65,1,2,1,0,0,1,-0.9975273084355315,-0.25786360410635406
22,65,Medium,Medium,Yes,7,64,High,1,Medium,High,Negative,2,No,High School,Moderate,Male,64,1,2,1,0,0,1,0.3380005269875655,-1.2971304802739094
4,80,Low,Medium,Yes,8,51,Medium,4,Medium,High,Negative,5,No,High School,Near,Male,62,0,1,0,1,0,1,-2.6669371027144027,0.0019531149355348125
9,82,High,Low,Yes,6,86,Medium,2,Low,High,Negative,2,No,College,Far,Female,64,2,1,1,0,0,1,-1.8322322055749671,0.17516426096346072
19,74,Medium,High,Yes,6,57,High,1,Medium,Medium,Positive,2,No,High School,Near,Female,66,1,2,1,0,0,1,-0.16282241129609587,-0.5176803231482429
20,63,Medium,Medium,Yes,4,86,Low,0,High,Medium,Neutral,3,No,College,Near,Male,64,1,0,0,1,0,1,0.0041185681317912485,-1.4703416263018354
18,98,High,Medium,Yes,6,62,Low,3,Medium,High,Positive,3,No,High School,Far,Female,71,2,0,0,1,0,1,-0.329763390723983,1.5608534291868679
11,91,High,Low,Yes,6,100,Low,4,Low,Medium,Negative,2,No,Postgraduate,Near,Male,68,2,0,0,1,0,1,-1.498350246719193,0.9546144180891273
15,94,Medium,Medium,Yes,6,77,Low,3,High,High,Neutral,4,No,College,Near,Female,70,1,0,1,0,0,1,-0.8305863290076444,1.2144311371310161
22,75,High,Medium,No,7,52,High,0,Low,Medium,Neutral,3,No,College,Near,Female,66,2,2,1,0,0,1,0.3380005269875655,-0.4310747501342799
23,90,Medium,Medium,No,7,89,Low,2,High,Medium,Positive,4,No,College,Moderate,Female,71,1,0,0,1,0,1,0.5049415064154527,0.8680088450751643
20,79,Medium,Medium,Yes,8,71,Medium,1,Medium,High,Neutral,3,No,College,Near,Female,68,1,1,0,1,0,1,0.0041185681317912485,-0.08465245807842814
27,68,Low,Low,Yes,8,80,High,3,Medium,Medium,Positive,4,Yes,High School,Near,Male,66,0,2,0,1,0,1,1.1727054241270012,-1.0373137612320207
22,65,Low,Medium,No,8,98,High,4,Medium,Medium,Neutral,3,No,High School,Near,Female,66,0,2,1,0,0,1,0.3380005269875655,-1.2971304802739094
16,74,Low,High,No,8,76,Medium,5,Low,Medium,Negative,3,No,College,Moderate,Male,65,0,1,0,1,0,1,-0.6636453495797573,-0.5176803231482429
18,66,Medium,Medium,Yes,7,90,Medium,0,Medium,Medium,Negative,4,No,Postgraduate,Near,Male,64,1,1,0,1,0,1,-0.329763390723983,-1.2105249072599464
12,100,Low,Medium,Yes,7,65,Medium,1,Low,Medium,Positive,2,No,High School,Near,Male,67,0,1,1,0,0,1,-1.3314092672913058,1.7340645752147938
19,62,Medium,Medium,Yes,8,86,Low,1,High,Medium,Positive,3,No,College,Near,Male,65,1,0,0,1,0,1,-0.16282241129609587,-1.5569471993157984
27,78,Medium,Medium,Yes,8,55,Low,3,High,Medium,Neutral,2,No,Postgraduate,Moderate,Male,69,1,0,0,1,0,1,1.1727054241270012,-0.1712580310923911
24,78,High,Medium,Yes,5,95,Low,1,Low,Medium,Positive,2,No,College,Near,Male,69,2,0,1,0,0,1,0.6718824858433398,-0.1712580310923911
28,72,Low,Medium,Yes,7,60,Medium,4,High,Medium,Neutral,3,No,Postgraduate,Near,Male,69,0,1,0,1,0,1,1.3396464035548883,-0.6908914691761688
18,83,Medium,High,No,4,65,Low,3,Low,Medium,Positive,4,No,College,Moderate,Male,68,1,0,0,1,0,1,-0.329763390723983,0.26176983397742365
28,66,Medium,Low,Yes,4,98,Medium,0,Medium,High,Positive,3,No,High School,Near,Female,67,1,1,0,1,0,1,1.3396464035548883,-1.2105249072599464
19,91,Medium,Low,No,6,58,High,2,Low,High,Positive,3,No,College,Moderate,Male,68,1,2,0,1,0,1,-0.16282241129609587,0.9546144180891273
29,73,Low,Low,Yes,7,63,Medium,1,Low,Medium,Negative,4,No,Postgraduate,Far,Female,65,0,1,0,1,0,1,1.5065873829827754,-0.6042858961622058
20,84,High,Medium,Yes,6,79,Medium,3,Medium,Medium,Negative,3,No,College,Moderate,Male,69,2,1,0,1,0,1,0.0041185681317912485,0.34837540699138664
24,89,Medium,Low,No,4,99,High,1,High,High,Positive,3,No,Postgraduate,Near,Male,73,1,2,1,0,0,1,0.6718824858433398,0.7814032720612014
29,96,High,Medium,No,8,85,Low,3,High,Medium,Neutral,3,No,Postgraduate,Near,Male,76,2,0,0,1,0,1,1.5065873829827754,1.3876422831589421
19,93,Medium,High,Yes,6,56,Medium,0,Low,High,Negative,3,No,College,Near,Male,69,1,1,1,0,0,1,-0.16282241129609587,1.1278255641170531
21,84,High,Low,Yes,8,87,Low,2,High,Medium,Positive,1,No,Postgraduate,Far,Female,69,2,0,0,1,0,1,0.17105954755967837,0.34837540699138664
28,76,Medium,Medium,Yes,6,71,Medium,3,Low,Medium,Positive,2,No,High School,Far,Female,68,1,1,1,0,0,1,1.3396464035548883,-0.344469177120317
19,80,High,High,Yes,6,100,Medium,1,Medium,Medium,Positive,3,No,High School,Near,Male,70,2,1,0,1,0,1,-0.16282241129609587,0.0019531149355348125
12,91,Medium,Low,Yes,8,81,Low,0,Low,Low,Positive,4,No,High School,Moderate,Male,64,1,0,0,1,0,1,-1.3314092672913058,0.9546144180891273
33,95,Low,Low,Yes,6,77,Low,2,High,High,Positive,3,No,High School,Moderate,Female,73,0,0,1,0,0,1,2.174351300694324,1.3010367101449791
17,64,Medium,Medium,Yes,7,78,High,1,Medium,Medium,Positive,3,No,High School,Near,Male,64,1,2,0,1,0,1,-0.49670437015187013,-1.3837360532878724
21,75,Medium,Low,Yes,7,82,Medium,1,Medium,Medium,Negative,4,No,High School,Near,Male,65,1,1,0,1,0,1,0.17105954755967837,-0.4310747501342799
27,91,Low,High,No,5,87,Medium,0,Medium,Medium,Negative,3,No,High School,Near,Female,69,0,1,0,1,1,0,1.1727054241270012,0.9546144180891273
16,77,Medium,Low,Yes,8,54,Medium,0,Medium,Medium,Negative,3,No,Postgraduate,Near,Male,62,1,1,0,1,1,0,-0.6636453495797573,-0.25786360410635406
14,73,High,Medium,Yes,6,57,High,2,Medium,Medium,Neutral,4,No,High School,Moderate,Female,64,2,2,0,1,0,1,-0.9975273084355315,-0.6042858961622058
22,76,Low,High,No,5,65,Low,0,Medium,High,Neutral,3,No,High School,Far,Female,64,0,0,0,1,0,1,0.3380005269875655,-0.344469177120317
9,84,Medium,Medium,No,6,74,Medium,5,High,Medium,Neutral,2,No,High School,Near,Male,67,1,1,0,1,0,1,-1.8322322055749671,0.34837540699138664
18,100,Medium,Low,Yes,8,66,High,3,Low,Medium,Negative,3,No,College,Near,Male,69,1,2,0,1,1,0,-0.329763390723983,1.7340645752147938
21,80,Medium,Low,Yes,5,61,Medium,2,High,Medium,Positive,3,No,High School,Near,Male,67,1,1,0,1,0,1,0.17105954755967837,0.0019531149355348125
18,68,Low,High,No,8,96,Medium,1,High,Medium,Neutral,3,No,High School,Moderate,Male,65,0,1,0,1,0,1,-0.329763390723983,-1.0373137612320207
11,67,Medium,High,No,8,52,High,3,High,High,Negative,3,No,College,Moderate,Female,63,1,2,0,1,0,1,-1.498350246719193,-1.1239193342459837
30,62,Low,Low,Yes,7,97,Medium,0,High,Medium,Neutral,5,No,College,Near,Female,66,0,1,1,0,0,1,1.6735283624106625,-1.5569471993157984
21,82,Medium,High,No,7,95,High,1,High,Medium,Negative,3,No,High School,Near,Male,70,1,2,0,1,0,1,0.17105954755967837,0.17516426096346072
29,82,Medium,High,No,7,84,Low,1,Low,Medium,Positive,2,No,High School,Near,Male,70,1,0,1,0,0,1,1.5065873829827754,0.17516426096346072
18,68,High,High,Yes,8,52,High,0,High,High,Positive,3,No,College,Near,Male,67,2,2,0,1,0,1,-0.329763390723983,-1.0373137612320207
15,88,Low,Medium,Yes,6,61,Medium,0,High,Medium,Neutral,4,Yes,Postgraduate,Far,Male,65,0,1,0,1,0,1,-0.8305863290076444,0.6947976990472384
22,90,Low,High,No,5,99,Medium,1,Low,Low,Positive,2,No,College,Near,Female,70,0,1,1,0,0,1,0.3380005269875655,0.8680088450751643
19,70,Medium,Medium,Yes,7,95,High,0,Medium,High,Positive,3,No,College,Near,Female,66,1,2,1,0,1,0,-0.16282241129609587,-0.8641026152040947
13,74,Medium,High,Yes,8,98,High,1,High,High,Negative,2,No,High School,Near,Male,66,1,2,0,1,0,1,-1.1644682878634187,-0.5176803231482429
29,100,Medium,Low,Yes,8,100,Low,0,Low,Medium,Neutral,5,Yes,High School,Near,Male,72,1,0,1,0,0,1,1.5065873829827754,1.7340645752147938
16,75,High,Low,Yes,10,53,High,0,Low,Low,Positive,4,No,College,Near,Female,64,2,2,0,1,0,1,-0.6636453495797573,-0.4310747501342799
9,90,High,High,Yes,7,79,Low,4,High,High,Positive,4,No,High School,Near,Male,70,2,0,0,1,0,1,-1.8322322055749671,0.8680088450751643
28,78,Medium,High,No,7,92,Low,1,Medium,High,Positive,3,No,Postgraduate,Moderate,Female,71,1,0,0,1,0,1,1.3396464035548883,-0.1712580310923911
17,92,Medium,Medium,No,7,66,Low,2,Low,Medium,Negative,3,No,High School,Near,Male,66,1,0,0,1,0,1,-0.49670437015187013,1.0412199911030902
16,91,High,Medium,Yes,6,72,High,0,High,High,Negative,2,No,Postgraduate,Near,Female,70,2,2,0,1,0,1,-0.6636453495797573,0.9546144180891273
9,87,Low,Medium,Yes,6,64,Medium,1,High,Medium,Neutral,2,No,High School,Near,Female,64,0,1,0,1,0,1,-1.8322322055749671,0.6081921260332754
30,94,Medium,Low,No,5,52,Low,3,High,Medium,Neutral,2,No,Postgraduate,Moderate,Female,70,1,0,1,0,1,0,1.6735283624106625,1.2144311371310161
12,98,Medium,Low,Yes,4,54,Medium,2,Medium,High,Neutral,3,No,High School,Near,Female,67,1,1,1,0,0,1,-1.3314092672913058,1.5608534291868679
20,83,Medium,Low,No,6,51,Low,2,Medium,Medium,Neutral,4,No,High School,Moderate,Female,65,1,0,0,1,0,1,0.0041185681317912485,0.26176983397742365
25,69,High,Medium,No,7,76,Medium,1,High,Medium,Positive,2,No,High School,Near,Female,68,2,1,0,1,0,1,0.8388234652712269,-0.9507081882180577
23,76,High,Medium,No,8,81,Medium,3,Low,High,Positive,2,No,High School,Near,Female,69,2,1,0,1,0,1,0.5049415064154527,-0.344469177120317
20,90,Medium,Low,Yes,6,65,Low,3,Low,Medium,Negative,2,No,Postgraduate,Near,Female,68,1,0,0,1,0,1,0.0041185681317912485,0.8680088450751643
10,86,High,High,Yes,6,91,High,2,Low,Medium,Positive,3,No,High School,Far,Female,68,2,2,1,0,0,1,-1.66529122614708,0.5215865530193126
15,67,Medium,Low,Yes,9,94,Medium,0,Medium,Medium,Positive,4,No,Postgraduate,Near,Male,64,1,1,0,1,0,1,-0.8305863290076444,-1.1239193342459837
